Date,Open,High,Low,Close,Volume,MA7,MA30
2000-11-21,265.7000122,265.7000122,265.7000122,265.7000122,0,265.39999825714284,267.10666504
2000-11-22,266.2999878,266.2999878,266.2999878,266.2999878,0,265.6857125428572,266.9666646333333
2000-11-27,270.1000061,270.1000061,270.1000061,270.1000061,0,266.42857142857144,266.75666504000003
2000-11-28,269.7999878,269.7999878,269.7999878,269.7999878,28696,267.0999973857143,266.66999817
2000-11-29,269.6000061,270.1000061,265.7999878,266.3999939,2849,267.1857125428572,266.4999979666667
2000-11-30,266.3999939,270.2000122,266.2000122,270.1000061,810,267.8142831,266.4666646333333
2000-12-01,269.7000122,272.0,268.5,268.7000122,332,268.15714372857144,266.41333211333335
2000-12-04,271.0,272.0,270.0,270.7000122,137,268.87142944285716,266.4333323166667
2000-12-05,270.8999939,271.0,269.8999939,270.3999939,407,269.4571446,266.40666504
2000-12-06,271.0,274.2999878,270.6000061,274.2999878,81,270.0571419857143,266.54666443
2000-12-07,274.2999878,276.0,272.6000061,273.2000122,36,270.5428597571428,266.64999796666666
2000-12-08,272.7000122,273.0,272.2000122,272.2000122,120,271.3714338,266.84999796666665
2000-12-11,270.7000122,270.7000122,269.2000122,270.2000122,15,271.3857203857143,267.0266652433333
2000-12-12,270.2999878,270.2999878,269.5,270.2999878,62,271.61428832857143,267.22333170666667
2000-12-13,270.0,270.0,268.1000061,268.6000061,30,271.3142874571428,267.36666565
2000-12-14,268.6000061,269.0,268.0,269.0,31,271.11428832857143,267.50333252
2000-12-15,269.2000122,270.3999939,269.2000122,270.3999939,63,270.55714634285715,267.71999918666666
2000-12-18,270.0,270.0,269.7000122,269.7000122,17,270.05714634285715,267.8966664633333
2000-12-19,269.7000122,269.7000122,269.0,269.7000122,203,269.70000348571426,268.06666666666666
2000-12-20,272.5,272.5,272.0,272.5,5,270.02857317142855,268.3333333333333
2000-12-21,273.0,273.7000122,273.0,273.7000122,110,270.51429094285714,268.64666748
2000-12-22,273.7000122,274.0,273.7000122,273.7000122,13,271.24286324285714,268.93666788666667
2000-12-26,273.2000122,274.7999878,273.2000122,274.1000061,0,271.97143554285714,269.21333516333334
2000-12-27,274.5,275.2000122,274.5,275.2000122,1,272.6571524428571,269.57000223666665
2000-12-28,273.2000122,273.2000122,271.7000122,271.7000122,1,272.9428667285714,269.8166697166667
2000-12-29,272.0,272.0,272.0,272.0,0,273.2714364142857,270.05333658666666
2001-01-02,268.3999939,268.3999939,268.3999939,268.3999939,0,272.68572125714286,270.16333618
2001-01-03,268.0,268.0,268.0,268.0,1,271.87143380000003,270.23666992
2001-01-04,267.2999878,267.2999878,267.2999878,267.2999878,1,270.9571446,270.29000243999997
2001-01-05,268.0,268.0,268.0,268.0,0,270.08571515714283,270.3466695133333
2001-01-08,268.0,268.0,268.0,268.0,0,269.0571419857143,270.42333577333335
2001-01-09,267.5,267.5,267.5,267.5,0,268.4571402428572,270.46333618
2001-01-10,264.7000122,264.7000122,264.7000122,264.7000122,0,267.41428484285717,270.28333638333334
2001-01-11,264.0,264.0,264.0,264.0,0,266.7857142857143,270.0900034566667
2001-01-12,263.8999939,263.8999939,263.8999939,263.8999939,0,266.19999912857145,270.0066701233333
2001-01-16,263.2999878,263.2999878,263.2999878,263.2999878,0,265.62857055714284,269.78000284666666
2001-01-17,263.2000122,263.2000122,263.2000122,263.2000122,0,264.9428580142857,269.5966695133333
2001-01-18,264.2000122,264.2000122,264.2000122,264.2000122,0,264.4000026142857,269.3800028466667
2001-01-19,264.2999878,264.2999878,264.2999878,264.2999878,0,263.9428580142857,269.17666931
2001-01-22,266.3999939,266.3999939,266.3999939,266.3999939,0,264.1857125428572,268.91333618
2001-01-23,266.1000061,266.1000061,266.1000061,266.1000061,0,264.4857134142857,268.67666931
2001-01-24,264.2999878,264.2999878,264.2999878,264.2999878,0,264.5428554,268.41333516333333
2001-01-25,264.5,264.5,264.5,264.5,0,264.7142857142857,268.2233347566667
2001-01-26,262.7999878,262.7999878,262.7999878,262.7999878,0,264.65713937142857,267.9733347566667
2001-01-29,262.7999878,262.7999878,262.7999878,262.7999878,15489,264.4571358857143,267.78000081333334
2001-01-30,262.8999939,266.6000061,262.8999939,265.5,1754,264.62856619999997,267.66333414666667
2001-01-31,265.2000122,266.0,263.7000122,265.6000061,566,264.5142822285714,267.50333455333333
2001-02-01,266.2999878,268.8999939,266.2999878,268.5,410,264.85713849999996,267.4633341466667
2001-02-02,268.0,268.2000122,266.5,267.1000061,107,265.2571411142857,267.3766672766667
2001-02-05,265.1000061,265.7999878,265.1000061,265.2000122,192,265.35714285714283,267.13333435
2001-02-06,263.8999939,263.8999939,261.7999878,263.2999878,25,265.4285714285714,266.78666687000003
2001-02-07,262.7999878,263.5,262.3999939,262.7999878,166,265.42857142857144,266.4233327233333
2001-02-08,263.5,263.5,259.7999878,260.1000061,13,264.65714372857144,265.9566660566667
2001-02-09,260.5,260.5,259.0,259.8999939,0,263.84285627142856,265.44666544666666
2001-02-12,262.5,262.5,260.1000061,260.7000122,17,262.7285723,265.07999878
2001-02-13,261.0,261.0,261.0,260.2999878,0,261.75714111428573,264.68999837333337
2001-02-14,260.0,260.0,259.3999939,259.3999939,30,260.9285670714286,264.38999837333336
2001-02-15,259.5,259.5,255.1000061,255.1000061,23,259.75714111428573,263.9599985766667
2001-02-16,255.0,258.5,255.0,258.2000122,2,259.10000174285716,263.65666605666667
2001-02-20,256.1000061,256.1000061,255.0,256.1000061,24,258.52857317142855,263.25999959333336
2001-02-21,256.7000122,258.2000122,256.6000061,258.2000122,40,258.28571864285715,262.93333333333334
2001-02-22,258.5,258.5,257.5,258.5,16,257.9714311857143,262.6333333333333
2001-02-23,260.0,260.8999939,259.6000061,260.8999939,0,258.05714634285715,262.5066660566667
2001-02-26,262.0,265.7999878,261.5,265.7999878,1,258.97143118571427,262.56666565
2001-02-27,267.0,267.3999939,267.0,267.3999939,0,260.7285723,262.6833323166667
2001-02-28,266.7999878,266.7999878,266.7999878,266.7999878,0,261.9571402428572,262.7999989833333
2001-03-01,265.2000122,265.2000122,265.2000122,265.2000122,0,263.25714111428573,262.86666565
2001-03-02,262.1000061,262.1000061,262.1000061,262.1000061,0,263.8142831,262.7966654466667
2001-03-05,262.5,262.5,262.5,262.5,11,264.38571167142857,262.73666585333336
2001-03-06,260.0,260.0,259.8999939,259.8999939,20,264.24285452857146,262.51999918666667
2001-03-07,259.0,261.3999939,259.0,261.3999939,0,263.61428397142856,262.36333211333334
2001-03-08,265.3999939,265.3999939,265.3999939,265.3999939,0,263.3285696857143,262.3999989833333
2001-03-09,270.7999878,270.7999878,270.7999878,270.7999878,0,263.89999825714284,262.60999857666667
2001-03-12,271.6000061,271.6000061,271.6000061,271.6000061,8,264.8142831,262.90333252
2001-03-13,266.7999878,266.7999878,266.7999878,266.7999878,0,265.48570905714286,263.0366658533333
2001-03-14,262.5,262.5,262.5,262.5,0,265.48570905714286,262.93666585333335
2001-03-15,260.0,260.0,260.0,260.0,2,265.4999956428572,262.74999898333334
2001-03-16,257.0,258.1000061,257.0,258.1000061,0,265.02856881428573,262.40333252
2001-03-19,259.7999878,259.7999878,259.7999878,259.7999878,0,264.2285679428572,262.1599985766667
2001-03-20,260.5,260.5,260.5,260.5,0,262.75714111428573,262.0033315033333
2001-03-21,261.8999939,261.8999939,261.8999939,261.8999939,0,261.3714250857143,261.95666503999996
2001-03-22,261.1000061,261.1000061,261.1000061,261.1000061,1,260.5571419857143,261.8999989833333
2001-03-23,261.5,261.5,261.5,261.5,0,260.41428484285717,261.94666544666666
2001-03-26,261.8999939,261.8999939,261.8999939,261.8999939,0,260.6857125428572,262.0133321133333
2001-03-27,261.0,261.0,261.0,261.0,0,261.0999973857143,262.0233317066666
2001-03-28,259.7000122,259.7000122,259.7000122,259.7000122,22994,261.08571515714283,262.00333252
2001-03-29,259.7000122,260.3999939,258.2000122,258.7999878,5646,260.84285627142856,261.98333231666663
2001-03-30,258.7999878,259.2999878,256.6000061,257.8999939,2479,260.2714277,262.0766652433333
2001-04-02,257.2000122,257.7999878,255.0,255.6000061,456,259.4857134142857,261.9899983733333
2001-04-03,255.5,258.6000061,255.5,256.7999878,326,258.8142831,262.01333109666666
2001-04-04,258.2999878,260.5,258.0,258.3999939,175,258.3142831,262.01999715333335
2001-04-05,259.1000061,259.1000061,257.7000122,258.1000061,150,257.89999825714284,262.0066640233333
2001-04-06,259.5,260.2000122,257.7999878,260.0,86,257.94285365714285,261.9766642266666
2001-04-09,260.5,260.5,258.0,258.2999878,28,257.8714250857143,261.7266642266666
2001-04-10,258.2999878,258.2999878,256.6000061,257.2999878,31,257.7857099285714,261.38999735666664
2001-04-11,257.7000122,260.0,256.5,258.7000122,95,258.2285679428571,261.11999817
2001-04-12,260.1000061,261.0,259.0,260.1000061,20,258.69999912857145,260.9499979666667
2001-04-16,260.5,263.7999878,260.2999878,263.2999878,71,259.39999825714284,260.98999735666666
2001-04-17,260.5,262.3999939,260.5,261.1000061,38,259.8285696857143,260.9433308933333
2001-04-18,260.0,262.2999878,259.5,261.2999878,0,260.01428222857146,260.98999735666666
2001-04-19,263.0,265.2999878,262.2999878,265.2999878,101,261.01428222857146,261.1199971533333
2001-04-20,264.7000122,265.0,263.5,264.7999878,16,262.08571079999996,261.09999695
2001-04-23,263.6000061,263.7000122,262.6000061,263.7000122,69,262.79999651428574,260.8633310966667
2001-04-24,265.0,265.0,264.0,264.1000061,64,263.3714250857143,260.6133310966667
2001-04-25,263.5,264.3999939,262.0,262.3999939,0,263.24285452857146,260.4666646333333
2001-04-26,264.3999939,264.3999939,263.5,264.3999939,1,263.71428135714285,260.5299977633333
2001-04-27,263.8999939,263.8999939,263.8999939,263.8999939,6,264.0857108,260.65999755999997
2001-04-30,264.0,264.0,264.0,264.0,0,263.89999825714284,260.85666402333334
2001-05-01,264.3999939,264.3999939,264.3999939,264.3999939,0,263.84285627142856,261.00999756
2001-05-02,265.3999939,265.3999939,265.3999939,265.3999939,0,264.0857108,261.17333069
2001-05-03,266.2999878,266.2999878,266.2999878,266.2999878,0,264.3999939,261.31999715333336
2001-05-04,266.1000061,266.1000061,266.1000061,266.1000061,0,264.9285670714286,261.48666382
2001-05-07,266.1000061,266.1000061,266.1000061,266.1000061,0,265.17142595714284,261.63999735666664
2001-05-08,265.1000061,265.1000061,265.1000061,265.1000061,0,265.34285627142856,261.74666443
2001-05-09,270.0,270.0,270.0,270.0,0,266.19999912857145,262.04666443
2001-05-10,269.1000061,269.1000061,269.1000061,269.1000061,0,266.87142944285716,262.35999756
2001-05-11,267.8999939,267.8999939,267.8999939,267.8999939,0,267.2285723,262.6633310966667
2001-05-14,268.2999878,268.2999878,268.2999878,268.2999878,0,267.5142865857143,263.00999756
2001-05-15,268.1000061,268.1000061,268.1000061,268.1000061,0,267.80000087142855,263.4266642266667
2001-05-16,272.0,272.0,272.0,272.0,0,268.64285714285717,263.9333313
2001-05-17,273.6000061,273.6000061,273.6000061,273.6000061,0,269.85714285714283,264.43999837333337
2001-05-18,287.3999939,287.3999939,287.3999939,287.3999939,0,272.34285627142856,265.41666463333337
2001-05-21,285.3999939,285.3999939,285.3999939,285.3999939,0,274.67142595714284,266.26333109666666
2001-05-22,285.1000061,285.1000061,285.1000061,285.1000061,0,277.12857055714284,267.15666504
2001-05-23,283.6000061,283.6000061,283.6000061,283.6000061,6,279.3142874571428,268.0333323166667
2001-05-24,279.1000061,279.1000061,279.1000061,279.1000061,6,280.88571602857144,268.71333211333337
2001-05-25,277.8999939,277.8999939,277.8999939,277.8999939,0,281.7285723,269.30666504
2001-05-29,273.7999878,273.7999878,273.7999878,273.7999878,28775,281.75714111428573,269.65666503999995
2001-05-30,274.3999939,275.0,264.2000122,265.7000122,2955,278.65714372857144,269.80999857666666
2001-05-31,265.1000061,268.1000061,264.7999878,265.2999878,1108,275.7857142857143,269.94333191
2001-06-01,264.7000122,266.8999939,264.5,266.3999939,251,273.11428397142856,269.97999878
2001-06-04,266.8999939,266.8999939,264.5,264.8999939,122,270.44285365714285,269.98333231666663
2001-06-05,265.0,265.8999939,264.5,265.7000122,126,268.52856881428573,270.04999898333335
2001-06-06,266.7000122,267.0,265.2000122,265.7000122,112,266.7857142857143,270.10333252
2001-06-07,266.2999878,266.5,265.0,266.0,119,265.6714303142857,270.22333272333333
2001-06-08,266.2000122,274.2000122,266.2000122,273.3999939,166,266.7714277,270.52333272333334
2001-06-11,271.1000061,271.2000122,266.5,267.8999939,131,267.14285714285717,270.65666605666667
2001-06-12,270.0,271.5,269.0,271.5,91,267.87142944285716,270.90666605666667
2001-06-13,271.8999939,272.5,270.0,272.0,38,268.88571602857144,271.15999959333334
2001-06-14,272.0,276.0,272.0,275.2999878,76,270.25714111428573,271.48999939
2001-06-15,274.2999878,274.7000122,271.2000122,271.2000122,20,271.0428554,271.6533335366667
2001-06-18,272.0,272.5,271.2999878,272.3999939,31,271.9571402428572,271.86333313
2001-06-19,273.0,273.3999939,273.0,273.3999939,21,271.9571402428572,272.1066660566667
2001-06-20,272.7000122,272.7000122,271.0,272.3999939,26,272.5999973857143,272.3499989833333
2001-06-21,271.7999878,272.6000061,271.7999878,272.6000061,12,272.75714111428573,272.43666585333335
2001-06-22,273.6000061,273.6000061,272.0,272.2999878,0,272.79999651428574,272.54333191
2001-06-25,275.0,275.0,273.7000122,273.7000122,8,272.57142857142856,272.73666585333336
2001-06-26,274.0,277.0,274.0,276.2000122,0,273.2857142857143,273.00000000000006
2001-06-27,275.7000122,275.7000122,272.1000061,272.1000061,0,273.24285888571427,273.1333333333333
2001-06-28,269.2999878,269.2999878,269.2999878,269.2999878,0,272.65714372857144,273.04333292666666
2001-06-29,270.6000061,270.6000061,270.6000061,270.6000061,0,272.4000026142857,272.94333292666664
2001-07-02,269.3999939,269.3999939,269.3999939,269.3999939,0,271.9428580142857,272.3433329266667
2001-07-03,267.6000061,267.6000061,267.6000061,267.6000061,1,271.2714320571428,271.75000000000006
2001-07-05,265.1000061,265.1000061,263.7000122,265.1000061,1,270.0428597571428,271.0833333333333
2001-07-06,265.8999939,265.8999939,265.8999939,265.8999939,70,268.57142857142856,270.4933329266667
2001-07-09,266.5,266.5,266.5,266.5,0,267.7714277,270.07333272333335
2001-07-10,266.2000122,266.2000122,266.2000122,266.2000122,5,267.32857404285716,269.68333333333334
2001-07-11,268.2999878,268.2999878,268.2999878,268.2999878,0,267.0,269.50000000000006
2001-07-12,266.6000061,266.6000061,266.6000061,266.6000061,0,266.60000174285716,269.5299997966667
2001-07-13,267.1000061,267.1000061,267.1000061,267.1000061,0,266.52857317142855,269.5900004066667
2001-07-16,266.8999939,266.8999939,266.8999939,266.8999939,0,266.7857142857143,269.6066670733333
2001-07-17,268.1000061,268.1000061,268.1000061,268.1000061,5,267.10000174285716,269.7133341466667
2001-07-18,270.3999939,270.3999939,270.3999939,270.3999939,0,267.65714372857144,269.87000020333335
2001-07-19,269.3999939,269.3999939,269.3999939,269.3999939,5,268.11428397142856,269.99333292666665
2001-07-20,269.8999939,269.8999939,269.8999939,269.8999939,0,268.34285627142856,270.1233327233333
2001-07-23,268.7999878,268.7999878,268.7999878,268.7999878,0,268.65713937142857,269.96999918666666
2001-07-24,269.7000122,269.7000122,269.7000122,269.7000122,0,269.02856881428573,270.02999979666663
2001-07-25,267.7000122,267.7000122,267.7000122,267.7000122,0,269.14285714285717,269.90333353666665
2001-07-26,266.2000122,266.2000122,266.2000122,266.2000122,0,268.87142944285716,269.71000061
2001-07-27,267.3999939,267.3999939,267.3999939,267.3999939,17975,268.4428580142857,269.44666748
2001-07-30,267.2999878,267.5,264.1000061,264.6000061,1912,267.7571454714286,269.22666727666666
2001-07-31,264.7999878,266.5,264.3999939,266.2000122,348,267.22857665714287,269.02000122
2001-08-01,266.2000122,268.1000061,265.7999878,267.3999939,284,267.0285775285714,268.82000122
2001-08-02,267.0,268.0,266.1000061,267.3999939,136,266.7000034857143,268.6533345533333
2001-08-03,267.0,268.5,266.5,267.8999939,234,266.7285723,268.49666748
2001-08-06,267.7999878,267.7999878,267.0,267.1000061,156,266.85714285714283,268.32333475666667
2001-08-07,267.0,267.2000122,265.8999939,267.2000122,291,266.82857404285716,268.10666808999997
2001-08-08,266.1000061,268.0,265.8999939,267.8999939,436,267.30000087142855,267.83000081333336
2001-08-09,268.0,274.0,268.0,273.3999939,107,268.3285696857143,267.87333374
2001-08-10,273.3999939,275.7999878,273.0,273.8999939,3,269.25714111428573,268.02666727666667
2001-08-13,275.2000122,275.7000122,275.2000122,275.7000122,8,270.4428580142857,268.19666748
2001-08-14,274.7999878,276.2999878,273.2000122,276.2999878,10,271.64285714285717,268.4266672766667
2001-08-15,275.0,276.0,275.0,275.7000122,2,272.87142944285716,268.69666748
2001-08-16,275.0,275.2000122,275.0,275.2000122,6,274.01428658571433,269.03333435
2001-08-17,277.6000061,279.2999878,277.2000122,279.2999878,26,275.64285714285717,269.48000081333333
2001-08-20,277.2000122,277.2000122,276.1000061,276.1000061,1,276.02857317142855,269.80000101666667
2001-08-21,275.0,275.0,275.0,275.0,2,276.1857169,270.09333394333333
2001-08-22,274.8999939,274.8999939,274.8999939,274.8999939,0,276.07142857142856,270.31333414666665
2001-08-23,275.2999878,275.2999878,275.2999878,275.2999878,0,275.92857142857144,270.6033335366667
2001-08-24,272.5,272.5,272.5,272.5,59,275.47142682857145,270.78333333333336
2001-08-27,272.5,272.6000061,272.3999939,272.6000061,56,275.0999973857143,270.97333374
2001-08-28,272.2999878,272.2999878,272.2999878,272.2999878,0,274.0999973857143,271.11333313
2001-08-29,274.2000122,274.2000122,273.7000122,273.7000122,0,273.75714111428573,271.22333374
2001-08-30,275.3999939,275.3999939,275.3999939,275.3999939,0,273.8142831,271.42333374
2001-08-31,274.3999939,274.3999939,274.3999939,274.3999939,0,273.74285452857146,271.57333374
2001-09-04,271.6000061,271.6000061,271.6000061,271.6000061,0,273.2142857142857,271.66666768333334
2001-09-05,272.0,272.0,272.0,272.0,0,273.14285714285717,271.74333394333337
2001-09-06,273.0,273.0,273.0,273.0,0,273.19999912857145,271.92000020333336
2001-09-07,273.1000061,273.1000061,273.0,273.1000061,0,273.3142874571428,272.15
2001-09-10,271.6000061,271.6000061,271.6000061,271.6000061,0,273.0142865857143,272.29000040666665
2001-09-14,290.2000122,290.2000122,290.2000122,290.2000122,0,275.1285749142857,273.14333394333335
2001-09-17,289.7999878,289.7999878,289.7999878,289.7999878,0,277.32857404285716,273.92999979666666
2001-09-18,288.1000061,288.1000061,288.1000061,288.1000061,0,279.6857169,274.6200002033333
2001-09-19,291.5,291.5,291.5,291.5,1,282.47143118571427,275.42333374000003
2001-09-20,289.5,289.5,289.0,289.0,1,284.75714547142854,276.1266672766667
2001-09-21,291.8999939,291.8999939,291.8999939,291.8999939,0,287.4428580142857,276.95333353666666
2001-09-24,289.7999878,289.7999878,289.7000122,289.7000122,0,290.02857317142855,277.70333353666666
2001-09-25,290.5,290.5,290.5,290.5,0,290.07142857142856,278.4566670733333
2001-09-26,293.2999878,293.2999878,293.2999878,293.2999878,1010,290.57142857142856,279.1200002033333
2001-09-27,293.5,293.5,289.0,291.7000122,942,291.08571515714283,279.7133341466667
2001-09-28,290.7000122,294.0,290.7000122,292.3999939,1183,291.2142857142857,280.2700002033333
2001-10-01,291.7999878,292.8999939,290.5,292.2000122,91,291.6714303142857,280.80000101666667
2001-10-02,292.1000061,292.1000061,289.8999939,289.8999939,157,291.38571602857144,281.27333373999994
2001-10-03,291.0,291.2000122,290.1000061,290.5,84,291.5,281.78333333333336
2001-10-04,290.0,292.0,290.0,290.5,20,291.5,282.1566670733333
2001-10-05,291.5,292.5,291.3999939,291.3999939,10,291.22857230000005,282.6666666666667
2001-10-08,292.0,292.5,292.0,292.3999939,10,291.3285696857143,283.2466664633333
2001-10-09,292.7000122,292.7000122,288.8999939,288.8999939,17,290.8285696857143,283.71333313
2001-10-10,287.5,287.5,284.0,285.7000122,71,289.89999825714284,284.06000061000003
2001-10-11,283.5,283.5,280.5,281.7999878,140,288.74285452857146,284.3700002033334
2001-10-12,282.2000122,284.8999939,282.2000122,284.8999939,27,287.94285365714285,284.77999979666663
2001-10-15,282.7000122,282.7000122,282.1000061,282.1000061,51,286.74285452857146,285.10666707333337
2001-10-16,282.2000122,282.7999878,281.7000122,282.2999878,140,285.44285365714285,285.39333292666663
2001-10-17,282.2000122,283.3999939,282.2000122,283.3999939,7,284.15713937142857,285.65999959333334
2001-10-18,282.5,282.5,279.2000122,279.2000122,7,282.7714277,285.82000020333334
2001-10-19,279.5,280.1000061,279.0,280.1000061,4,281.97142682857145,286.1033335366667
2001-10-22,275.5,275.5,275.5,275.5,4,281.07142857142856,286.22000020333337
2001-10-23,277.0,277.0,276.1000061,276.1000061,42,279.8142874571428,286.32333374
2001-10-24,275.8999939,275.8999939,275.8999939,275.8999939,1,278.92857142857144,286.4166666666667
2001-10-25,277.7999878,277.7999878,277.7999878,277.7999878,1,278.2857142857143,286.6233327233333
2001-10-26,277.8999939,277.8999939,277.8999939,277.8999939,1,277.5,286.21333211333337
2001-10-29,278.5,279.1000061,278.5,279.1000061,6,277.4857134142857,285.85666605666665
2001-10-30,281.2000122,281.2000122,279.5,280.6000061,2,277.5571419857143,285.60666605666665
2001-10-31,279.5,280.5,279.5,279.5,0,278.12857055714284,285.2066660566667
2001-11-01,279.7000122,279.7000122,279.7000122,279.7000122,0,278.64285714285717,284.89666646333336
2001-11-02,279.7999878,279.7999878,279.7999878,279.7999878,0,279.19999912857145,284.49333292666665
2001-11-05,278.5,278.5,278.5,278.5,0,279.30000087142855,284.1199991866667
2001-11-06,279.7000122,279.7000122,279.7000122,279.7000122,90,279.55714634285715,283.75999959333336
2001-11-07,280.5,281.0,280.5,281.0,5,279.82857404285716,283.35
2001-11-08,278.0,278.0,276.7999878,276.7999878,1,279.2857142857143,282.85333252
2001-11-09,277.2000122,277.3999939,277.2000122,277.3999939,0,278.9857134142857,282.35333252
2001-11-12,278.2999878,278.2999878,278.2999878,278.2999878,4,278.7857099285714,281.88999837333336
2001-11-13,277.7999878,277.7999878,277.7999878,277.7999878,0,278.4999956428572,281.4866648366667
2001-11-14,277.7999878,277.7999878,277.7999878,277.7999878,0,278.3999939,281.0633310966667
2001-11-15,275.1000061,275.1000061,275.1000061,275.1000061,0,277.7428501714286,280.54999796666664
2001-11-16,274.7000122,274.7000122,274.7000122,274.7000122,0,276.8428519142857,279.99333191
2001-11-19,272.7000122,272.7000122,272.7000122,272.7000122,0,276.25714111428573,279.33666585333333
2001-11-20,273.0,273.0,273.0,273.0,0,275.62857055714284,278.80666605666664
2001-11-21,272.8999939,272.8999939,272.8999939,272.8999939,0,274.85714285714283,278.37999878
2001-11-26,272.2999878,272.2999878,272.2999878,272.2999878,0,274.07142857142856,278.0633321133334
2001-11-27,273.2000122,273.2000122,273.2000122,273.2000122,0,273.4142892,277.6733327233333
2001-11-28,274.1000061,274.1000061,274.1000061,274.1000061,22395,273.2714320571428,277.40666605666667
2001-11-29,274.1000061,275.3999939,273.0,273.5,4710,273.10000174285716,277.11333313
2001-11-30,273.2000122,275.5,272.6000061,273.8999939,744,273.2714277,276.79666646333334
2001-12-03,273.5,277.5,273.5,276.8999939,389,273.8285696857143,276.71999918666666
2001-12-04,276.8999939,277.2000122,275.0,275.3999939,214,274.1857125428572,276.5633321133334
2001-12-05,275.2999878,275.6000061,273.0,273.7000122,198,274.38571602857144,276.50333252
2001-12-06,274.2000122,274.2999878,273.1000061,274.2000122,73,274.5285731714286,276.43999938999997
2001-12-07,274.1000061,274.3999939,273.2999878,273.8999939,478,274.50000000000006,276.3733327233333
2001-12-10,272.5,273.2000122,271.2000122,272.2000122,357,274.3142874571429,276.18666687000007
2001-12-11,272.5,272.5,271.5,272.2000122,79,274.0714329285714,275.99666748
2001-12-12,272.7000122,273.7999878,272.5,273.7999878,57,273.6285749142857,275.8200002033334
2001-12-13,274.0,274.3999939,273.5,273.8999939,44,273.41428920000004,275.59666646333335
2001-12-14,275.0,278.5,275.0,278.0,51,274.02857317142855,275.54666646333334
2001-12-17,278.2000122,278.2000122,277.0,277.7000122,17,274.52857317142855,275.4799997966667
2001-12-18,280.3999939,281.2999878,278.2999878,280.3999939,119,275.4571446,275.5
2001-12-19,280.0,280.0,275.5,275.5,18,275.92857142857144,275.4
2001-12-20,276.5,276.5,276.0,276.0,18,276.47142682857145,275.27666626
2001-12-21,276.0,278.6000061,276.0,278.0,39,277.07142857142856,275.17666626000005
2001-12-26,278.2999878,280.8999939,278.2999878,279.7000122,0,277.9000026142857,275.27333374000006
2001-12-27,278.0,278.5,277.2000122,277.3999939,2,277.8142874571428,275.27333374000006
2001-12-28,276.5,276.5,276.5,276.5,2,277.64285714285717,275.2133341466667
2001-12-31,276.7999878,278.7000122,276.7999878,278.7000122,2,277.4000026142857,275.24333495999997
2002-01-02,278.8999939,278.8999939,278.8999939,278.8999939,2,277.88571602857144,275.28000183000006
2002-01-03,278.2000122,278.2000122,278.2000122,278.2000122,2,278.2000034857143,275.3833353666667
2002-01-04,278.8999939,278.8999939,278.8999939,278.8999939,2,278.32857404285716,275.52333475666666
2002-01-07,278.6000061,279.0,278.6000061,278.6000061,1,278.1714303142857,275.72000122000003
2002-01-08,278.8999939,278.8999939,278.8999939,278.8999939,1,278.38571602857144,275.9166676833333
2002-01-09,283.3999939,283.3999939,283.3999939,283.3999939,1,279.37142944285716,276.26666768333337
2002-01-10,287.1000061,287.1000061,287.1000061,287.1000061,2,280.57142857142856,276.7600016266667
2002-01-11,287.3999939,287.3999939,287.3999939,287.3999939,2,281.7857142857143,277.23333435000006
2002-01-14,285.3999939,285.3999939,285.3999939,285.3999939,2,282.8142831,277.61000061
2002-01-15,284.3999939,284.3999939,284.3999939,284.3999939,2,283.5999973857143,277.97333374000004
2002-01-16,287.2999878,287.2999878,287.2999878,287.2999878,2,284.84285191428575,278.42000020333336
2002-01-17,284.3999939,284.3999939,284.3999939,284.3999939,2,285.6285662,278.6700002033333
2002-01-18,283.1000061,283.1000061,283.1000061,283.1000061,2,285.5857108,278.9266672766667
2002-01-22,281.5,281.5,281.5,281.5,2,284.78570992857146,279.18666687000007
2002-01-23,278.6000061,278.6000061,278.6000061,278.6000061,2,283.52856881428573,279.3333333333333
2002-01-24,278.1000061,278.1000061,278.1000061,278.1000061,2,282.4857134142857,279.47333374000004
2002-01-25,278.7999878,278.7999878,278.7999878,278.7999878,2,281.6857125428572,279.6933329266667
2002-01-28,278.2999878,278.2999878,278.2999878,278.2999878,2,280.39999825714284,279.8966654466667
2002-01-29,281.3999939,281.3999939,281.3999939,281.3999939,23818,279.9714268285714,280.1499989833334
2002-01-30,281.8999939,283.2000122,280.5,281.8999939,3680,279.7999965142857,280.41666565
2002-01-31,281.0,282.7999878,280.7999878,282.1000061,1082,279.88571167142857,280.55333252
2002-02-01,282.2999878,287.5,282.2000122,286.0,536,280.94285365714285,280.82999878
2002-02-04,286.0,290.0,285.3999939,289.2999878,336,282.54285104285714,281.1266652433333
2002-02-05,290.0,298.2000122,290.0,298.2000122,1043,285.3142831,281.88333231666667
2002-02-06,297.2999878,308.0,296.2000122,297.5,239,288.0571419857143,282.59999898333336
2002-02-07,297.2000122,301.5,296.2000122,299.7000122,264,290.6714303142857,283.3233327233333
2002-02-08,304.5,307.3999939,302.7999878,303.5,187,293.75714547142854,284.11666564999996
2002-02-11,303.5,303.5,297.5,300.1000061,362,296.32857404285716,284.87333272333336
2002-02-12,299.0,300.7000122,297.0,300.7000122,454,298.42857578571426,285.67999979666666
2002-02-13,300.5,300.7000122,296.7000122,299.3999939,229,299.8714338,286.3699991866667
2002-02-14,300.0,300.5,299.3999939,299.7000122,20,300.0857195142857,287.06333312999993
2002-02-15,300.5,301.6000061,298.3999939,298.3999939,62,300.2142900714286,287.73666585333336
2002-02-19,297.0,297.2999878,293.2000122,293.2000122,35,299.2857186428572,288.21333313
2002-02-20,294.1000061,294.2000122,290.7999878,292.2999878,24,297.68571690000005,288.66999918666664
2002-02-21,291.7999878,293.3999939,291.7999878,293.2000122,13,296.7000034857143,289.14666646333336
2002-02-22,293.2000122,293.2000122,292.5,293.2000122,151,295.6285749142857,289.47333374
2002-02-25,292.7000122,293.0,291.5,292.7000122,0,294.6714346714285,289.66000061
2002-02-26,294.0,298.0,293.2000122,298.0,4,294.42857578571426,290.01333414666664
2002-02-27,295.2999878,296.2999878,295.2999878,296.2999878,5,294.1285749142857,290.3766672766667
2002-02-28,296.0,296.7000122,296.0,296.7000122,0,294.6285749142857,290.7866678866667
2002-03-01,298.0,298.0,298.0,298.0,0,295.44286237142853,291.14333496
2002-03-04,296.7000122,296.7000122,296.7000122,296.7000122,5,295.94286237142853,291.55333557
2002-03-05,298.0,298.0,294.0,294.0,0,296.05714634285715,291.91666869999995
2002-03-06,293.5,293.5,293.3999939,293.5,0,296.1714303142857,292.3166687
2002-03-07,290.1000061,290.1000061,290.1000061,290.1000061,76,295.0428597571428,292.7000020333333
2002-03-08,290.1000061,290.1000061,290.1000061,290.1000061,0,294.15714808571425,293.10000203333334
2002-03-11,291.1000061,291.1000061,291.1000061,291.1000061,44,293.3571472142857,293.5100026433333
2002-03-12,293.6000061,293.6000061,293.6000061,293.6000061,0,292.7285766571428,294.0200032533333
2002-03-13,293.6000061,293.6000061,293.6000061,293.6000061,0,292.28571864285715,294.4266703266666
2002-03-14,291.0,291.0,291.0,291.0,0,291.8571472142857,294.7300038633333
2002-03-15,289.8999939,289.8999939,289.8999939,289.8999939,0,291.34286062857143,294.9900034566666
2002-03-18,292.1000061,292.1000061,292.1000061,292.1000061,0,291.6285749142857,295.1933369933333
2002-03-19,292.7999878,292.7999878,292.7999878,292.7999878,0,292.0142865857143,295.31000366
2002-03-20,292.1000061,292.1000061,292.1000061,292.1000061,6,292.15714372857144,295.1066701233333
2002-03-21,292.7999878,292.7999878,292.7999878,292.7999878,0,292.0428554,294.95000305
2002-03-22,297.2999878,297.2999878,297.2999878,297.2999878,0,292.5714242142857,294.87000223666666
2002-03-25,297.3999939,297.3999939,297.3999939,297.3999939,0,293.48570905714286,294.6666687
2002-03-26,296.6000061,296.6000061,296.6000061,296.6000061,24896,294.44285365714285,294.55000203333327
2002-03-27,296.7999878,303.1000061,296.2999878,302.2000122,4104,295.88571167142857,294.60000203333334
2002-03-28,302.7999878,304.5,300.5,302.6000061,334,297.2857142857143,294.70666910666665
2002-04-01,302.6000061,303.2000122,300.7000122,303.2000122,436,298.87142944285716,294.8233357733333
2002-04-02,303.0,306.7999878,302.5,305.8999939,276,300.74285888571427,295.0733357733333
2002-04-03,306.0,306.0,302.0,302.6000061,251,301.5000043571428,295.38666890333326
2002-04-04,302.6000061,302.6000061,299.0,301.1000061,86,302.0285775285714,295.6800028466667
2002-04-05,300.7000122,302.5,298.7000122,300.1000061,97,302.5285775285714,295.9100026433333
2002-04-08,299.0,301.5,299.0,300.5,133,302.28571864285715,296.15333557
2002-04-09,300.0,300.0,298.5,298.7999878,66,301.74285888571427,296.35666808999997
2002-04-10,298.0,302.5,297.7000122,301.7000122,42,301.52857317142855,296.48000183
2002-04-11,301.7000122,303.2000122,301.5,302.2000122,108,301.0000043571428,296.67666930999997
2002-04-12,301.5,302.1000061,300.5,302.1000061,118,300.92857578571426,296.85666910666663
2002-04-15,303.2999878,303.2999878,299.8999939,300.0,132,300.7714320571428,296.92333577333335
2002-04-16,299.2000122,299.2000122,297.5,298.7999878,39,300.58571515714283,296.99333495999997
2002-04-17,298.7999878,303.2999878,298.7999878,302.1000061,11,300.8142874571428,297.2633351633333
2002-04-18,303.6000061,306.0,303.6000061,304.5,68,301.6285749142857,297.63000182999997
2002-04-19,302.5,302.5,301.8999939,302.2999878,30,301.7142857142857,298.0366678866667
2002-04-22,304.1000061,304.1000061,303.0,303.0,40,301.8285696857143,298.4666676833333
2002-04-23,302.8999939,304.0,302.7999878,304.0,120,302.0999973857143,298.89666748
2002-04-24,305.0,305.7000122,304.2999878,304.2999878,173,302.71428135714285,299.2533335366667
2002-04-25,305.3999939,309.2999878,305.3999939,308.1000061,0,304.0428554,299.73666687
2002-04-26,308.3999939,312.5,306.5,311.6000061,0,305.39999825714284,300.42333374000003
2002-04-29,311.2000122,311.2000122,311.2000122,311.2000122,0,306.35714285714283,301.13333435
2002-04-30,308.8999939,308.8999939,308.8999939,308.8999939,0,307.30000087142855,301.6933339433333
2002-05-01,309.1000061,309.1000061,309.1000061,309.1000061,0,308.1714303142857,302.2366678866666
2002-05-02,308.2999878,308.2999878,308.2999878,308.2999878,0,308.7857142857143,302.77666727666667
2002-05-03,312.2000122,312.2000122,312.2000122,312.2000122,0,309.9142892,303.42333475666663
2002-05-06,311.2000122,311.2000122,311.2000122,311.2000122,0,310.3571472142857,303.8866689033333
2002-05-07,311.6000061,311.6000061,311.6000061,311.6000061,0,310.3571472142857,304.3600026433333
2002-05-08,308.2000122,308.2000122,308.2000122,308.2000122,2,309.9285757857143,304.74666951333336
2002-05-09,307.5,309.5,307.5,309.5,0,310.01429094285714,304.99000244
2002-05-10,311.0,311.0,311.0,311.0,0,310.2857186428572,305.2700022366667
2002-05-13,311.0,311.0,310.6000061,310.6000061,7,310.61429268571425,305.5166687
2002-05-14,307.5,307.5,306.7999878,307.2999878,0,309.9142892,305.5633351633333
2002-05-15,308.7000122,308.7000122,308.7000122,308.7000122,0,309.55714634285715,305.7666687
2002-05-16,309.7999878,309.7999878,309.7999878,309.7999878,0,309.30000087142855,306.05666808999996
2002-05-17,310.6000061,310.6000061,310.6000061,310.6000061,0,309.64285714285717,306.40666809
2002-05-20,315.7000122,315.7000122,315.7000122,315.7000122,0,310.52857317142855,306.91333516333333
2002-05-21,315.7999878,315.7999878,315.7999878,315.7999878,0,311.2142857142857,307.48000183000005
2002-05-22,318.0,318.0,318.0,318.0,0,312.2714277,308.02333475666666
2002-05-23,322.5,322.5,322.5,322.5,0,314.4428580142857,308.70000101666665
2002-05-24,320.3999939,320.3999939,320.3999939,320.3999939,0,316.11428397142856,309.31000061
2002-05-28,323.8999939,323.8999939,323.8999939,323.8999939,0,318.12857055714284,310.1066670733333
2002-05-29,325.3999939,325.3999939,325.3999939,325.3999939,22051,320.24285452857146,310.99333394333337
2002-05-30,325.3999939,326.7000122,323.5,325.5,6764,321.6428527857143,311.77333374000006
2002-05-31,325.0,329.0,324.2000122,326.5,919,323.17142595714284,312.50666707333335
2002-06-03,326.6000061,328.5,325.0,326.7000122,1866,324.41428484285717,313.32000122000005
2002-06-04,327.0,330.2999878,327.0,327.7999878,996,325.17142595714284,314.14666748
2002-06-05,327.2999878,327.2999878,320.1000061,321.2000122,190,325.2857142857143,314.72000122000003
2002-06-06,321.1000061,326.0,321.1000061,324.8999939,422,325.42857142857144,315.40666809
2002-06-07,325.5,327.5,323.8999939,324.6000061,237,325.3142874571428,315.95666808999994
2002-06-10,323.0,323.8999939,318.0,318.7000122,171,324.34286062857143,316.19333496
2002-06-11,319.2999878,319.7000122,316.0,319.7000122,602,323.3714338,316.4766682933334
2002-06-12,319.6000061,322.2999878,318.7999878,320.2999878,71,322.4571446,316.85666809
2002-06-13,320.1000061,320.1000061,317.0,317.7000122,67,321.01429094285714,317.14333496000006
2002-06-14,321.2000122,321.5,319.1000061,319.1000061,43,320.71429007142854,317.50333557
2002-06-17,318.0,318.7999878,317.2999878,317.3999939,329,319.6428615,317.67666829333336
2002-06-18,317.0,319.2000122,317.0,319.2000122,19,318.8714338,317.94333496
2002-06-19,320.2000122,320.6000061,319.7999878,319.7999878,116,319.02857317142855,318.21666768333336
2002-06-20,321.2999878,324.5,321.2999878,323.2000122,52,319.52857317142855,318.7166676833333
2002-06-21,322.8999939,325.2000122,322.2000122,324.6000061,329,320.1428615,319.22000122
2002-06-24,326.5,327.2999878,324.0,324.2999878,294,321.08571515714283,319.66333414666667
2002-06-25,323.7000122,323.7000122,318.0,320.2000122,0,321.24285888571427,319.98333435
2002-06-26,322.1000061,324.0,320.5,320.5,13,321.6857169,320.4233347566667
2002-06-27,320.2999878,320.2999878,319.2000122,319.2000122,0,321.6857169,320.77333475666666
2002-06-28,313.5,313.5,313.5,313.5,0,320.78571864285715,320.8966684966667
2002-07-01,314.0,314.0,314.0,314.0,20,319.47143118571427,321.0100016266667
2002-07-02,315.0,315.2999878,312.7999878,312.7999878,0,317.7857142857143,320.91333414666667
2002-07-03,311.0,311.0,310.8999939,310.8999939,2,315.87142944285716,320.75000101666666
2002-07-08,313.2999878,313.2999878,312.1000061,312.1000061,10,314.7142857142857,320.5533345533333
2002-07-09,313.3999939,316.1000061,312.6000061,316.1000061,0,314.08571515714283,320.3400014233333
2002-07-10,314.7000122,314.7000122,314.7000122,314.7000122,0,313.4428580142857,320.15000203333335
2002-07-11,317.2000122,317.2000122,317.2000122,317.2000122,0,313.97143118571427,319.92666931
2002-07-12,315.6000061,315.6000061,315.6000061,315.6000061,2,314.20000348571426,319.60000305
2002-07-15,320.5,320.5,319.0,319.6000061,18,315.1714346714285,319.4033365866666
2002-07-16,318.2000122,318.2000122,317.2000122,317.2000122,0,316.07143728571424,319.09333699333337
2002-07-17,317.3999939,317.3999939,317.3999939,317.3999939,24,316.82857839999997,318.7833363833333
2002-07-18,317.0,317.0,317.0,317.0,29,316.9571489571428,318.42333678999995
2002-07-19,323.8999939,323.8999939,323.8999939,323.8999939,403,318.2714320571428,318.51333617999995
2002-07-22,323.6000061,323.6000061,323.6000061,323.6000061,0,319.1857169,318.47000325333335
2002-07-23,312.7000122,312.7000122,312.7000122,312.7000122,0,318.7714320571428,318.07333679
2002-07-24,311.5,311.5,311.5,311.5,0,317.61428832857143,317.83333638333335
2002-07-25,309.7999878,309.7999878,309.7999878,309.7999878,3,316.5571419857143,317.50333556999993
2002-07-26,303.3999939,303.3999939,303.3999939,303.3999939,0,314.5571419857143,316.94000244
2002-07-29,302.5,302.5,300.7999878,302.5,23830,312.4857134142857,316.43333536666665
2002-07-30,301.5,305.2000122,301.5,303.7000122,3224,309.60000174285716,315.9200022366667
2002-07-31,303.7000122,305.2999878,301.7999878,303.2000122,965,306.68571690000005,315.4466695133333
2002-08-01,303.2000122,304.7999878,298.0,304.0,217,305.4428580142857,314.94000244
2002-08-02,303.6000061,307.8999939,303.6000061,307.0,392,304.80000087142855,314.51333617999995
2002-08-05,307.5,309.6000061,306.5,307.7999878,139,304.5142865857143,314.0000020333334
2002-08-06,307.5,307.5,304.7999878,305.5,52,304.8142874571428,313.3633351633334
2002-08-07,308.0,315.5,307.8999939,314.2999878,177,306.5,313.03000183
2002-08-08,314.6000061,314.6000061,310.2999878,310.3999939,86,307.4571402428572,312.7033345533334
2002-08-09,310.0,315.0,310.0,314.2000122,29,309.02856881428573,312.49333495999997
2002-08-12,313.7999878,318.0,313.7999878,314.1000061,8,310.47142682857145,312.32333475666667
2002-08-13,313.6000061,315.0,313.6000061,314.2000122,68,311.5,312.34666849666667
2002-08-14,317.0,317.0,311.0,311.7999878,152,312.07142857142856,312.27333475666666
2002-08-15,311.6000061,316.5,311.1000061,314.2999878,132,313.3285696857143,312.32333475666667
2002-08-16,313.1000061,315.0,312.2000122,313.7000122,725,313.24285888571427,312.4166687
2002-08-19,313.1000061,313.1000061,305.5,306.0,118,312.61428832857143,312.2133351633334
2002-08-20,307.3999939,308.7000122,306.2000122,308.7000122,219,311.82857404285716,311.96666869999996
2002-08-21,307.5,308.0,306.0,307.6000061,105,310.9000026142857,311.73000183000005
2002-08-22,305.7999878,306.6000061,304.8999939,306.6000061,378,309.8142874571428,311.37666829333335
2002-08-23,305.5,306.7000122,305.2000122,306.7000122,53,309.0857195142857,311.08000182999996
2002-08-26,310.5,310.5,309.3999939,309.3999939,153,308.38572038571425,310.74000142333335
2002-08-27,308.5,312.8999939,308.5,312.2999878,0,308.1857169,310.5766672766667
2002-08-28,311.8999939,312.5,309.3999939,309.3999939,17,308.6714303142857,310.31000061000003
2002-08-29,312.0,312.8999939,312.0,312.8999939,0,309.2714277,310.17333374000003
2002-08-30,312.3999939,312.3999939,312.3999939,312.3999939,36,309.9571402428572,309.7900004066667
2002-09-03,312.5,313.3999939,312.5,313.3999939,0,310.9285670714286,309.45
2002-09-04,314.8999939,314.8999939,314.8999939,314.8999939,0,312.0999930285715,309.52333272333334
2002-09-05,318.2000122,318.2000122,318.2000122,318.2000122,7,313.3571385,309.7466664633333
2002-09-06,320.0,320.0,319.8999939,319.8999939,0,314.44285365714285,310.08333333333337
2002-09-09,321.2999878,321.2999878,321.2999878,321.2999878,0,316.1428527857143,310.67999979666666
2002-09-10,317.8999939,317.8999939,317.8999939,317.8999939,0,316.8571385,311.1933329266667
2002-09-11,316.6000061,316.6000061,316.6000061,316.6000061,0,317.4571402428572,311.6233327233333
2002-09-12,318.8999939,318.8999939,318.8999939,318.8999939,0,318.24285452857146,312.1466654466667
2002-09-13,319.0,319.0,316.6000061,316.6000061,0,318.4857134142857,312.56666565
2002-09-16,317.1000061,317.1000061,317.1000061,317.1000061,0,318.3285696857143,312.90333252
2002-09-17,317.0,317.0,317.0,317.0,0,317.91428484285717,313.2099995933333
2002-09-18,320.6000061,320.6000061,320.6000061,320.6000061,0,317.8142874571428,313.71333312999997
2002-09-19,322.6000061,322.6000061,322.6000061,322.6000061,0,318.48571777142854,313.9900004066667
2002-09-20,321.8999939,321.8999939,321.8999939,321.8999939,7,319.24285888571427,314.37333373999996
2002-09-23,323.0,323.0,323.0,323.0,0,319.82857404285716,314.6666666666667
2002-09-24,325.8999939,325.8999939,325.8999939,325.8999939,0,321.15714372857144,315.0599995933333
2002-09-25,322.2000122,322.2000122,322.2000122,322.2000122,0,321.88571602857144,315.32666626
2002-09-26,320.2999878,320.2999878,320.2999878,320.2999878,3485,322.35714285714283,315.6099995933333
2002-09-27,319.6000061,321.2000122,319.0,319.7000122,858,322.2285723,315.7900004066667
2002-09-30,320.7000122,324.2000122,320.3999939,323.8999939,43,322.41428484285717,316.1299997966667
2002-10-01,322.0,322.0,320.8999939,320.8999939,2837,322.2714277,316.62666626
2002-10-02,319.6000061,321.5,319.6000061,321.5,41,322.0571419857143,317.05333252
2002-10-03,321.0,322.8999939,321.0,321.1000061,9,321.37142944285716,317.5033325200001
2002-10-04,321.3999939,322.1000061,321.3999939,322.1000061,117,321.35714285714283,318.01999918666667
2002-10-07,322.0,322.2000122,321.8999939,321.8999939,12,321.58571515714283,318.5266652433334
2002-10-08,319.0,319.7000122,318.2000122,318.2000122,5,321.37142944285716,318.8199991866667
2002-10-09,318.2000122,319.6000061,318.2000122,319.6000061,35,320.75714547142854,319.06333313
2002-10-10,319.0,319.2999878,316.5,316.5,10,320.1285749142857,319.3
2002-10-11,316.7000122,317.0,316.2999878,316.2999878,18,319.38571602857144,319.41333313
2002-10-14,318.0,318.0,317.7999878,317.7999878,6,318.91428484285717,319.5933329266666
2002-10-15,315.5,315.5,312.6000061,312.6000061,31,317.5571419857143,319.56666666666666
2002-10-16,314.5,314.5,314.0,314.0,539,316.42857142857144,319.53666687000003
2002-10-17,314.0,314.0,311.5,311.6000061,17,315.4857134142857,319.31666666666666
2002-10-18,312.2000122,313.2000122,311.7999878,312.7000122,17,314.5,319.0766672766666
2002-10-21,310.8999939,313.0,310.8999939,310.8999939,12,313.69999912857145,318.73000081333333
2002-10-22,313.2999878,313.2999878,312.2999878,313.0,12,313.2285723,318.5666676833333
2002-10-23,313.2999878,313.2999878,312.0,312.0,80,312.4000026142857,318.41333414666667
2002-10-24,311.7000122,311.7000122,309.7999878,310.7000122,10,312.1285749142857,318.14000142333333
2002-10-25,314.0,314.0,312.7999878,313.3999939,26,312.0428597571428,318.03333434999996
2002-10-28,314.0,315.2000122,314.0,315.2000122,0,312.55714634285715,317.97000122000003
2002-10-29,317.7000122,317.7000122,316.0,317.7000122,13,313.2714320571428,317.99333495999997
2002-10-30,316.5,316.5,316.0,316.5,2,314.0714329285715,317.85666808999997
2002-10-31,318.0,318.0,318.0,318.0,0,314.7857186428572,317.7033345533333
2002-11-01,318.7999878,318.7999878,318.7999878,318.7999878,0,315.75714547142854,317.6000010166666
2002-11-04,318.2999878,318.2999878,318.2999878,318.2999878,0,316.84285627142856,317.4433339433333
2002-11-05,318.2000122,318.2000122,318.2000122,318.2000122,0,317.52857317142855,317.18666788666667
2002-11-06,317.5,317.5,317.5,317.5,0,317.85714285714283,317.03000081333334
2002-11-07,320.5,320.5,320.5,320.5,2,318.25714111428573,317.0366678866667
2002-11-08,321.5,321.5,321.2999878,321.2999878,0,318.94285365714285,317.09000040666666
2002-11-11,321.2000122,321.2000122,321.2000122,321.2000122,0,319.39999825714284,317.00000101666666
2002-11-12,324.5,324.5,324.5,324.5,4,320.2142857142857,317.12000122
2002-11-13,318.7000122,318.7000122,317.5,318.7000122,0,320.2714320571428,317.02666829333333
2002-11-14,318.7999878,318.7999878,317.8999939,317.8999939,0,320.2285723,316.92000121999996
2002-11-15,320.7000122,320.7000122,320.7000122,320.7000122,0,320.6857169,316.8733347566667
2002-11-18,319.2000122,319.2000122,319.2000122,319.2000122,0,320.5000043571428,316.7833353666666
2002-11-19,318.6000061,318.6000061,318.6000061,318.6000061,0,320.11429268571425,316.79666849666665
2002-11-20,317.3999939,317.3999939,317.3999939,317.3999939,0,319.5714329285714,316.7233347566667
2002-11-21,317.3999939,317.3999939,317.3999939,317.3999939,2,318.55714634285715,316.75333455333333
2002-11-22,317.3999939,320.7000122,317.2000122,320.7000122,4,318.84286062857143,316.9000020333333
2002-11-25,316.5,317.7999878,316.5,317.7999878,50896,318.82857404285716,316.90000203333335
2002-11-26,318.1000061,318.8999939,317.1000061,317.7000122,0,318.4000026142857,317.07000223666665
2002-11-27,318.0,318.5,316.7000122,316.7999878,3643,318.0571419857143,317.1633351633334
2002-12-02,318.1000061,318.5,315.5,317.6000061,750,317.91428484285717,317.3633351633333
2002-12-03,317.3999939,321.2000122,317.1000061,320.2000122,628,318.3142874571428,317.6133351633334
2002-12-04,319.7999878,323.0,319.7999878,322.2000122,395,319.0000043571429,317.99000244
2002-12-05,321.7000122,324.7999878,321.0,324.7999878,859,319.58571515714283,318.3833353666667
2002-12-06,324.2999878,328.0,324.2999878,326.2999878,134,320.80000087142855,318.86000162666664
2002-12-09,325.7000122,326.6000061,324.7999878,325.7999878,124,321.9571402428572,319.36333414666666
2002-12-10,326.0,326.2000122,323.0,323.5,274,322.91428484285717,319.7000010166667
2002-12-11,323.2000122,325.0,323.2000122,324.7999878,224,323.94285365714285,320.0200002033333
2002-12-12,333.0,333.0,326.5,331.3999939,234,325.5428510428571,320.47666626000006
2002-12-13,331.0,336.0,330.2999878,333.2000122,64,327.11427961428575,321.03333333333336
2002-12-16,334.0,337.0,332.5,337.0,175,328.8571385,321.6666666666667
2002-12-17,337.5,342.0,336.5,337.3999939,27,330.44285365714285,322.28666687
2002-12-18,337.2999878,342.5,337.0,342.1000061,84,332.7714277,323.08000081333336
2002-12-19,344.3999939,349.2000122,342.5,345.8999939,48,335.97142682857145,324.0033335366667
2002-12-20,346.0,346.0,340.0,340.5,57,338.2142857142857,324.7700002033333
2002-12-23,344.5,345.1000061,342.0,345.1000061,227,340.1714303142857,325.59000040666666
2002-12-24,346.1000061,347.7000122,346.0,346.7999878,43,342.11428397142856,326.4400004066667
2002-12-26,346.0,350.3999939,346.0,348.8999939,0,343.8142831,327.36333313
2002-12-27,348.7999878,350.5,347.2000122,349.2000122,95,345.5,328.18666687
2002-12-30,350.3999939,350.3999939,343.3999939,343.3999939,11,345.6857125428572,329.00999959333336
2002-12-31,343.6000061,347.6000061,341.0,347.6000061,0,345.92857142857144,330.0
2003-01-02,346.1000061,346.1000061,346.1000061,346.1000061,3,346.7285723,330.8466664633333
2003-01-03,345.2000122,351.2000122,345.2000122,351.2000122,0,347.60000174285716,331.91333313
2003-01-06,351.7000122,351.7000122,351.1000061,351.7000122,2,348.3000052285714,333.01666666666665
2003-01-07,349.2999878,349.2999878,347.2999878,347.2999878,4,348.0714329285714,334.01333313000003
2003-01-08,346.7999878,353.8999939,346.2999878,353.8999939,0,348.74285888571427,335.2299997966667
2003-01-09,353.2999878,353.2999878,353.2999878,353.2999878,2,350.15714372857144,336.31666565
2003-01-10,354.2000122,354.5,354.2000122,354.5,1,351.14285714285717,337.53999939
2003-01-13,352.0,354.7000122,352.0,354.7000122,0,352.37142944285716,338.7733327233334
2003-01-14,352.0,352.0,352.0,352.0,1,352.4857134142857,339.9466664633334
2003-01-15,350.0,350.7000122,350.0,350.7000122,0,352.34285627142856,341.05
2003-01-16,357.7000122,357.7000122,357.7000122,357.7000122,0,353.8285740428572,342.3
2003-01-17,356.6000061,356.6000061,356.6000061,356.6000061,0,354.2142900714286,343.4466664633334
2003-01-21,357.2999878,357.2999878,356.2000122,357.2999878,20,354.78571864285715,344.52999979666663
2003-01-22,360.5,360.5,359.0,359.7000122,0,355.5285775285715,345.64333394333335
2003-01-23,364.5,364.5,364.5,364.5,1,356.9285757857143,346.93333435
2003-01-24,368.2000122,368.2000122,367.0,368.2000122,44,359.2428632428572,348.4233347566667
2003-01-27,371.0,372.0,369.3999939,369.3999939,28,361.91428920000004,349.91000162666666
2003-01-28,369.0,370.0,369.0,370.0,0,363.6714303142857,351.19666849666663
2003-01-29,366.2999878,366.2999878,366.2999878,366.2999878,834,365.05714198571434,352.3000010166667
2003-01-30,366.0,370.0,362.6000061,368.6000061,6537,366.6714303142857,353.35333455333335
2003-01-31,368.7999878,371.5,367.0,368.2999878,821,367.89999825714284,354.38333435
2003-02-03,368.0,372.0,368.0,370.7999878,1358,368.79999651428574,355.3400004066667
2003-02-04,371.3999939,379.5,371.2000122,379.0,833,370.3428519142857,356.44333394333336
2003-02-05,379.0,388.8999939,374.0,376.3999939,730,371.3428519142857,357.6400004066667
2003-02-06,370.0,377.0,368.3999939,370.1000061,179,371.35713849999996,358.47333374000004
2003-02-07,370.5,374.5,367.5,369.8999939,572,371.87142508571424,359.24333394333337
2003-02-10,370.3999939,372.0,363.7000122,363.7000122,611,371.1714259571428,359.7366678866666
2003-02-11,363.2000122,365.3999939,361.7999878,362.5,801,370.34285627142856,360.1800008133333
2003-02-12,363.7999878,364.6000061,352.6000061,352.6000061,221,367.74285888571427,360.4866678866666
2003-02-13,352.3999939,359.0,349.0,357.3999939,207,364.65714372857144,360.81333414666665
2003-02-14,354.8999939,357.6000061,349.8999939,351.8999939,518,361.15714372857144,361.00666707333335
2003-02-18,347.7999878,348.0,342.0,344.2000122,319,357.4571446,360.77333373999994
2003-02-19,344.0,350.0,344.0,349.8999939,160,354.60000174285716,360.71333313
2003-02-20,351.7000122,355.0,350.0,353.1000061,202,353.08571515714294,360.9066670733333
2003-02-21,352.5,353.7999878,351.7999878,351.7999878,83,351.5571419857143,360.83666687
2003-02-24,353.8999939,358.0,353.0,356.2999878,115,352.0857108,360.93666687
2003-02-25,357.3999939,359.0,352.0,352.2999878,0,351.3571385,360.86333313
2003-02-26,353.0,356.0,351.5,354.0,3,351.65713937142857,360.83999939
2003-02-27,346.1000061,346.1000061,346.1000061,346.1000061,0,351.9285670714286,360.64333292666663
2003-02-28,350.2000122,350.2000122,350.2000122,350.2000122,16,351.97142682857145,360.62666626000004
2003-03-03,349.2000122,349.2000122,349.2000122,349.2000122,0,351.41428484285706,360.3433329266666
2003-03-04,353.2000122,353.2000122,353.2000122,353.2000122,0,351.6142883285715,360.2299997966667
2003-03-05,353.1000061,353.1000061,353.1000061,353.1000061,0,351.15714808571425,360.0900004066667
2003-03-06,356.7999878,356.7999878,356.7999878,356.7999878,0,351.8000052285714,359.99333292666665
2003-03-07,350.7999878,350.7999878,350.7999878,350.7999878,0,351.34286062857143,359.5366658533333
2003-03-10,354.7000122,354.7000122,354.7000122,354.7000122,0,352.5714329285714,359.0866658533333
2003-03-11,350.5,350.5,350.5,350.5,0,352.61428832857143,358.4566660566667
2003-03-12,346.5,346.5,346.5,346.5,1,352.2285723,357.6733327233333
2003-03-13,342.7000122,342.7000122,335.8999939,335.8999939,1,349.7571411142857,356.6599995933333
2003-03-14,336.5,336.5,336.5,336.5,4,347.3857116714285,355.58999939
2003-03-17,343.0,343.0,337.1000061,337.1000061,24,344.57142857142856,354.55
2003-03-18,336.0,340.1000061,336.0,337.6000061,5,342.6857169,353.44333394333336
2003-03-19,336.1000061,336.1000061,336.1000061,336.1000061,0,340.02857317142855,352.01333414666664
2003-03-20,332.8999939,332.8999939,332.8999939,332.8999939,0,337.5142865857143,350.56333414666665
2003-03-21,326.0,326.0,326.0,326.0,0,334.58571515714283,349.09333394333333
2003-03-24,329.5,329.5,329.5,329.5,5,333.6714303142857,347.74666748
2003-03-25,328.3999939,328.3999939,328.3999939,328.3999939,13,332.5142865857143,346.57000020333334
2003-03-26,330.2999878,330.2999878,330.2999878,330.2999878,0,331.5428554,345.4966664633333
2003-03-27,328.7000122,328.7000122,328.7000122,328.7000122,0,330.2714277,344.7
2003-03-28,331.5,331.5,328.7000122,328.7000122,4021,329.2142857142857,343.74333394333337
2003-03-31,331.6000061,336.3999939,331.6000061,335.8999939,2026,329.64285714285717,343.21000061
2003-04-01,336.0,338.3999939,333.7999878,334.2999878,434,330.8285696857143,342.8799997966667
2003-04-02,334.3999939,335.7000122,327.5,329.6000061,293,330.84285627142856,342.20333353666666
2003-04-03,329.7000122,329.7000122,323.2000122,324.8999939,636,330.34285627142856,341.26333313000003
2003-04-04,324.7000122,325.5,323.0,325.2999878,154,329.62857055714284,340.3799997966667
2003-04-07,321.0,323.5,319.2999878,321.5,55,328.5999973857143,339.22000020333337
2003-04-08,322.2999878,323.8999939,321.5,322.2000122,860,327.67142595714284,338.2166676833333
2003-04-09,323.0,327.0,322.0,325.6000061,163,326.19999912857145,337.27000122
2003-04-10,327.0,327.2999878,324.3999939,326.7000122,45,325.11428832857143,336.6233347566667
2003-04-11,326.5,327.8999939,323.3999939,327.8999939,139,324.87142944285716,335.8800008133333
2003-04-14,325.6000061,326.0,324.2000122,324.2000122,25,324.7714320571428,335.04666748
2003-04-15,324.5,325.8999939,322.5,324.8999939,149,324.71429007142854,334.10333353666664
2003-04-16,325.5,325.7999878,323.5,325.7999878,0,325.32857404285716,333.1933329266667
2003-04-17,326.0,328.2999878,326.0,327.2000122,16,326.0428597571428,332.20666707333334
2003-04-21,329.7000122,333.5,329.5,333.5,0,327.1714303142857,331.6300008133333
2003-04-22,333.5,336.5,333.2000122,334.3999939,22,328.2714277,330.9533335366667
2003-04-23,334.2999878,334.7000122,331.5,331.5,77,328.7857142857143,330.3200002033334
2003-04-24,332.6000061,335.2000122,331.7999878,334.7999878,21,330.29999651428574,329.92999979666666
2003-04-25,333.3999939,334.5,333.2999878,333.3999939,0,331.51428222857146,329.84666646333335
2003-04-28,335.0,335.0,334.5,334.5,1,332.75714111428573,329.7799997966667
2003-04-29,333.0,333.0,333.0,333.7000122,1,333.6857125428572,329.66666666666674
2003-04-30,337.0,337.0,337.0,339.1000061,6,334.4857134142857,329.71666666666664
2003-05-01,339.0,339.0,339.0,342.1000061,1,335.58571515714283,329.9166666666667
2003-05-02,342.1000061,342.2000122,342.2000122,341.0,1,336.9428580142857,330.18666687
2003-05-05,342.2999878,342.2999878,342.2999878,342.2999878,1,338.0142865857143,330.7299997966666
2003-05-06,342.5,342.5,342.5,342.5,5,339.3142874571428,331.16333312999996
2003-05-07,342.1000061,342.1000061,342.1000061,341.8999939,5,340.37142944285716,331.61333313
2003-05-08,344.6000061,344.6000061,344.6000061,348.3999939,6,342.47142682857145,332.21666666666664
2003-05-09,348.2999878,348.2000122,348.2000122,348.6000061,1,343.8285696857143,332.8799997966667
2003-05-12,351.6000061,351.6000061,351.6000061,351.6000061,1,345.1857125428572,333.6433329266667
2003-05-13,350.0,350.0,350.0,350.0,1,346.47142682857145,334.11333312999994
2003-05-14,350.1000061,350.1000061,350.1000061,352.2999878,1,347.89999825714284,334.71333313
2003-05-15,352.6000061,352.6000061,352.6000061,352.6000061,1,349.34285627142856,335.4799997966667
2003-05-16,352.6000061,352.7000122,352.7000122,354.7000122,1,351.1714303142857,336.47333374000004
2003-05-19,364.2000122,364.2000122,364.2000122,364.2000122,1,353.42857578571426,337.77000122
2003-05-20,366.2999878,366.2999878,366.2999878,366.2999878,1,355.9571446,339.26333414666664
2003-05-21,366.3999939,366.3999939,366.3999939,372.0,1,358.87142944285716,340.92333374000003
2003-05-22,368.1000061,368.1000061,368.1000061,368.1000061,1,361.4571446,342.3400004066667
2003-05-23,368.7999878,368.7999878,368.7999878,368.7999878,1,363.8142874571428,343.74333292666665
2003-05-27,367.7999878,367.7999878,367.7999878,367.7999878,68840,365.9857134142857,345.0733327233333
2003-05-28,367.0,367.2999878,358.6000061,365.2000122,57228,367.4857134142857,346.43999938999997
2003-05-29,365.1000061,370.0,360.2000122,369.6000061,33180,368.25714111428573,347.92999979666666
2003-05-30,368.6000061,369.6000061,360.5,364.5,4747,368.0,349.22000020333337
2003-06-02,360.0,367.0,360.0,366.0,1955,367.14285714285717,350.51333313000003
2003-06-03,365.0,366.8999939,363.0,365.2000122,987,366.7285723,351.57000020333334
2003-06-04,366.1000061,366.1000061,361.5,362.6000061,452,365.84286062857143,352.51000061
2003-06-05,361.7999878,370.0,360.8999939,368.6000061,1831,365.9571489571428,353.74666748
2003-06-06,368.1000061,368.1000061,362.0,363.7000122,942,365.74286324285714,354.71000162666667
2003-06-09,362.7999878,366.1000061,361.2000122,361.7999878,453,364.6285749142857,355.65666809
2003-06-10,359.5,362.2999878,351.5,352.2000122,1371,362.8714338,356.24666849666664
2003-06-11,352.2000122,356.1000061,352.2000122,355.5,558,361.3714338,356.9733347566666
2003-06-12,354.5,355.6000061,351.0,353.2999878,114,359.6714303142857,357.44666748
2003-06-13,353.7000122,357.0,352.2999878,356.6000061,82,358.8142874571428,357.9300008133333
2003-06-16,359.1000061,359.2999878,356.5,359.0,560,357.4428580142857,358.53000081333334
2003-06-17,359.8999939,365.0,359.8999939,363.2000122,146,357.37142944285716,359.2266682933334
2003-06-18,360.7000122,361.0,356.7999878,357.2000122,67,356.71429007142854,359.71666869999996
2003-06-19,356.0,363.0,356.0,361.2999878,29,358.0142865857143,360.3633351633334
2003-06-20,362.2999878,362.2999878,356.0,356.2999878,93,358.12857055714284,360.62666829333335
2003-06-23,355.8999939,357.2999878,351.5,353.0,178,358.08571515714283,360.77333475666666
2003-06-24,354.0,354.0,346.2999878,346.2999878,83,356.61428397142856,360.59666748
2003-06-25,348.1000061,349.8999939,347.7000122,349.2999878,514,355.2285679428572,360.57333373999995
2003-06-26,346.5,345.5,343.3999939,343.8999939,1,352.4714224714286,360.2933339433333
2003-06-27,345.2000122,345.2000122,345.2000122,345.2000122,3,350.75713675714286,360.04666748
2003-06-30,345.2999878,345.2999878,345.2999878,346.0,3,348.57142421428574,359.7566670733333
2003-07-01,351.3999939,351.3999939,351.3999939,351.3999939,3,347.8714250857143,359.3299997966667
2003-07-02,351.3999939,351.3999939,351.3999939,351.2999878,3,347.6285662,358.82999979666664
2003-07-03,351.0,351.0,351.0,351.0,3,348.29999651428574,358.1299997966666
2003-07-07,351.0,351.0,351.0,348.1000061,3,348.12857055714284,357.46333313
2003-07-08,344.1000061,344.1000061,344.1000061,344.1000061,3,348.15714372857144,356.6400004066667
2003-07-09,343.6000061,343.6000061,343.6000061,343.6000061,3,347.92857142857144,355.83333435
2003-07-10,343.6000061,343.6000061,343.6000061,344.2999878,3,347.6857125428572,355.13666687000006
2003-07-11,344.0,344.0,344.0,344.7999878,1,346.7428545285714,354.3099995933333
2003-07-14,344.5,346.8999939,346.8999939,347.7000122,120,346.2285723,353.75
2003-07-15,347.7000122,347.7000122,347.7000122,342.1000061,120,344.9571446,352.95333353666666
2003-07-16,342.1000061,342.1000061,342.1000061,343.1000061,100,344.24285888571427,352.21666666666664
2003-07-17,343.1000061,343.1000061,343.1000061,344.2000122,100,344.25714547142854,351.60333353666664
2003-07-18,343.5,344.2999878,344.2999878,347.2000122,100,344.7714320571428,350.8900004066666
2003-07-21,350.8999939,350.8999939,350.8999939,350.8999939,100,345.71429007142854,350.46333313
2003-07-22,350.8999939,350.8999939,350.8999939,350.6000061,100,346.54286411428575,350.09000040666666
2003-07-23,350.6000061,350.6000061,350.6000061,358.6000061,100,348.1000061,350.3033335366666
2003-07-24,358.6000061,358.7000122,358.7000122,362.2000122,100,350.97143554285714,350.52666727666667
2003-07-25,362.7000122,362.7000122,362.7000122,362.7000122,100,353.7714364142857,350.8400014233333
2003-07-28,362.7000122,362.7000122,362.7000122,364.7999878,100,356.71429007142854,351.11333414666666
2003-07-29,364.7000122,364.7999878,364.7999878,361.7000122,48032,358.78571864285715,351.2033345533334
2003-07-30,361.1000061,362.0,354.5,356.2000122,34582,359.5428641142857,350.97000122
2003-07-31,354.7000122,357.5,353.0,354.0,2554,360.0285775285714,350.86333414666666
2003-08-01,354.1000061,355.1000061,346.0,346.1000061,2275,358.24286324285714,350.35666808999997
2003-08-04,346.5,350.7999878,346.2999878,349.2000122,1783,356.38572038571425,350.12000223666666
2003-08-05,349.1000061,349.7999878,348.2000122,349.6000061,102,354.51429094285714,350.00666910666666
2003-08-06,352.0,352.2000122,349.0,350.7999878,384,352.51429094285714,350.1566691066667
2003-08-07,351.0,353.3999939,350.1000061,352.5,407,351.20000348571426,350.26333618
2003-08-08,354.0,357.5,352.0,356.2999878,151,351.2142857142857,350.67666930999997
2003-08-11,359.6000061,361.0,358.7000122,361.7000122,45,352.3142874571428,351.22666931000003
2003-08-12,359.6000061,359.6000061,358.1000061,358.5,25,354.08571515714283,351.6433359766667
2003-08-13,357.2000122,363.7999878,357.2000122,362.1000061,15,355.92857142857144,352.00000305
2003-08-14,363.7999878,366.0,363.0,366.0,15,358.2714277,352.49000345666667
2003-08-15,366.0,366.0,363.5,363.2000122,25,360.0428597571428,352.89667053
2003-08-18,360.0,360.0,358.0,358.3999939,21,360.88571602857144,353.2400034566666
2003-08-19,357.0,361.2999878,357.0,361.6000061,91,361.6428615,353.82333679
2003-08-20,361.1000061,367.0,361.1000061,365.6000061,86,362.20000348571426,354.5566701233334
2003-08-21,364.6000061,364.6000061,362.7000122,360.6000061,49,362.5000043571428,355.10000406666666
2003-08-22,362.0,363.5,362.0,363.1000061,37,362.6428615,355.71000467666664
2003-08-25,364.0,364.0,361.0,361.2999878,26,361.97143118571427,356.16333719666665
2003-08-26,361.5,366.5,361.0,365.7999878,187,362.34285627142856,356.95333658666664
2003-08-27,365.8999939,375.0,370.5,373.5,6,364.5,357.9666697166667
2003-08-28,369.0,369.0,369.0,370.5,7,365.7714277,358.84333597666665
2003-08-29,375.0,375.0,375.0,375.7000122,6,367.2142857142857,359.7933359766667
2003-09-02,375.0,375.0,375.0,373.2000122,8,369.0142865857143,360.53666992
2003-09-03,373.8999939,373.8999939,373.8999939,373.8999939,8,370.5571419857143,361.31333618
2003-09-04,372.8999939,372.8999939,372.8999939,372.8999939,8,372.2142857142857,361.79000244
2003-09-05,377.6000061,377.6000061,377.6000061,377.6000061,8,373.9000026142857,362.30333557
2003-09-08,375.1000061,375.1000061,375.1000061,375.1000061,8,374.1285749142857,362.71666869999996
2003-09-09,381.7000122,381.7000122,381.7000122,381.7000122,8,375.7285766571428,363.28000284666666
2003-09-10,380.0,380.0,380.0,380.0,8,376.34286062857143,363.89000244
2003-09-11,378.0,378.0,378.0,379.7000122,1,377.27143205714293,364.67333577333335
2003-09-12,375.7999878,375.7999878,375.7999878,375.7999878,1,377.54285975714293,365.40000203333335
2003-09-15,375.3999939,375.3999939,375.3999939,374.5,1,377.7714320571428,366.3466684966667
2003-09-16,373.5,373.5,373.5,373.5,1,377.18571690000005,367.15666809
2003-09-17,376.2000122,376.2000122,376.2000122,376.2000122,1,377.3428606285715,368.04333496
2003-09-18,376.6000061,376.6000061,376.6000061,376.6000061,1,376.61428832857143,368.90333556999997
2003-09-19,381.7999878,381.7999878,381.7999878,381.7999878,1,376.8714294428572,369.88000182999997
2003-09-22,387.2000122,387.2000122,387.2000122,387.2000122,1,377.9428580142857,370.9100026433333
2003-09-23,385.8999939,385.8999939,385.8999939,385.8999939,1,379.3857160285715,371.71666869999996
2003-09-24,387.5,387.5,387.5,387.5,1,381.24285888571427,372.68333536666665
2003-09-25,385.0,385.0,385.0,385.0,1,382.88571602857144,373.44666849666663
2003-09-26,380.7999878,380.7999878,380.7999878,380.7999878,7322,383.5428554,373.94000142333334
2003-09-29,381.0,385.0,380.1000061,382.3999939,5080,384.3714250857143,374.58000081333336
2003-09-30,382.2999878,388.7000122,382.2999878,385.3999939,3738,384.8857116714285,375.48000081333333
2003-10-01,385.5,386.2999878,383.0,384.2999878,83,384.4714224714285,376.23666687
2003-10-02,385.1000061,385.1000061,380.5,383.1000061,146,384.0714242142857,376.82000020333334
2003-10-03,383.0,384.5,368.0,369.3999939,708,381.4857090571428,377.11333313
2003-10-06,371.5,373.2999878,370.7000122,372.7000122,93,379.7285679428572,377.43333333333334
2003-10-07,374.6000061,376.7999878,374.6000061,377.2000122,89,379.2142857142857,377.9633341466667
2003-10-08,376.7000122,377.7999878,376.0,375.3999939,89,378.2142857142858,378.28333434999996
2003-10-09,373.5,373.5,369.0,369.2000122,1556,375.90000261428577,378.14000142333333
2003-10-10,370.7999878,370.7999878,370.7999878,373.6000061,96,374.37143380000003,378.24333495999997
2003-10-13,371.2999878,371.2999878,370.0,375.2000122,13,373.2428632428572,378.2266682933333
2003-10-14,373.5,375.7999878,373.5,375.7000122,35,374.1428658571429,378.31000162666663
2003-10-15,374.0,374.0,374.0,372.6000061,2,374.1285792714285,378.26666869999997
2003-10-16,372.7000122,372.7000122,372.7000122,372.7000122,18,373.4857221285714,378.2600026433333
2003-10-17,369.5,369.5,369.5,371.7999878,2,372.97143554285714,378.0666687
2003-10-20,373.5,374.5,373.0,374.0,9,373.65714808571425,378.03000183000006
2003-10-21,378.7000122,382.0,377.6000061,381.7000122,98,374.8142918142857,378.03000183
2003-10-22,376.5,386.6000061,385.0,386.5,178,376.42857578571426,378.24666849666664
2003-10-23,386.0,387.7999878,384.6000061,384.7000122,28,377.71429007142854,378.4133351633334
2003-10-24,384.7000122,394.0,384.1000061,388.8999939,62,380.0428597571428,378.8500020333333
2003-10-27,387.7999878,389.0,387.0,387.8999939,54,382.2142857142857,379.29666849666665
2003-10-28,385.0,385.5,383.0,383.2000122,229,383.84286062857143,379.62000223666666
2003-10-29,383.0,387.0,380.7999878,386.7999878,2,385.6714303142857,379.9733347566667
2003-10-30,387.1000061,387.1000061,387.1000061,384.2999878,2,386.0428554,380.2300008133334
2003-10-31,384.5,384.5,384.5,384.5,2,385.75714111428573,380.32000122000005
2003-11-03,382.7999878,383.0,382.7999878,377.0,3,384.65713937142857,379.9800008133334
2003-11-04,377.0,377.0,377.0,379.8999939,3,383.3714250857143,379.78000081333334
2003-11-05,382.6000061,382.6000061,382.6000061,382.6000061,3,382.61428397142856,379.6166676833334
2003-11-06,380.6000061,380.6000061,380.6000061,380.6000061,3,382.24285452857146,379.47000122000003
2003-11-07,383.2999878,383.2999878,383.2999878,383.2999878,3,381.74285452857146,379.5533345533333
2003-11-10,386.6000061,386.6000061,386.6000061,386.6000061,3,382.07142857142856,379.69333496
2003-11-11,388.7000122,388.7000122,388.7000122,388.1000061,3,382.58571515714283,379.7833353666667
2003-11-12,391.7000122,396.5,396.0,394.8999939,1,385.14285714285717,380.1366689033333
2003-11-13,396.0,396.0,396.0,394.1000061,101,387.1714303142857,380.50333557
2003-11-14,397.7999878,397.7999878,397.7999878,397.7999878,101,389.34285627142856,381.4500020333333
2003-11-17,397.6000061,398.0,398.0,391.5,101,390.89999825714284,382.07666829333334
2003-11-18,397.6000061,397.6000061,397.6000061,397.6000061,101,392.9428580142857,382.75666808999995
2003-11-19,397.7000122,397.7000122,397.7000122,394.8999939,101,394.12857055714284,383.40666809
2003-11-20,393.7000122,393.7000122,393.7000122,393.7000122,101,394.92857142857144,384.2233347566667
2003-11-21,394.0,395.7999878,394.0,396.0,2,395.08571515714283,384.97000122000003
2003-11-24,391.5,391.5,391.5,391.5,77377,394.7142857142857,385.51333414666664
2003-11-25,391.5,393.2000122,389.5,391.1000061,74334,393.75714547142854,386.02666727666667
2003-11-26,390.7000122,402.0,390.6000061,396.7999878,12662,394.5142865857143,386.83333333333326
2003-12-01,397.2000122,402.8999939,397.0,402.7000122,1664,395.24285888571427,387.8333333333333
2003-12-02,402.0,406.0,399.5,403.7000122,1519,396.5000043571428,388.89666748
2003-12-03,403.2000122,404.0,401.5,403.8999939,2672,397.9571446,389.89333394333335
2003-12-04,403.8999939,405.0,400.0,403.2999878,304,399.0,390.61333313
2003-12-05,402.5,406.7999878,400.0,406.3999939,655,401.12857055714284,391.27666626
2003-12-08,409.0,409.5,405.2999878,406.6000061,221,403.34285627142856,392.00666605666663
2003-12-09,407.0,409.1000061,406.5,408.2000122,1224,404.97143118571427,392.65
2003-12-10,406.8999939,412.0,405.7999878,406.2000122,842,405.47143118571427,393.26000061
2003-12-11,405.7999878,407.0,402.7000122,404.6000061,101,405.60000174285716,393.97333374
2003-12-12,406.1000061,409.8999939,406.1000061,409.3999939,171,406.38571602857144,394.72666727666666
2003-12-15,401.6000061,411.0,401.6000061,409.2000122,86,407.2285766571428,395.55666808999996
2003-12-16,410.0,410.0,407.0,407.7000122,39,407.4142935571429,396.33000182999996
2003-12-17,409.1000061,410.7999878,407.7000122,412.0,185,408.1857212571428,397.49666849666664
2003-12-18,413.2000122,413.2000122,408.0,410.3999939,85,408.5000043571429,398.51333516333335
2003-12-19,410.7999878,411.2000122,408.1000061,409.2000122,94,408.9285757857143,399.4000020333333
2003-12-22,409.6000061,411.5,409.6000061,410.6000061,52,409.7857186428572,400.4000020333333
2003-12-23,410.3999939,411.5,409.7999878,411.0,185,410.0142909428572,401.3233357733333
2003-12-24,411.5,413.2000122,410.5,412.2999878,165,410.4571446,402.18000183000004
2003-12-29,414.1000061,415.7999878,413.0,414.7999878,1,411.47142682857145,403.07000121999994
2003-12-30,416.8999939,416.8999939,416.8999939,416.8999939,1,412.17142595714284,403.8033345533333
2003-12-31,416.8999939,417.2000122,417.2000122,415.7000122,1,412.92857142857144,404.52333475666666
2004-01-05,415.7000122,422.5,422.5,424.3999939,20,415.09999738571423,405.41000162666666
2004-01-06,424.3999939,424.2999878,424.2999878,422.7999878,20,416.8428519142857,406.4533345533334
2004-01-07,423.0,423.0,423.0,421.8999939,20,418.39999389999997,407.26333414666675
2004-01-08,421.8999939,422.0,422.0,424.0,20,420.0714242142857,408.23333435000006
2004-01-09,424.0,423.8999939,423.8999939,426.3999939,20,421.7285679428572,409.32333373999995
2004-01-12,425.7999878,428.2000122,425.7999878,426.2999878,3,423.07142421428574,410.3333333333333
2004-01-13,425.3999939,425.8999939,423.0,423.7000122,12,424.2142813571428,411.4066670733333
2004-01-14,421.7000122,421.7000122,421.7000122,421.7000122,12,423.8285696857143,412.4266672766667
2004-01-15,421.7999878,422.0,422.0,408.3999939,12,421.77142770000006,412.8133341466667
2004-01-16,408.2999878,408.2999878,408.2999878,406.7000122,12,419.6000017428572,412.94666748
2004-01-20,406.7000122,406.7000122,406.7000122,412.7000122,12,417.9857177714286,413.24666748
2004-01-21,412.6000061,412.6000061,412.6000061,411.1000061,2,415.8000052285715,413.4866678866667
2004-01-22,411.2999878,411.2999878,411.2999878,410.0,2,413.4714355428572,413.71000162666667
2004-01-23,407.8999939,407.8999939,407.8999939,407.8999939,2,411.2142900714286,413.76000162666674
2004-01-26,406.6000061,406.6000061,406.6000061,406.6000061,2,409.0571463428572,413.7600016266667
2004-01-27,410.0,410.0,410.0,410.0,2,409.2857186428572,413.82000122000005
2004-01-28,414.5,414.5,414.5,414.5,76523,410.4000026142857,414.09666748
2004-01-29,412.0,412.0,396.5,398.5,42434,408.37142944285716,413.89333394333335
2004-01-30,398.0,402.6000061,398.0,402.2000122,13533,407.10000174285716,413.6533345533333
2004-02-02,403.0,403.2999878,394.0,398.7000122,2646,405.48571777142854,413.30333455333334
2004-02-03,398.5,403.0,398.5,399.2000122,490,404.24286324285714,413.02000122000004
2004-02-04,399.7999878,401.2999878,398.5,401.0,977,403.44286237142853,412.65333455333337
2004-02-05,399.3999939,400.2999878,397.5,398.1000061,131,401.74286324285714,412.24333495999997
2004-02-06,397.0,407.0,397.0,403.6000061,313,400.1857212571428,412.05666809
2004-02-09,403.7999878,407.5,403.7999878,406.7999878,101,401.3714338,411.9300008133334
2004-02-10,407.2999878,410.5,407.2999878,406.3999939,71,401.97143118571427,411.77666727666667
2004-02-11,407.7999878,412.0,406.0,410.2000122,134,403.61428832857143,411.70666809
2004-02-12,411.8999939,413.5,410.0,413.7000122,146,405.6857169,411.6700022366667
2004-02-13,412.7000122,416.0,408.0,410.2999878,146,407.0142865857143,411.45000203333336
2004-02-17,414.0,415.3999939,413.3999939,416.0,146,409.57142857142856,411.46000162666667
2004-02-18,414.7999878,415.2999878,412.0,412.2999878,146,410.8142831,411.05666809
2004-02-19,411.0,411.2999878,409.0,409.7999878,63,411.24285452857146,410.6233347566667
2004-02-20,409.0,409.0,395.0,397.5,109,409.97142682857145,409.81000162666663
2004-02-23,399.0,400.2000122,399.0,399.0,162,408.3714250857143,408.9766682933333
2004-02-24,401.6000061,403.2000122,399.0,404.5,77,407.05713762857147,408.2466684966667
2004-02-25,404.7999878,404.7999878,395.0,395.7999878,31,404.98570905714286,407.23000183
2004-02-26,395.1000061,395.1000061,395.1000061,395.7999878,40,402.0999930285715,406.3000010166667
2004-02-27,395.1000061,395.0,395.0,396.3999939,2,399.8285653285715,405.4566670733333
2004-03-01,396.3999939,396.3999939,396.3999939,399.2999878,2,398.3285653285714,405.15333353666665
2004-03-02,397.5,398.7999878,393.5,393.5,104,397.7571367571428,404.71333313
2004-03-03,391.1000061,391.2999878,391.1000061,392.3999939,4,396.8142787428572,404.0366658533333
2004-03-04,394.7999878,394.7999878,393.0,392.8999939,86,395.1571350142857,403.42999877999995
2004-03-05,401.0,401.0,401.0,401.2999878,1,395.9428493,403.13999837333336
2004-03-08,399.5,399.5,399.0,400.6000061,11,396.62856619999997,402.89666544666665
2004-03-09,401.7000122,402.3999939,401.2000122,404.2000122,5,397.7428545285714,402.81666565
2004-03-10,400.0,400.0,400.0,400.0,1,397.8428562714285,402.4833323166667
2004-03-11,399.2000122,399.1000061,399.1000061,400.7000122,5,398.87142944285716,402.02333272333334
2004-03-12,395.2999878,395.2999878,395.2999878,395.2999878,5,399.2857142857143,401.91666565
2004-03-15,399.3999939,399.3999939,399.3999939,399.3999939,5,400.2142857142857,401.8233317066667
2004-03-16,402.0,402.0,402.0,402.3999939,8,400.3714294428572,401.94666443
2004-03-17,402.5,404.0,404.0,406.8999939,8,401.27142770000006,402.20333048666663
2004-03-18,411.1000061,411.1000061,411.1000061,411.1000061,8,402.25714111428573,402.5399973566666
2004-03-19,412.0,412.0,412.0,412.5,16,404.0428554,403.0199971533333
2004-03-22,417.3999939,417.3999939,417.3999939,417.3999939,2,406.4285670714285,403.4799967466667
2004-03-23,417.3999939,417.3999939,417.3999939,419.7999878,2,409.9285670714285,403.91333008
2004-03-24,417.2000122,417.2000122,417.2000122,417.2000122,2,412.47142682857145,404.27333069
2004-03-25,416.0,417.0,416.0,416.7000122,8,414.5142865857143,404.4899973566666
2004-03-26,422.0,422.0,422.0,422.1000061,8,416.6857169,404.76999715333335
2004-03-29,422.1000061,422.1000061,422.1000061,417.1000061,64296,417.5428597571428,404.99666443
2004-03-30,416.5,424.3999939,416.5,421.7000122,36663,418.85714721428576,405.18666483666664
2004-03-31,421.0,428.0,420.6000061,427.2999878,4496,420.2714320571428,405.6866648366667
2004-04-01,427.2000122,432.0,424.5,427.7999878,1561,421.4142892,406.2866648366666
2004-04-02,426.6000061,429.0,417.5,421.6000061,1455,422.04285975714293,407.08999837333334
2004-04-05,421.6000061,421.6000061,414.0,415.3999939,572,421.85714285714283,407.6366648366666
2004-04-06,415.6000061,419.7999878,415.6000061,418.8999939,202,421.39999825714284,408.1166646333333
2004-04-07,418.8999939,423.6000061,417.7999878,422.7999878,381,422.2142813571428,409.0166646333334
2004-04-08,423.2999878,423.2999878,419.0,419.8999939,790,421.95713588571425,409.81999816999996
2004-04-12,421.1000061,422.1000061,418.0,420.1000061,39,420.9285670714285,410.6099985766667
2004-04-13,417.7999878,417.7999878,406.0,407.0,496,417.95714024285707,410.86666565
2004-04-14,407.2999878,407.8999939,399.0,399.7999878,161,414.84285191428575,411.0766652433333
2004-04-15,401.0,401.0,396.5,397.7000122,333,412.31428309999995,411.25333252
2004-04-16,399.6000061,402.2000122,398.5,401.0,177,409.75714111428573,411.5233327233334
2004-04-19,404.6000061,404.6000061,400.2000122,400.6000061,76,406.58571515714283,411.5
2004-04-20,400.2999878,400.2999878,396.7999878,397.7000122,49,403.4142892,411.40333353666665
2004-04-21,393.3999939,395.0,390.0,390.7999878,63,399.2285723,410.9566660566667
2004-04-22,390.5,393.5,390.5,393.2999878,50,397.2714277,410.73333231666663
2004-04-23,393.0,396.7999878,393.0,395.1000061,41,396.60000174285716,410.5466654466667
2004-04-26,396.5,396.7000122,396.2999878,396.0,45,396.35714285714283,410.5699991866667
2004-04-27,397.7000122,399.0,395.7999878,398.6000061,61,396.0142865857143,410.5433329266667
2004-04-28,395.5,396.0,384.1000061,385.3999939,19,393.84285627142856,409.97666626000006
2004-04-29,380.0,386.0,380.0,386.6000061,6,392.2571411142857,409.3
2004-04-30,389.0,389.0,389.0,387.0,2,391.7142857142857,408.4966664633333
2004-05-03,387.0,387.0,387.0,387.0,4,390.8142874571428,407.64666646333336
2004-05-04,392.0,392.0,392.0,391.3999939,2,390.2857142857143,406.7799997966667
2004-05-05,391.3999939,391.3999939,391.3999939,393.3999939,0,389.91428484285717,405.9
2004-05-06,387.2000122,387.2000122,387.2000122,388.0,1,388.39999825714284,404.92666626
2004-05-07,388.1000061,377.0,377.0,378.7000122,3,387.4428580142857,403.65999959333334
2004-05-10,378.6000061,378.6000061,378.6000061,378.2999878,0,386.25714111428573,402.1999989833333
2004-05-11,376.8999939,376.8999939,376.8999939,376.8999939,0,384.8142831,400.85999857666667
2004-05-12,377.3999939,377.3999939,377.3999939,377.3999939,0,383.44285365714285,399.38333130000007
2004-05-13,377.3999939,377.3999939,377.3999939,374.7999878,20,381.07142421428574,397.63333129999995
2004-05-14,377.0,377.0,377.0,377.0,5,378.7285679428572,395.93999837333337
2004-05-17,379.5,379.5,379.5,379.5,0,377.51428222857146,394.5366648366666
2004-05-18,375.7999878,375.7999878,375.7999878,375.7999878,0,377.0999930285715,393.2166646333334
2004-05-19,382.8999939,382.8999939,382.8999939,382.8999939,0,377.75713675714286,392.0166646333334
2004-05-20,382.7999878,382.7999878,382.7999878,378.3999939,0,377.9714224714286,390.5366648366666
2004-05-21,384.7999878,384.7999878,384.7999878,384.7999878,0,379.02856445714286,389.36666463333336
2004-05-24,385.6000061,385.6000061,385.6000061,385.6000061,0,380.57142421428574,388.2166646333333
2004-05-25,388.2999878,388.2999878,388.2999878,388.2999878,0,382.1857081857143,387.5933308933333
2004-05-26,388.2999878,388.2999878,388.2999878,388.2999878,81917,383.44284930000003,387.20999756000003
2004-05-27,388.2000122,395.8999939,388.1000061,394.8999939,53047,386.17142160000003,387.11666361666664
2004-05-28,395.2999878,396.2999878,392.6000061,394.0,9836,387.75713675714286,386.88333028333335
2004-06-01,393.8999939,399.0,393.2999878,394.6000061,1864,390.07142421428574,386.6833302833333
2004-06-02,394.5,397.5,390.0,390.7000122,937,390.91428484285717,386.44999695
2004-06-03,390.7000122,393.0,387.3999939,388.1000061,601,391.2714277,386.35999756
2004-06-04,388.3999939,391.5,385.5,390.8999939,234,391.64285714285717,386.2799977633333
2004-06-07,392.6000061,394.0,392.0,393.7999878,130,392.42857142857144,386.23666382
2004-06-08,393.7999878,395.0,390.2999878,391.0,611,391.87142944285716,386.0699971533333
2004-06-09,391.6000061,391.6000061,383.0,384.5,543,390.5142865857143,385.59999695
2004-06-10,385.2999878,385.5,384.5,385.8999939,71,389.2714277,385.61666361666664
2004-06-14,383.6000061,385.2999878,383.0,383.6000061,209,388.25714111428573,385.5166636166667
2004-06-15,383.1000061,388.5,383.0,388.1000061,51,388.25714111428573,385.55333048666665
2004-06-16,386.5,386.5,383.5,384.6000061,102,387.35714285714283,385.47333068999995
2004-06-17,385.2999878,385.2999878,385.2999878,388.8999939,17,386.65714372857144,385.38999735666664
2004-06-18,392.0,396.3999939,393.0,395.1000061,108,387.24285888571427,385.44666443
2004-06-21,394.6000061,394.6000061,393.2000122,394.0,133,388.60000174285716,385.64666443
2004-06-22,394.0,396.5,394.0,395.0,56,389.9000026142857,386.18999735666665
2004-06-23,395.5,397.2000122,394.5,395.0,50,391.52857317142855,386.74666443
2004-06-24,394.6000061,403.7000122,394.6000061,403.1000061,148,393.6714303142857,387.61999817000003
2004-06-25,402.2999878,403.6000061,401.2999878,402.8999939,189,396.2857142857143,388.46999816999994
2004-06-28,403.0,405.0,401.2999878,401.0,2,398.0142865857143,389.34333191
2004-06-29,400.2000122,400.2000122,398.0,392.5,5,397.64285714285717,389.85999857666667
2004-06-30,395.3999939,395.3999939,394.2999878,392.6000061,146,397.4428580142857,390.2966654466667
2004-07-01,396.0,396.0,396.0,396.0,146,397.58571515714283,390.96999918666666
2004-07-02,396.0,397.2000122,397.2000122,398.2999878,20,398.0571419857142,391.48333231666663
2004-07-06,398.2999878,393.0,393.0,392.6000061,20,396.5571419857142,391.9566660566667
2004-07-07,397.7999878,397.7999878,397.7999878,402.2999878,6,396.4714268285714,392.53999939
2004-07-08,407.7999878,407.7999878,407.7999878,407.7999878,6,397.4428536571428,393.27999877999997
2004-07-09,407.7000122,407.8999939,407.8999939,407.5,15,399.58571079999996,393.91999918666664
2004-07-12,407.5,407.5,407.5,408.1000061,15,401.7999965142857,394.5799997966667
2004-07-13,408.1000061,408.1000061,408.1000061,402.0,15,402.6571393714285,394.81666666666666
2004-07-14,402.0,402.0,402.0,405.3999939,15,403.67142595714284,395.1966664633333
2004-07-15,404.2000122,404.2000122,404.2000122,404.2000122,15,405.3285696857143,395.51666666666665
2004-07-16,404.2000122,404.1000061,404.1000061,406.6000061,15,405.9428580142857,396.04666646333334
2004-07-19,406.6000061,406.6000061,406.6000061,405.6000061,15,405.6285749142857,396.6299997966666
2004-07-20,405.6000061,405.6000061,405.6000061,401.8999939,15,404.82857404285716,396.9966664633333
2004-07-21,401.7999878,401.8999939,401.8999939,397.1000061,15,403.25714547142854,397.1066670733333
2004-07-22,395.2000122,395.2000122,395.2000122,395.2000122,15,402.2857186428572,397.24666748
2004-07-23,395.2000122,391.0,391.0,390.5,4,400.15714808571425,397.44666748
2004-07-26,389.8999939,389.8999939,389.8999939,390.2999878,1,398.1714303142857,397.5933339433333
2004-07-27,390.2999878,390.2000122,390.2000122,387.0,0,395.37142944285716,397.7066670733333
2004-07-28,387.0,387.0,387.0,389.0,69175,393.0,397.73666686999997
2004-07-29,389.0,391.0,385.0,387.0,42070,390.87142944285716,397.81666666666666
2004-07-30,388.2000122,392.0,387.0,391.0,4977,390.0,397.88666687
2004-08-02,394.0,394.5,391.0,391.7000122,1102,389.5,397.77333374000006
2004-08-03,392.0,394.7999878,388.7999878,394.0,2692,390.0,397.77333374000006
2004-08-04,393.6000061,393.6000061,390.5,392.2000122,149,390.27143205714293,397.6800008133333
2004-08-05,393.0,393.5,391.0,392.2999878,108,391.02857317142855,397.5900004066667
2004-08-06,392.5,401.5,391.0,399.7999878,132,392.57142857142856,397.4799997966666
2004-08-09,399.1000061,400.7000122,398.5,400.7000122,318,394.52857317142855,397.4066670733334
2004-08-10,399.2999878,401.2999878,398.5,400.0,92,395.8142874571428,397.37333374
2004-08-11,399.5,399.5,393.2999878,395.5,185,396.35714285714283,397.47333374000004
2004-08-12,395.7000122,396.0,393.5,394.2999878,69,396.39999825714284,397.52999979666663
2004-08-13,394.2999878,399.5,393.5,398.8999939,64,397.35713849999996,397.62666626
2004-08-16,399.0,403.0,399.0,402.8999939,288,398.87142508571424,397.7799997966667
2004-08-17,402.5,404.0,400.2999878,404.3999939,208,399.52856881428573,398.1733327233334
2004-08-18,403.0,404.5,402.7000122,404.2999878,61,400.0428510428571,398.23999939
2004-08-19,404.2999878,407.8999939,404.2999878,407.1000061,128,401.0571376285714,398.21666666666664
2004-08-20,407.0,412.7999878,407.0,413.2000122,254,403.5857108,398.4066670733334
2004-08-23,411.2999878,411.7999878,409.7000122,410.5,18,405.89999825714284,398.48666686999997
2004-08-24,410.5,407.0,404.0,403.0,33,406.4857134142857,398.5200002033333
2004-08-25,405.2999878,407.0,405.2000122,407.8999939,164,407.19999912857145,398.6033335366667
2004-08-26,409.0,409.0,406.2000122,407.3999939,28,407.62857055714284,398.7099995933333
2004-08-27,407.3999939,408.0,403.0,403.2999878,19,407.4857134142857,398.59999898333336
2004-08-30,407.0,407.8999939,404.7000122,407.7999878,114,407.5857108,398.67333170666666
2004-08-31,410.3999939,410.3999939,410.3999939,410.3999939,114,407.1857081857143,398.95666504
2004-09-01,407.2999878,407.2999878,407.2999878,408.7999878,0,406.94284930000003,399.34666443
2004-09-02,407.5,406.3999939,406.3999939,406.0,34,407.3714207285715,399.70666402333336
2004-09-03,400.5,400.5,400.5,400.5,34,406.3142787428572,400.0399973566667
2004-09-07,398.0,398.0,398.0,397.3999939,60,404.88570731428575,400.2766642266667
2004-09-08,396.7999878,396.7999878,396.7999878,399.3999939,20,404.3285653285715,400.6899973566667
2004-09-09,398.8999939,398.8999939,398.8999939,398.5,20,402.9999956428572,401.00666402333337
2004-09-10,401.0,402.0,401.0,401.8999939,120,401.78570992857146,401.5033304866667
2004-09-13,404.1000061,404.1000061,404.1000061,404.1000061,120,401.11428397142856,401.9399973566667
2004-09-14,405.1000061,405.1000061,405.1000061,405.7000122,43,401.07142857142856,402.40666402333335
2004-09-15,407.0,404.0,404.0,405.0,24,401.7142857142857,402.77333069
2004-09-16,404.7000122,404.7000122,404.7000122,404.7000122,24,402.75714547142854,403.1899973566667
2004-09-17,405.7999878,405.7999878,405.7999878,405.7999878,24,403.6714303142857,403.6399973566667
2004-09-20,403.6000061,403.6000061,403.6000061,405.2999878,44,404.64285714285717,403.82333069000003
2004-09-21,408.2999878,408.2999878,408.2999878,408.2999878,44,405.5571419857143,404.07666321
2004-09-22,407.2000122,407.2000122,407.2000122,407.2000122,44,406.0,404.3166636166667
2004-09-23,410.8999939,410.8999939,410.8999939,410.8999939,44,406.74285452857146,404.82999674666667
2004-09-24,408.1000061,408.1000061,408.1000061,408.1000061,44,407.1857125428572,405.2899973566667
2004-09-27,409.1000061,409.1000061,409.1000061,409.1000061,44,407.8142831,405.62999776333334
2004-09-28,410.7999878,410.7999878,410.7999878,412.5,9143,408.7714277,405.9499979666667
2004-09-29,412.0,414.0,411.6000061,413.0,5052,409.87142944285716,406.23666483666665
2004-09-30,412.8999939,418.7999878,412.7000122,418.7000122,1162,411.3571472142857,406.71666565000004
2004-10-01,419.1000061,419.1000061,417.0,419.5,167,413.11428832857143,407.12999878000005
2004-10-04,419.0,415.0,411.5,414.0,327,413.55714634285715,407.15666504
2004-10-05,415.2999878,419.2999878,415.0,418.2000122,164,415.0000043571428,407.4133321133333
2004-10-06,417.5,419.0,417.0,418.3999939,186,416.32857404285716,407.92666524333333
2004-10-07,418.0,419.0,417.5,418.0,93,417.11428832857143,408.2633321133333
2004-10-08,418.7000122,425.0,418.0,423.1000061,75,418.55714634285715,408.7866658533333
2004-10-11,422.2000122,422.2000122,421.0,422.0,20,419.02857317142855,409.4099995933333
2004-10-12,419.1000061,419.1000061,413.5,415.1000061,299,418.4000026142857,409.6533335366667
2004-10-13,411.0,411.7999878,410.2999878,413.2000122,74,418.28571864285715,409.74666748
2004-10-14,416.0,418.7999878,415.2000122,418.1000061,101,418.2714320571428,410.05666809
2004-10-15,418.2999878,419.7000122,417.7999878,418.7000122,51,418.31429181428575,410.48000183
2004-10-18,419.0,419.0,417.1000061,416.2000122,6,418.0571507,411.00333557
2004-10-19,420.7000122,420.7000122,420.7000122,420.2999878,3,417.65714808571425,411.7666687
2004-10-20,420.2999878,425.1000061,420.2999878,423.5,7,417.8714338,412.57000223666665
2004-10-21,423.5,423.5,422.0,424.3999939,9,419.20000348571426,413.4333353666667
2004-10-22,424.6000061,424.6000061,424.6000061,424.6000061,193,420.8285740428572,414.19000244
2004-10-25,429.0,430.0,428.5,429.0,128,422.38571602857144,415.0200022366667
2004-10-26,429.1000061,429.1000061,425.3999939,426.7999878,55,423.5428554,415.7233347566666
2004-10-27,429.5,429.7000122,423.5,424.7999878,50,424.7714233428571,416.38333435
2004-10-28,425.1000061,425.1000061,425.1000061,425.1000061,319,425.4571402428572,417.06333414666665
2004-10-29,428.5,428.5,428.5,428.5,319,426.1714259571428,417.82000121999994
2004-11-01,427.2999878,427.2999878,427.2999878,427.2999878,319,426.5857108,418.55333455333334
2004-11-02,427.2000122,427.2000122,427.2000122,420.0,319,425.9285670714285,418.9433349600001
2004-11-03,424.6000061,424.6000061,424.6000061,424.6000061,319,425.2999965142857,419.52333475666666
2004-11-04,430.1000061,430.1000061,430.1000061,430.1000061,319,425.7714277,420.16333516333333
2004-11-05,433.6000061,433.6000061,433.6000061,433.6000061,319,427.02857317142855,421.0133351633333
2004-11-08,432.7000122,432.7000122,432.7000122,432.7000122,319,428.11428832857143,421.8000020333333
2004-11-09,434.0,434.0,434.0,435.7000122,2,429.1428615,422.5733357733333
2004-11-10,434.5,434.5,434.5,434.0,2,430.1000061,423.2733357733333
2004-11-11,434.8999939,434.8999939,434.8999939,434.8999939,2,432.2285766571428,423.8133351633333
2004-11-12,437.8999939,437.8999939,437.8999939,437.8999939,0,434.1285749142857,424.4266682933333
2004-11-15,437.0,437.0,437.0,437.0,0,435.11428832857143,425.19333496
2004-11-16,440.2000122,440.2000122,440.2000122,440.2000122,0,436.05714634285715,425.9266682933333
2004-11-17,444.7999878,444.7999878,444.7999878,444.7999878,0,437.7857142857143,426.80666809
2004-11-18,442.6000061,442.6000061,442.6000061,442.6000061,1,438.7714277,427.62666829333335
2004-11-19,446.7999878,446.7999878,446.7999878,446.7999878,0,440.5999973857143,428.4166676833334
2004-11-22,446.8999939,446.8999939,446.8999939,448.7999878,0,442.5857108,429.31000061000003
2004-11-23,447.7999878,447.7999878,447.7999878,447.7999878,0,443.9999956428572,430.4
2004-11-24,449.2999878,449.2999878,449.2999878,449.2999878,110725,445.75713675714286,431.60333252
2004-11-29,450.7999878,454.7999878,449.2999878,453.7000122,56709,447.68570818571425,432.78999939
2004-11-30,453.7999878,454.1000061,448.2999878,451.2999878,14253,448.61427961428575,433.8766652433333
2004-12-01,451.6000061,456.0,450.5,454.0,2682,450.2428501714286,435.1366648366667
2004-12-02,454.0,456.5,447.0,450.3999939,1419,450.75713675714286,436.13999837333336
2004-12-03,450.3999939,455.5,448.5,456.0,1231,451.78570992857146,437.22333170666667
2004-12-06,454.3999939,456.1000061,451.5,454.2000122,674,452.69999912857145,438.21666565
2004-12-07,453.0,455.5,451.5,452.0,550,453.08571515714283,439.12999878
2004-12-08,449.0,450.0,434.0,437.2000122,2065,450.7285723,439.40333252
2004-12-09,437.5,440.6000061,432.6000061,435.7999878,1347,448.5142865857143,439.70333252
2004-12-10,436.5,437.1000061,432.6000061,433.8999939,209,445.64285714285717,440.00666605666663
2004-12-13,437.0,439.5,436.0,438.8999939,628,444.0,440.46666565000004
2004-12-14,438.8999939,438.8999939,435.3999939,435.8999939,199,441.12857055714284,440.7133321133333
2004-12-15,435.7000122,442.0,435.7000122,440.7999878,356,439.21428135714285,441.1633321133333
2004-12-16,440.7999878,442.6000061,437.0,436.8999939,232,437.05713762857147,441.72666524333334
2004-12-17,436.7999878,440.0,436.7999878,441.6000061,94,437.6857081857143,442.29333191
2004-12-20,442.5,444.0,442.0,442.3999939,461,438.6285662,442.70333150333335
2004-12-21,443.0,443.2000122,441.1000061,441.7999878,57,439.75713675714286,442.9766642266667
2004-12-22,442.1000061,442.7000122,439.0,440.2999878,70,439.9571358857143,443.2299967466667
2004-12-23,441.2999878,442.6000061,441.0,441.8999939,98,440.8142787428572,443.4366628033333
2004-12-27,444.0,445.8999939,443.0,445.2000122,348,441.44285365714285,443.80999654333334
2004-12-28,445.5,445.5,443.0,444.2999878,2,442.4999956428572,444.12332967333333
2004-12-29,440.5,440.5,440.5,436.0,3,441.6999947714286,444.0599965433333
2004-12-30,437.7000122,439.0,438.8999939,437.5,3,440.9999956428572,444.07666321
2005-01-03,431.0,431.0,431.0,428.7000122,4,439.12857055714284,443.6933298766667
2005-01-04,428.5,428.5,428.5,428.5,108,437.4428580142857,443.14999695
2005-01-05,425.7000122,425.7000122,425.7000122,426.6000061,2,435.25714547142854,442.61666361666664
2005-01-06,421.0,421.0,421.0,421.0,1,431.80000087142855,441.7566640233333
2005-01-07,423.7000122,423.7000122,418.7000122,418.8999939,1,428.1714303142857,440.75999756
2005-01-10,419.1000061,419.1000061,419.1000061,419.1000061,1,425.75714547142854,439.80333150333337
2005-01-11,421.8999939,421.8999939,421.8999939,421.8999939,1,423.52857317142855,438.88999837333336
2005-01-12,423.7999878,423.7999878,423.7999878,426.1000061,1,423.15714372857144,437.96999817
2005-01-13,424.7000122,424.7000122,424.7000122,424.5,1,422.58571515714283,437.0766652433333
2005-01-14,422.0,423.2000122,422.0,422.7000122,20,422.02857317142855,436.0333323166667
2005-01-18,423.2000122,423.2000122,423.2000122,423.2000122,20,422.34286062857143,435.12666626
2005-01-19,426.5,426.5,426.5,423.0,20,422.92857578571426,434.02666625999996
2005-01-20,421.7999878,421.7999878,421.7999878,422.3999939,20,423.4000026142857,432.96666565000004
2005-01-21,425.8999939,425.8999939,425.8999939,426.7000122,20,424.0857195142857,432.12333272333336
2005-01-24,426.8999939,426.8999939,426.8999939,426.8999939,20,424.20000348571426,431.77999877999997
2005-01-25,422.0,422.0,422.0,422.0,20,423.84286062857143,431.3199991866667
2005-01-26,426.8999939,426.8999939,426.8999939,426.8999939,20,424.4428580142857,431.08666585333333
2005-01-27,426.2999878,426.2999878,426.2999878,426.2999878,66923,424.88571167142857,430.66666565
2005-01-28,426.1000061,427.5,424.0,425.7999878,41282,425.28570992857146,430.32999878000004
2005-01-31,426.0,426.5,419.2999878,421.7999878,6857,425.1999947714286,429.69666544666666
2005-02-01,422.2000122,422.2999878,419.2000122,420.7999878,1461,424.3571341428572,429.1599985766667
2005-02-02,420.8999939,422.2999878,419.7999878,421.1000061,426,423.52856445714286,428.47666524333334
2005-02-03,421.2999878,421.2999878,414.7000122,416.6000061,574,422.75713675714286,427.61666564999996
2005-02-04,416.3999939,417.7999878,413.7000122,414.0,320,420.9142804857143,426.68999938999997
2005-02-07,414.1000061,416.0,412.5,413.6000061,534,419.0999973857143,425.8
2005-02-08,413.6000061,413.6000061,410.1000061,412.6000061,1432,417.2142857142857,424.82333374
2005-02-09,412.2000122,413.7999878,410.2999878,412.8999939,1300,415.9428580142857,423.7466664633333
2005-02-10,412.0,418.5,412.5,417.2000122,397,415.42857578571426,422.84333394333333
2005-02-11,416.7999878,422.0,417.6000061,420.5,801,415.34286062857143,422.3266672766667
2005-02-14,420.0,425.6000061,422.2999878,425.7999878,55,416.65714372857144,421.93666687000007
2005-02-15,425.8999939,426.2000122,424.0,425.8999939,113,418.35714285714283,421.8433329266666
2005-02-16,426.0,425.0,422.7999878,425.5,146,420.0571419857143,421.74333292666665
2005-02-17,425.5,428.0,425.2999878,427.2999878,712,422.15713937142857,421.76666565
2005-02-18,426.7000122,427.1000061,426.7000122,427.1000061,14,424.1857125428572,421.96999918666666
2005-02-22,426.5,435.0,426.5,434.5,53,426.65713937142857,422.48999939
2005-02-23,434.0,435.5,433.2000122,434.8999939,107,428.7142813571428,423.01666565
2005-02-24,436.0,436.0,432.5,434.5,6,429.95714024285707,423.43666585333335
2005-02-25,434.5,436.0,436.0,434.8999939,1,431.2428545285714,423.72999878
2005-02-28,435.5,435.5,435.5,436.5,16,432.81428309999995,424.12999878000005
2005-03-01,435.0,433.0,433.0,432.8999939,1,433.61428397142856,424.46999816999994
2005-03-02,433.3999939,433.3999939,433.3999939,432.7999878,1,434.4285670714286,424.7899973566667
2005-03-03,429.8999939,429.8999939,429.8999939,429.8999939,1,433.7714233428571,425.01999715333335
2005-03-04,434.2000122,434.2000122,434.2000122,434.2000122,0,433.6714259571428,425.41333109666664
2005-03-07,435.0,435.0,435.0,435.0,0,433.7428545285714,425.68999735666665
2005-03-08,440.2999878,440.2999878,440.2999878,440.2999878,0,434.51428222857146,426.13666382
2005-03-09,442.1000061,442.1000061,442.1000061,442.1000061,0,435.3142831,426.8066640233334
2005-03-10,442.7999878,442.7999878,442.7999878,442.7999878,1,436.7285679428572,427.33666381999996
2005-03-11,446.3999939,446.3999939,446.3999939,446.2000122,0,438.64285714285717,427.9999979666666
2005-03-14,441.1000061,441.1000061,441.1000061,441.1000061,0,440.24285888571427,428.50999857666665
2005-03-15,440.8999939,440.8999939,440.8999939,440.8999939,0,441.19999912857145,429.1466654466667
2005-03-16,443.7000122,443.7000122,443.7000122,443.7000122,0,442.44285801428566,429.9099995933333
2005-03-17,438.7000122,438.7000122,438.7000122,438.7000122,0,442.2142900714286,430.4966664633333
2005-03-18,439.2999878,439.2999878,439.2999878,439.2999878,0,441.8142874571428,431.25333252
2005-03-21,431.1000061,431.1000061,431.1000061,431.1000061,100,440.14286150000004,431.8233327233334
2005-03-22,431.2999878,431.2999878,431.2999878,431.2999878,16,438.0142865857143,432.4133321133333
2005-03-23,425.2000122,425.2000122,425.2000122,425.2000122,0,435.74285888571427,432.8333323166667
2005-03-24,424.7000122,424.7000122,424.7000122,424.7000122,0,433.4285757857143,433.22666625999994
2005-03-28,425.8999939,425.8999939,425.8999939,425.8999939,0,430.8857160285715,433.51666565
2005-03-29,426.0,426.0,426.0,426.0,0,429.07142857142856,433.69999898333333
2005-03-31,428.7000122,428.7000122,428.7000122,428.7000122,3051,427.55714634285715,433.7966664633333
2005-04-01,428.2999878,428.5,424.5,425.8999939,552,426.81428745714294,433.79666646333334
2005-04-04,426.0,426.2999878,422.7000122,423.8999939,486,425.7571454714286,433.7433329266667
2005-04-05,423.7999878,425.5,423.6000061,424.5,313,425.6571437285715,433.65
2005-04-06,424.8999939,427.7000122,424.1000061,427.1000061,62,426.0,433.65
2005-04-07,426.5,428.5,426.5,426.5,181,426.08571515714283,433.3833333333333
2005-04-08,425.2000122,427.2999878,424.7999878,426.8999939,49,426.2142857142857,433.1166666666667
2005-04-11,426.0,429.7999878,426.0,428.6000061,26,426.19999912857145,432.9200002033333
2005-04-12,428.1000061,430.2000122,426.5,427.6000061,148,426.4428580142857,432.6766672766666
2005-04-13,428.0,430.0,427.5,429.2999878,27,427.2142857142857,432.43666687
2005-04-14,429.5,429.5,423.5,424.0,116,427.14285714285717,432.1400004066667
2005-04-15,423.2000122,425.6000061,423.2000122,424.8999939,73,426.8285696857143,431.8766672766667
2005-04-18,423.6000061,427.5,423.6000061,427.5,29,426.97142682857145,431.79666748
2005-04-19,426.7999878,433.0,426.7999878,432.8999939,128,427.8285696857143,431.7533335366667
2005-04-20,433.6000061,435.7999878,432.3999939,435.2999878,42,428.7857099285714,431.76333313000003
2005-04-21,434.1000061,435.0,432.2999878,433.0,52,429.55713762857147,431.5200002033333
2005-04-22,433.5,435.7999878,433.5,434.2999878,88,430.2714233428571,431.2599995933333
2005-04-25,432.7000122,434.3999939,432.7000122,434.6000061,19,431.7857099285714,430.98666687
2005-04-26,438.0,438.2000122,435.8999939,437.8999939,169,433.64285278571424,430.7099995933333
2005-04-27,436.3999939,437.0,433.6000061,433.0,19,434.4285670714285,430.43999938999997
2005-04-29,435.0,435.0,435.0,435.0,0,434.72856794285707,430.24333292666665
2005-05-02,429.5,429.5,429.5,429.5,0,433.89999825714284,429.76999918666667
2005-05-03,426.7000122,426.7000122,426.7000122,426.7000122,0,433.0,429.3699991866667
2005-05-04,429.0,429.0,429.0,429.0,17,432.24285888571427,429.02666626
2005-05-05,429.7999878,429.7999878,429.7999878,429.7999878,0,431.5571419857143,428.98333231666663
2005-05-06,429.7999878,429.7999878,429.7999878,426.1000061,0,429.87142944285716,428.8099995933334
2005-05-09,426.2000122,426.2000122,426.2000122,426.2000122,0,428.90000261428577,428.8433329266666
2005-05-10,426.2000122,426.2000122,426.2000122,427.2000122,0,427.7857186428572,428.92666626000005
2005-05-11,427.2000122,427.2000122,427.2000122,427.2000122,0,427.4571489571429,428.9700002033333
2005-05-12,421.6000061,421.6000061,421.6000061,421.6000061,0,426.7285766571429,428.82333373999995
2005-05-13,420.2000122,420.2000122,420.2000122,420.2000122,0,425.47143554285714,428.5400004066667
2005-05-16,418.8999939,418.8999939,418.8999939,418.8999939,0,423.9142935571429,428.30666707333336
2005-05-17,419.3999939,419.3999939,419.3999939,419.3999939,0,422.9571489571429,428.1566670733333
2005-05-18,421.5,421.5,421.5,421.5,0,422.2857186428572,428.0566670733333
2005-05-19,421.2000122,421.2000122,421.2000122,420.5,0,421.32857404285716,427.83666687
2005-05-20,420.2000122,416.5,416.5,417.3999939,4,419.92857142857144,427.53333333333336
2005-05-23,416.6000061,416.6000061,416.6000061,416.6000061,4,419.2142857142857,427.1900004066666
2005-05-24,417.5,417.5,417.5,417.5,4,418.8285696857143,426.82000020333334
2005-05-25,418.7999878,418.7999878,418.7999878,418.7999878,4,418.8142831,426.52666626
2005-05-26,418.7999878,418.1000061,418.1000061,418.0,72619,418.61428397142856,426.15
2005-05-27,417.7999878,420.0,417.3999939,419.7999878,51363,418.3714250857143,426.0099995933333
2005-05-31,418.0,420.2000122,413.2000122,416.2999878,7494,417.7714233428572,425.72333272333333
2005-06-01,416.3999939,417.2999878,414.0,415.2999878,2816,417.4714224714285,425.31666564999995
2005-06-02,415.7999878,423.5,415.7999878,422.7000122,1984,418.34285191428575,424.97666626000006
2005-06-03,422.2000122,425.5,421.7000122,423.7000122,416,419.2285679428572,424.59000040666666
2005-06-06,423.6000061,427.7999878,422.6000061,426.5,558,420.3285696857143,424.37333373999996
2005-06-07,426.7000122,426.7000122,424.0,424.7999878,232,421.29999651428574,424.05666707333336
2005-06-08,425.6000061,425.8999939,424.5,424.7000122,171,422.0,423.7266672766666
2005-06-09,423.7000122,424.0,422.0,424.2000122,101,423.1285749142857,423.27000122000004
2005-06-10,423.7999878,428.5,422.0,427.3999939,65,424.85714721428576,423.08333435000003
2005-06-13,428.2999878,431.5,428.2999878,429.2999878,66,425.8000008714286,422.89333394333335
2005-06-14,428.2000122,428.2000122,426.5,427.5,73,426.34285627142856,422.8266672766667
2005-06-15,427.5,428.2999878,427.5,429.1000061,20,426.7142857142857,422.9066670733333
2005-06-16,429.5,436.7999878,429.5,436.2000122,157,428.34286062857143,423.14666748
2005-06-17,436.1000061,439.2999878,436.1000061,438.2999878,29,430.2857142857143,423.4300008133333
2005-06-20,440.0,440.3999939,438.0,438.3999939,18,432.3142831,423.84000040666666
2005-06-21,438.3999939,439.0,439.0,438.8999939,5,433.9571402428572,424.26333313000003
2005-06-22,438.7999878,438.5,437.5,438.1000061,169,435.2142857142857,424.62666626
2005-06-23,438.2999878,442.5,438.2999878,441.7000122,29,437.24285888571427,425.1099995933334
2005-06-24,441.5,441.5,438.5,440.5,31,438.87142944285716,425.73999939000004
2005-06-27,440.7000122,440.7000122,439.5,440.2999878,10,439.4571402428572,426.4099985766667
2005-06-28,436.0,437.5,436.0,436.3999939,0,439.1857125428572,426.99333191
2005-06-30,435.8999939,435.8999939,435.8999939,435.8999939,0,438.8285696857143,427.54333191000006
2005-07-01,427.7999878,427.7999878,427.7999878,427.7999878,0,437.2428545285714,427.75333150333336
2005-07-05,422.8999939,422.8999939,422.8999939,422.8999939,0,435.0714242142857,427.83333130000005
2005-07-06,423.5,423.7999878,423.5,423.5,16,432.4714224714285,428.0366648366667
2005-07-07,423.5,423.5,423.5,423.2999878,125,430.01427787142853,428.25999756
2005-07-08,422.8999939,422.8999939,422.8999939,422.8999939,0,427.5285644571428,428.4399973566667
2005-07-11,425.5,425.5,425.5,425.5,0,425.9714224714285,428.66333109666664
2005-07-12,426.2999878,426.2999878,426.2999878,426.2999878,0,424.5999930285714,428.9399973566667
2005-07-13,423.8999939,423.8999939,423.8999939,423.8999939,70,424.0428510428572,429.07666422666665
2005-07-14,419.6000061,419.6000061,419.6000061,419.6000061,70,423.57142421428574,429.1866648366667
2005-07-15,420.7000122,420.7000122,420.7000122,420.7000122,0,423.1714259571428,429.36666565
2005-07-18,420.3999939,420.3999939,420.3999939,420.5,0,422.7714277,429.29333191
2005-07-19,420.0,420.0,420.0,419.7000122,0,422.3142874571428,429.15999857666674
2005-07-20,419.7000122,419.7000122,419.7000122,421.7000122,0,421.77143205714293,428.99999898333334
2005-07-21,425.3999939,425.3999939,425.3999939,425.3999939,0,421.64286150000004,429.01999918666667
2005-07-22,425.3999939,425.3999939,425.3999939,424.7000122,0,421.75714982857147,429.01999918666667
2005-07-25,425.7000122,425.7000122,425.7000122,425.7000122,2,422.6285792714286,429.0699991866667
2005-07-26,423.3999939,423.3999939,423.3999939,423.3999939,2,423.0142909428572,428.93666585333335
2005-07-27,424.7000122,424.7000122,424.7000122,424.7000122,2,423.6142926857143,428.78333333333336
2005-07-28,424.7000122,424.7000122,424.7000122,427.2999878,40680,424.70000348571426,428.77666626
2005-07-29,427.7000122,430.5,427.0,429.8999939,3607,425.87142944285716,428.80333252
2005-08-01,430.0,432.2999878,429.1000061,431.8999939,776,426.80000087142855,428.6599985766667
2005-08-02,431.7000122,433.0,430.7000122,431.8999939,206,427.8285696857143,428.4466654466667
2005-08-03,431.5,437.5,430.7000122,436.8999939,270,429.4285670714286,428.3966654466667
2005-08-04,436.5,439.0,436.1000061,437.8999939,91,431.4999956428572,428.3633321133333
2005-08-05,437.7000122,438.5,437.0,437.2000122,91,433.28570992857146,428.3333323166667
2005-08-08,437.0,437.0,434.0,434.7000122,51,434.34285627142856,428.09999898333336
2005-08-09,432.5,434.3999939,432.5,434.2000122,52,434.9571446,427.88999939
2005-08-10,434.8999939,437.0,434.8999939,436.5,187,435.61428832857143,427.76333313000003
2005-08-11,437.2000122,446.5,437.2000122,445.5,306,437.55714634285715,428.06666666666666
2005-08-12,445.7999878,449.5,444.5,445.8999939,169,438.84286062857143,428.4
2005-08-15,441.3999939,442.5,441.3999939,442.2000122,61,439.4571489571428,428.8800008133333
2005-08-16,441.7000122,442.5,441.7000122,446.1000061,234,440.7285766571428,429.65333455333337
2005-08-17,442.5,443.2999878,439.5,439.8999939,276,441.47143118571427,430.20000101666665
2005-08-18,440.3999939,440.3999939,438.5,439.5,46,442.2285723,430.74000142333335
2005-08-19,439.1000061,439.6000061,438.0,437.2000122,73,442.3285740428572,431.2166687
2005-08-22,437.0,439.0,437.0,438.1000061,12,441.2714320571428,431.6366689033333
2005-08-23,438.7999878,438.7999878,438.5,439.3999939,2,440.34286062857143,432.0733357733333
2005-08-24,439.7000122,439.7000122,437.0,437.2999878,29,439.64285714285717,432.5200022366667
2005-08-25,438.5,438.5,438.0,438.3999939,54,438.5428554,433.1466684966666
2005-08-26,438.3999939,439.0,438.3999939,437.3999939,52,438.1857125428572,433.7033345533334
2005-08-29,438.5,439.5,437.2999878,437.0,37,437.8285696857143,434.25333455333333
2005-08-30,438.5,439.5,437.2999878,431.2000122,0,436.97142682857145,434.63666788666666
2005-08-31,431.2000122,431.2000122,431.2000122,433.7999878,10,436.35713849999996,435.0400004066667
2005-09-01,438.5,442.5,438.5,442.2999878,4,436.7714233428572,435.60333353666664
2005-09-02,444.2000122,444.2000122,444.2000122,444.2000122,4,437.75714111428573,436.25333353666673
2005-09-06,444.3999939,444.3999939,444.3999939,444.3999939,4,438.61428397142856,436.87666626000004
2005-09-07,444.7000122,444.7000122,444.7000122,444.8999939,1006,439.6857125428572,437.5933329266666
2005-09-08,446.7000122,446.7000122,446.7000122,446.7000122,6,441.07142857142856,438.32666626
2005-09-09,449.0,449.0,449.0,449.0,6,443.61428397142856,439.05
2005-09-12,449.7000122,449.7000122,449.7000122,449.7000122,6,445.8857160285715,439.71000061
2005-09-13,446.1000061,446.1000061,446.1000061,446.1000061,6,446.4285757857143,440.18333435000005
2005-09-14,449.7999878,449.7999878,449.7999878,449.7999878,6,447.22857230000005,440.78000081333334
2005-09-15,455.5,455.5,455.5,455.5,6,448.8142874571428,441.40000101666664
2005-09-16,459.5,459.5,459.5,459.5,6,450.90000261428577,442.12000122
2005-09-19,466.7000122,466.7000122,466.7000122,466.7000122,6,453.7571454714286,443.10333455333335
2005-09-20,466.2000122,466.2000122,466.2000122,466.2000122,2,456.2142900714286,444.1533345533333
2005-09-21,468.8999939,468.8999939,468.8999939,468.8999939,2,458.9571446,445.31000061000003
2005-09-22,467.5,467.5,467.5,466.6000061,2,461.88571602857144,446.31333414666665
2005-09-23,467.2000122,466.7999878,466.7999878,463.5,2,463.84286062857143,446.91333414666667
2005-09-26,463.8999939,463.8999939,463.8999939,465.8999939,2,465.32857404285716,447.58000081333336
2005-09-27,462.6000061,462.6000061,462.6000061,462.6000061,2,465.77143205714293,448.26000061
2005-09-28,469.7000122,469.7000122,469.7000122,469.7000122,2,466.20000348571426,449.04666748
2005-09-29,469.7000122,469.7000122,469.7000122,472.2000122,7799,467.05714634285715,450.1233347566667
2005-09-30,472.7000122,474.0,468.5,469.0,2926,467.0714329285714,451.10666809
2005-10-03,467.7999878,468.0,464.2000122,466.1000061,493,467.0000043571428,452.07000122000005
2005-10-04,466.7999878,468.7999878,465.2999878,466.1000061,210,467.3714338,453.00333455333333
2005-10-05,465.0,465.0,463.5,466.1000061,226,467.4000069714285,453.89333496
2005-10-06,465.6000061,471.6000061,465.6000061,471.8999939,243,468.7285766571428,455.0466684966667
2005-10-07,473.0,475.5,470.0,474.7000122,96,469.44286237142853,456.25666910666666
2005-10-10,474.7999878,477.2999878,473.6000061,475.1000061,248,469.8571472142857,457.51333618
2005-10-11,475.2000122,477.5,475.2000122,477.1000061,99,471.01429094285714,458.85000305
2005-10-12,478.5,478.5,473.2999878,473.8999939,49,472.1285749142857,460.2733357733334
2005-10-13,472.0,472.0,468.2999878,471.1000061,48,472.84286062857143,461.5166697166667
2005-10-14,469.2999878,469.2999878,467.0,469.2000122,113,473.28571864285715,462.41333719666665
2005-10-17,473.0,475.0,473.0,474.1000061,18,473.6000061,463.41000366000003
2005-10-18,472.0,472.5,472.0,472.1000061,13,473.2285766571428,464.3333374
2005-10-19,471.0,471.0,465.0,463.5,46,471.5714329285714,464.95333760333335
2005-10-20,465.0,465.0,460.5,461.0,9,469.2714320571428,465.43000386333335
2005-10-21,462.0,462.0,462.0,467.0,9,468.28571864285715,466.0300038633333
2005-10-24,465.5,465.5,465.5,465.0,2,467.4142892,466.5400034566667
2005-10-25,465.0,474.0,465.0,472.7999878,18,467.92857142857144,467.43000284666664
2005-10-26,472.5,473.5,471.5,471.2000122,159,467.5142865857143,468.1433369933333
2005-10-27,471.0,475.5,471.0,473.7999878,2,467.75714111428573,468.75333658666665
2005-10-28,473.5,473.5,471.6000061,473.0,4,469.11428397142856,469.20333658666664
2005-10-31,471.1000061,471.1000061,471.1000061,465.1000061,1,469.69999912857145,469.15000305
2005-11-01,463.0,463.0,460.0,458.7999878,5,468.52856881428573,468.90333557
2005-11-02,462.7999878,462.7999878,462.7999878,462.7999878,2,468.21428135714285,468.7000020333333
2005-11-03,460.1000061,460.1000061,460.1000061,460.1000061,2,466.39999825714284,468.48333536666667
2005-11-04,455.2999878,455.2999878,455.2999878,456.2999878,2,464.2714233428572,468.24333495999997
2005-11-07,459.0,459.0,459.0,459.0,0,462.15713937142857,468.0133351633333
2005-11-08,458.5,458.5,458.5,460.8999939,10,460.4285670714286,467.95666809
2005-11-09,466.2999878,466.2999878,466.2999878,466.2999878,100,460.5999930285715,467.8433339433333
2005-11-10,466.6000061,466.6000061,466.6000061,466.6000061,100,461.71428135714285,467.6566670733334
2005-11-11,468.2999878,468.2999878,468.2999878,468.2999878,0,462.4999956428571,467.6333333333333
2005-11-14,468.2999878,468.2999878,468.2999878,468.2000122,0,463.65713937142857,467.70333353666666
2005-11-15,468.1000061,468.1000061,468.1000061,468.1000061,50,465.34285627142856,467.7700002033333
2005-11-16,478.2999878,478.2999878,478.2999878,478.2999878,0,468.09999738571423,468.17666626
2005-11-17,476.0,486.0,486.0,486.2000122,38,471.7142857142857,468.65333353666665
2005-11-18,485.6000061,485.6000061,485.6000061,485.6000061,38,474.47143118571427,469.01666666666665
2005-11-21,485.6000061,485.6000061,485.6000061,489.0,38,477.6714303142857,469.4799997966666
2005-11-22,489.0,489.0,489.0,492.6000061,0,481.1428615,469.99666646333327
2005-11-23,492.6000061,492.6000061,492.6000061,492.1000061,0,484.55714634285715,470.60333353666664
2005-11-28,502.2000122,502.2000122,502.2000122,498.2999878,109050,488.87142944285705,471.5099995933333
2005-11-29,498.7000122,502.2999878,494.2999878,499.1000061,42519,491.84286062857143,472.50666605666663
2005-11-30,500.0,500.0,492.2999878,494.6000061,5688,493.04285975714276,473.18999938999997
2005-12-01,494.2000122,503.0,490.5,502.5,2665,495.4571446,474.20333252
2005-12-02,503.0,507.0,500.0,503.2999878,1610,497.49999999999994,475.52999877999997
2005-12-05,504.5,509.7000122,503.5,508.8999939,431,499.8285696857142,477.1266652433333
2005-12-06,509.2000122,511.2000122,504.5,510.2000122,720,502.41428484285706,478.56666564999995
2005-12-07,510.7000122,517.0,509.2999878,514.2999878,985,504.6999991285714,480.20999857666664
2005-12-08,514.5999756,520.0,512.0,519.2999878,337,507.5857108,481.75999857666665
2005-12-09,520.4000244,531.0,520.0,527.0,472,512.2142813571428,483.61999817
2005-12-12,526.5,538.5,526.5,528.4000244,995,515.9142848428571,485.43999938999997
2005-12-13,528.4000244,530.7000122,520.0,521.0,583,518.4428580142858,487.03999939
2005-12-14,521.0,521.0,506.0,506.5,712,518.1000017428572,488.4199991866666
2005-12-15,506.0,509.0,501.0,503.8999939,378,517.1999991285714,489.9233327233333
2005-12-16,503.8999939,508.0,495.2000122,503.3999939,276,515.6428571428572,491.27666626
2005-12-19,509.5,509.5,504.5,503.6000061,150,513.4000026142857,492.72666625999994
2005-12-20,506.8999939,506.8999939,496.0,494.6000061,120,508.77143205714293,494.0033335366667
2005-12-21,495.5,495.5,490.1000061,493.0,56,503.7142857142857,495.13666687
2005-12-22,494.0,503.0,494.0,502.7000122,1632,501.10000174285716,496.53000081333334
2005-12-23,502.2999878,505.7000122,502.2999878,503.0,37,500.60000174285716,497.75333455333333
2005-12-27,508.7000122,509.0,506.0,508.0,57,501.1857169,499.13333435
2005-12-28,506.8999939,517.2999878,516.9000244,514.2000122,20,502.7285766571428,500.6633351633334
2005-12-29,515.7000122,515.7000122,515.7000122,515.7000122,2,504.4571489571428,502.24666849666664
2005-12-30,515.7000122,515.7000122,515.7000122,517.0999756,2,507.6714303142857,503.8800008133333
2006-01-03,518.5999756,528.5,518.5999756,530.7000122,7,513.0571463428571,505.62666829333335
2006-01-04,533.5999756,533.5999756,533.5,533.9000244,8,517.5142909428571,507.21666869999996
2006-01-05,529.0,529.0,526.0,526.2999878,10,520.8428606285714,508.57333475666667
2006-01-06,539.7000122,539.7000122,539.7000122,539.7000122,10,525.3714338,510.26333516333335
2006-01-09,539.7000122,539.7000122,539.7000122,549.0999756,10,530.3571428571429,512.14666748
2006-01-10,544.2999878,544.2999878,544.2999878,544.2999878,2,534.4428536571429,513.88666687
2006-01-11,548.7999878,548.7999878,548.7999878,548.7999878,0,538.9714268285715,515.5700002033333
2006-01-12,548.2999878,548.2999878,548.2999878,548.2999878,0,541.4857090571429,517.2099995933334
2006-01-13,547.0999756,547.0999756,547.0999756,556.0999756,0,544.657130657143,519.2599985766667
2006-01-17,553.4000244,553.4000244,553.4000244,553.4000244,0,548.5285644571429,520.9566660566667
2006-01-18,543.7000122,543.7000122,543.7000122,543.7000122,0,549.0999930285715,522.3033335366666
2006-01-19,543.7000122,552.0,551.0,558.4000244,22,550.4285714285714,523.9533345533333
2006-01-20,558.4000244,558.4000244,558.4000244,553.5,22,551.7428588857143,525.39666748
2006-01-23,555.0,555.0,555.0,558.2999878,1,553.1000017428571,526.8633341466667
2006-01-24,555.0,555.0,555.0,557.7000122,2,554.4428623714285,528.14333496
2006-01-25,562.2000122,562.2000122,562.2000122,562.2000122,2,555.3142961714285,529.3166687
2006-01-26,559.7000122,559.7000122,559.7000122,559.7000122,2,556.2142944285714,530.3600016266666
2006-01-27,558.7000122,558.7000122,558.7000122,558.7000122,79958,558.3571515714285,531.6166687
2006-01-30,559.2000122,566.0,557.5999756,565.7999878,35179,559.4142892,533.59333496
2006-01-31,566.5,572.7000122,565.0,570.7999878,6749,561.8857160285714,535.8233347566667
2006-02-01,570.7999878,571.5999756,563.0,569.4000244,3768,563.4714355428571,538.0233357733333
2006-02-02,569.7999878,575.2999878,568.0,572.5,887,565.5857195142856,540.3200022366667
2006-02-03,571.5,574.2000122,565.0,567.4000244,686,566.3285784,542.7466695133334
2006-02-06,568.4000244,574.0,567.5,570.2000122,649,567.8285784,545.3200032533334
2006-02-07,569.5,571.0,550.5999756,551.0,1276,566.7285766571429,546.9300028466666
2006-02-08,551.0,553.2999878,545.5,550.0999756,762,564.4857177714285,548.5000020333333
2006-02-09,549.9000244,566.0,549.9000244,564.5,227,563.5857195142856,550.3833353666666
2006-02-10,561.9000244,561.9000244,548.0,550.2000122,222,560.8428606285714,551.5833353666668
2006-02-13,548.5,549.5,540.0,539.0,645,556.0571463428571,552.3600016266666
2006-02-14,538.0,546.0,535.5,545.9000244,142,552.9857177714285,553.3200032533333
2006-02-15,544.9000244,545.0,538.0,539.7000122,150,548.6285749142857,553.6200032533333
2006-02-16,539.0,546.0,537.2000122,546.0,96,547.9142892,554.0233357733333
2006-02-17,548.0,552.5,546.0,551.7999878,55,548.1571480857143,554.8733357733333
2006-02-21,550.5,556.5,550.5,553.9000244,86,546.6428658571429,555.3466695133334
2006-02-22,552.5999756,554.7999878,551.0,553.9000244,253,547.1714390285714,555.50667114
2006-02-23,554.5,555.5,548.5,548.4000244,174,548.5142996571428,555.6433390266667
2006-02-24,547.5,560.0,547.5,558.7999878,14,550.3571515714285,555.9766723600001
2006-02-27,556.0999756,556.0999756,552.5,554.7000122,24,552.5000087142856,556.1900065066667
2006-02-28,553.0999756,558.0,553.0999756,561.5999756,49,554.7285766571429,556.37333984
2006-03-01,562.5,564.5,562.5,563.5,1,556.4000069714285,556.7100056933334
2006-03-02,568.2000122,568.2000122,568.2000122,568.2000122,1,558.4428623714285,557.52667236
2006-03-03,569.7999878,569.7999878,568.7000122,566.0,2,560.1714303142857,557.78000488
2006-03-06,554.7999878,554.7999878,554.7999878,554.9000244,2,561.1000017428571,557.8266723599999
2006-03-07,554.5,554.5,554.0,552.7000122,3,560.2285766571429,557.6400065066666
2006-03-08,540.0,540.0,540.0,542.5,3,558.4857177714285,557.1333394333334
2006-03-09,545.0,545.2000122,544.2999878,545.5,25,556.1857212571429,556.5766723600001
2006-03-10,539.9000244,539.9000244,539.9000244,539.9000244,3,552.8142961714285,555.9166727666667
2006-03-13,541.0,542.5,541.0,546.0999756,4,549.6571480857143,555.4966715466667
2006-03-14,551.7000122,551.7000122,551.7000122,551.7000122,4,547.6142926857143,555.0266723599999
2006-03-15,553.0999756,553.0999756,553.0999756,553.0999756,4,547.3571428571429,554.4366719533333
2006-03-16,554.4000244,554.4000244,554.4000244,554.4000244,4,547.6000017428571,553.9366719533333
2006-03-17,554.0999756,554.0999756,554.0999756,554.0999756,4,549.2571411142857,553.3233378066667
2006-03-20,555.2000122,555.2000122,555.2000122,555.2000122,4,550.6428571428571,552.9166707333334
2006-03-21,552.4000244,552.4000244,552.4000244,552.4000244,4,552.4285714285714,552.3233378066667
2006-03-22,550.9000244,550.9000244,550.9000244,550.9000244,300,553.1142926857143,552.3200052866666
2006-03-23,550.0999756,550.0999756,550.0999756,550.0999756,547,552.8857160285714,552.3200052866666
2006-03-24,560.0,560.0,560.0,560.0,547,553.8714338,552.1700052866667
2006-03-27,567.0,567.0,567.0,567.0,547,555.6714303142857,552.73000488
2006-03-28,566.5999756,566.5999756,566.5999756,566.5999756,547,557.4571446,553.6500040666667
2006-03-29,573.0,573.0,573.0,573.0,64190,560.0,554.5533365866667
2006-03-30,572.5999756,587.4000244,571.2999878,586.7000122,25210,564.8999982571429,556.1200032533333
2006-03-31,586.0,589.5999756,579.0,581.7999878,2845,569.3142787428571,557.31333618
2006-04-03,582.0,592.0,582.0,589.4000244,729,574.9285714285714,558.5666707333334
2006-04-04,588.0,590.5,585.5,586.0,1293,578.6428571428571,559.63666992
2006-04-05,587.0,590.7999878,582.5999756,587.9000244,736,581.6285749142857,560.7700032533334
2006-04-06,588.0,595.5999756,588.0,595.2000122,855,585.7142944285714,562.3300028466667
2006-04-07,595.5,598.2999878,585.5,588.4000244,450,587.9142979142856,563.3166707333332
2006-04-10,589.0,599.0,589.0,597.5999756,316,589.4714355428571,564.7466695133334
2006-04-11,602.0,604.0,595.0,595.2000122,697,591.3857247428571,565.8666707333334
2006-04-12,597.2999878,600.0,597.2999878,597.5,38,592.5428641142856,567.0000040666667
2006-04-13,596.5,597.5,592.0,596.5,107,594.0428641142856,567.9433369933334
2006-04-17,605.0,616.5,605.0,615.4000244,1125,597.9714355428571,569.5900044733334
2006-04-18,614.5999756,620.5,614.5999756,620.0,502,601.5142909428571,571.7600036599999
2006-04-19,620.5,632.0,620.5,632.5999756,99,607.8285696857143,574.4233357733334
2006-04-20,640.0,642.0,611.0,619.7999878,537,611.0,577.0000020333333
2006-04-21,615.0,637.0,611.2000122,632.2000122,222,616.2857142857143,579.8900024400001
2006-04-24,634.0,634.0,620.0,620.5999756,288,619.5857108,582.5800008133333
2006-04-25,620.5999756,632.0,620.5999756,631.0,112,624.5142822285715,585.4100016266667
2006-04-26,635.0,639.5,635.0,638.7999878,3,627.8571341428571,588.3133341466668
2006-04-27,636.5,636.5,636.5,633.2999878,6,629.7571324,590.9866678866667
2006-04-28,651.7999878,651.7999878,651.7999878,651.7999878,6,632.4999912857144,594.2333333333333
2006-05-01,658.0,658.0,658.0,657.5,9,637.8857073142857,597.6800008133333
2006-05-02,666.0,666.0,666.0,664.7000122,2,642.5285644571429,601.3300008133334
2006-05-03,669.2000122,669.2000122,669.2000122,665.9000244,1,649.0,605.1133341466666
2006-05-04,674.2000122,674.2000122,674.2000122,674.2000122,1,655.1714303142857,609.2233337399999
2006-05-05,682.2000122,682.2000122,682.2000122,682.2000122,1,661.3714338,613.6266682933333
2006-05-08,679.0,679.0,679.0,677.7999878,2,667.7285766571429,617.5533345533332
2006-05-09,679.0,679.0,679.0,699.4000244,8,674.5285818857143,621.9666687
2006-05-10,695.5,695.5,695.5,703.7000122,4,681.1285836285714,626.53666992
2006-05-11,723.0,723.0,723.0,719.7999878,10,689.0000087142856,631.4300028466666
2006-05-12,714.0,714.0,706.0,710.2999878,32,695.3428606285714,635.5500020333334
2006-05-15,710.2999878,710.2999878,710.2999878,683.5999756,32,696.6857125428571,638.94333496
2006-05-16,710.2999878,710.2999878,710.2999878,691.5,0,698.0142822285715,642.34666748
2006-05-17,690.5,690.5,690.5,690.5,0,699.8285696857143,645.8300008133333
2006-05-18,679.5999756,679.5999756,679.5999756,679.5999756,0,696.9999912857144,648.8866658533334
2006-05-19,679.5999756,679.5999756,679.5999756,656.7000122,0,690.2857055714286,650.9366658533334
2006-05-22,656.5,656.5,656.5,657.0,0,681.3142787428571,653.2233317066667
2006-05-23,673.0,673.0,673.0,673.0,0,675.9857090571429,655.7366658533334
2006-05-24,637.0,637.0,637.0,637.0,0,669.3285696857143,657.1299987799999
2006-05-25,648.2999878,648.2999878,648.2999878,648.4000244,0,663.1714303142857,658.8266662599999
2006-05-26,648.4000244,648.4000244,648.4000244,650.9000244,80564,657.5142909428571,660.6400004066667
2006-05-30,650.7000122,664.5,648.2000122,653.9000244,51461,653.8428693428572,661.9233337400001
2006-05-31,651.0,658.5,638.0,642.5,5034,651.8142961714285,662.6733337400001
2006-06-01,642.7999878,645.0999756,620.0,627.5999756,1682,647.6142926857143,662.5066670733333
2006-06-02,628.0,637.5,622.5999756,635.5,1151,642.2571498285714,663.0300008133333
2006-06-05,635.5,645.0,635.5,643.2000122,613,643.1428658571429,663.3966674799999
2006-06-06,643.4000244,643.4000244,625.0,629.4000244,361,640.4285801428572,663.6900024400001
2006-06-07,629.2000122,629.7999878,617.5,627.4000244,793,637.0714372857143,663.5700032533333
2006-06-08,627.5999756,627.5999756,608.5,609.0999756,532,630.6714303142857,662.5800028466667
2006-06-09,610.0,615.7999878,606.9000244,608.2000122,73,625.7714320571429,661.7433369933333
2006-06-12,606.0,610.0,606.0,606.7999878,19,622.8000052285714,660.2433369933334
2006-06-13,571.2000122,605.5999756,568.0,562.5,207,612.3714338,657.0766703266668
2006-06-14,555.0,571.0,555.0,562.2999878,243,600.8142874571429,653.6633361799999
2006-06-15,557.2999878,577.0,557.2999878,566.5,135,591.8285696857143,650.3500020333333
2006-06-16,566.5,574.7000122,572.0,578.0,4,584.7714233428571,647.1433349600001
2006-06-19,568.7999878,568.7999878,568.7999878,568.7999878,6,579.0142822285715,643.3633341466666
2006-06-20,571.0,571.0,568.0,576.9000244,4,574.5428554,640.0000020333334
2006-06-21,572.0,585.0,572.0,587.5,60,571.7857142857143,636.27000122
2006-06-22,588.0,588.0,587.0,582.2000122,14,574.6000017428571,632.22000122
2006-06-23,583.9000244,584.0,574.0,584.7999878,19,577.8142874571429,627.72000122
2006-06-26,583.0,584.0,580.0,584.7999878,119,580.4285714285714,623.5366678866667
2006-06-27,589.0,589.0,589.0,581.5999756,39,580.9428536571429,620.1366678866667
2006-06-28,585.5,586.0,580.0,578.2999878,1,582.2999965142857,616.3633341466667
2006-06-29,586.5,586.5,586.5,586.5,104,583.6714216,612.89666748
2006-06-30,560.9000244,614.5,609.0,613.5,18,587.3857073142857,610.69333496
2006-07-05,631.0,631.0,631.0,627.2999878,94,593.8285609714286,609.7133341466666
2006-07-06,624.0,624.0,624.0,634.0999756,6,600.8714163714286,608.95
2006-07-07,634.2999878,634.2999878,634.2999878,632.7999878,6,607.7285592285715,607.6099995933333
2006-07-10,632.7999878,632.7999878,632.7999878,624.0999756,6,613.7999878,607.17999878
2006-07-11,632.7999878,632.7999878,632.7999878,641.2000122,6,622.7857055714286,606.9399983733333
2006-07-12,632.7999878,632.7999878,632.7999878,649.4000244,6,631.7714233428571,606.8899983733334
2006-07-13,652.9000244,652.9000244,652.9000244,652.9000244,6,637.3999982571429,606.8566650399999
2006-07-14,666.5999756,666.5999756,666.5999756,666.5999756,6,643.0142822285715,607.65999756
2006-07-17,675.0999756,677.0,675.0999756,650.5999756,40,645.3714250857143,608.4266642266666
2006-07-18,628.2999878,628.2999878,628.2999878,628.2999878,40,644.7285679428571,608.18666382
2006-07-19,641.5999756,641.5999756,641.5999756,641.5999756,40,647.2285679428571,608.1333292666667
2006-07-20,641.5999756,641.5999756,641.5999756,631.7000122,40,645.8714250857143,608.2099955266666
2006-07-21,631.7000122,631.7000122,631.7000122,619.5999756,600,641.6142752571429,607.9499939
2006-07-24,619.5999756,619.5999756,619.5999756,612.7000122,600,635.8714163714285,608.06999512
2006-07-25,612.7000122,612.7000122,612.7000122,617.5999756,600,628.8714163714285,608.3833272333334
2006-07-26,621.5999756,621.5999756,621.5999756,621.5999756,1,624.7285592285714,608.87666016
2006-07-27,632.4000244,632.4000244,632.4000244,632.4000244,66412,625.314278742857,611.2066609733333
2006-07-28,632.5,636.5999756,625.0,634.7999878,27652,624.3428519142857,613.6233276400001
2006-07-31,634.5,646.5,627.0,634.2000122,3183,624.6999947714286,615.8799947133333
2006-08-01,635.4000244,646.5,629.5,646.2999878,1360,628.5142822285715,618.1566609733334
2006-08-02,645.7999878,656.0,644.7000122,651.5999756,414,634.0714198571429,620.9166605666667
2006-08-03,651.0,651.0,638.0,644.9000244,429,637.9714268285715,623.1833272333333
2006-08-04,646.0,653.5,643.0,644.0,97,641.1714303142857,625.0666605666667
2006-08-07,651.2000122,652.0,646.5,647.7999878,139,643.3714250857143,627.25332642
2006-08-08,646.7999878,646.7999878,640.0,645.7000122,43,644.9285714285714,629.2833272333334
2006-08-09,645.0,654.5,638.5,650.5,65,647.2571411142857,631.47332764
2006-08-10,650.2000122,651.2999878,634.0,634.9000244,127,645.6285749142857,633.2499959333333
2006-08-11,638.0,642.2999878,626.0,633.5,596,643.0428641142856,635.08999634
2006-08-14,629.9000244,629.9000244,620.0,628.5,147,640.7000034857143,636.48999634
2006-08-15,625.0,625.5,622.0,622.5,124,637.6285749142857,636.7899963399999
2006-08-16,631.0,631.0,627.0,628.7000122,206,634.9000069714285,636.8366638200001
2006-08-17,627.5,628.5,615.5,615.4000244,295,630.5714372857143,636.2133321133333
2006-08-18,614.2000122,617.0,609.0,612.0999756,102,625.0857195142856,635.5233317066667
2006-08-21,613.5999756,626.5,613.5999756,625.7000122,117,623.7714320571429,635.57666626
2006-08-22,626.0,628.0,623.5,624.5999756,19,622.5,635.0233317066667
2006-08-23,624.5999756,628.0,623.2000122,623.7000122,20,621.8142874571429,634.1666646333334
2006-08-24,621.5999756,624.5,618.0,619.5,35,621.3857160285714,633.0533304866668
2006-08-25,622.5,623.5,621.7999878,622.0,173,620.4285714285714,631.5666646333334
2006-08-28,621.7000122,621.7000122,614.0,615.2999878,46,620.4142804857144,630.3899983733334
2006-08-29,616.7999878,616.7999878,610.5,610.7000122,2,620.2142857142857,629.80333252
2006-08-30,615.5999756,618.0,611.7999878,617.7000122,26,619.0714285714286,629.0066670733333
2006-08-31,625.9000244,625.9000244,625.9000244,625.9000244,26,619.2571498285714,628.8133341466666
2006-09-01,624.4000244,624.4000244,624.4000244,624.4000244,26,619.3571515714285,628.9733357733334
2006-09-04,624.4000244,624.4000244,624.4000244,624.4000244,26,620.0571550571428,629.3633361799999
2006-09-05,638.5,638.5,638.5,638.5,23,622.4142979142856,630.06000366
2006-09-06,633.5,633.5,633.5,633.5,102,625.0142996571428,630.4566711399999
2006-09-07,617.0,617.0,617.0,617.0,102,625.9142979142856,629.9433369933333
2006-09-08,609.5999756,609.5999756,609.5999756,609.5999756,102,624.7571498285714,629.1033365866666
2006-09-11,590.0,590.0,590.0,590.0,0,619.6285749142857,627.6300028466667
2006-09-12,591.0,591.0,591.0,586.9000244,10,614.2714320571429,625.6500040666666
2006-09-13,589.0999756,589.0999756,589.0999756,589.0999756,10,609.2285679428571,623.5666707333334
2006-09-14,579.2999878,579.2999878,579.2999878,579.2999878,0,600.7714233428571,621.3800028466667
2006-09-15,576.4000244,576.4000244,576.4000244,576.4000244,0,592.6142839714286,619.1266703266666
2006-09-18,586.2000122,586.2000122,586.2000122,586.2000122,0,588.2142857142857,617.0733378066666
2006-09-19,576.7999878,576.7999878,576.7999878,576.7999878,0,583.5285731714285,614.7766703266666
2006-09-20,584.0,584.0,584.0,580.0,2,582.1000017428571,612.4266703266666
2006-09-21,582.2000122,582.2000122,582.2000122,582.2000122,0,581.4285714285714,610.6700032533333
2006-09-22,589.4000244,589.4000244,589.4000244,589.4000244,0,581.4714355428572,609.2000040666667
2006-09-25,589.9000244,589.9000244,589.9000244,589.9000244,0,582.9857264857143,607.9133382133334
2006-09-26,591.2000122,591.2000122,591.2000122,591.2000122,0,585.1000104571428,606.8700052866667
2006-09-27,597.2999878,597.2999878,597.2999878,597.2999878,7818,586.6857212571429,605.8233378066667
2006-09-28,597.7000122,606.2000122,597.7000122,605.0,8709,590.7142944285714,605.4766703266667
2006-09-29,605.0999756,605.0999756,595.0,598.5999756,662,593.3714338,605.0266703266666
2006-10-02,598.9000244,604.0,598.0,597.7000122,109,595.5857195142856,604.0933369933333
2006-10-03,591.0,591.9000244,580.0,576.2999878,160,593.7142857142857,602.4833374000001
2006-10-04,573.9000244,577.0,561.0,562.0,4584,589.7285679428571,600.4266703266666
2006-10-05,565.9000244,575.0,565.9000244,571.0,22,586.8428519142857,598.81000366
2006-10-06,572.0,572.5,560.5,572.4000244,24,583.2857142857143,597.15667114
2006-10-09,578.0,578.0,578.0,578.4000244,93,579.4857177714285,595.92667236
2006-10-10,574.5,574.5,568.0,571.9000244,136,575.6714390285714,594.6333394333334
2006-10-11,578.0,578.0,578.0,572.2999878,1,572.0428641142856,593.1200052866666
2006-10-12,575.0,575.0,575.0,576.2999878,5,572.0428641142856,591.4666707333333
2006-10-13,585.5,585.5,585.5,588.7999878,8,575.8714338,590.2800028466667
2006-10-16,593.5,594.5,593.5,594.7000122,210,579.2571498285714,589.2900024400001
2006-10-17,598.5,598.5,588.5,589.7000122,14,581.7285766571429,587.66333618
2006-10-18,592.5,594.0,591.5,588.9000244,18,583.2285766571429,586.1766703266668
2006-10-19,588.9000244,588.9000244,588.7000122,599.0,103,587.1000017428571,585.5766703266668
2006-10-20,597.5,597.5,597.0,593.0,4,590.0571463428571,585.0233378066666
2006-10-23,579.7000122,579.7000122,579.7000122,579.7000122,4,590.5428641142856,584.68000488
2006-10-24,576.5,576.5,576.5,584.4000244,501,589.9142979142856,584.5966715466668
2006-10-25,587.5999756,587.5999756,587.5999756,587.5999756,199,588.9000069714285,584.5466715466666
2006-10-26,595.0,595.5,595.0,596.7999878,26,589.9142892,585.13000488
2006-10-27,598.2000122,598.2000122,598.2000122,598.2000122,5,591.2428588857143,585.85667114
2006-10-30,608.5,608.9000244,608.0,604.7000122,13,592.0571463428571,586.4733378066667
2006-10-31,604.0999756,604.0999756,604.0999756,604.0999756,0,593.6428571428571,587.3833374000001
2006-11-01,612.5,612.5,612.5,616.5999756,6,598.9142804857144,588.6033365866666
2006-11-02,625.4000244,625.4000244,625.4000244,625.4000244,6,604.7714233428571,590.0433369933334
2006-11-03,626.9000244,626.9000244,626.9000244,626.9000244,0,610.3857160285714,591.2933369933332
2006-11-06,625.7999878,625.7999878,625.7999878,625.7999878,0,614.5285731714285,592.4900024399999
2006-11-07,625.7000122,625.7000122,625.7000122,625.7000122,0,618.4571446,593.6400024399999
2006-11-08,616.4000244,616.4000244,616.4000244,616.4000244,0,620.1285749142857,594.2766703266666
2006-11-09,617.0,617.0,617.0,635.0,2,624.5428641142856,595.2766703266667
2006-11-10,628.4000244,628.4000244,628.4000244,628.4000244,2,626.2285853714286,596.2700052866666
2006-11-13,629.0,629.0,629.0,624.2000122,1,626.057155057143,597.1533386200001
2006-11-14,620.5,620.5,620.5,623.7999878,1,625.6142926857143,598.7366719533333
2006-11-15,622.5,622.5,622.5,622.5,0,625.1428658571429,600.7533386199999
2006-11-16,620.5999756,620.5999756,620.5999756,620.5999756,0,624.4142892,602.40667114
2006-11-17,617.5,617.5,617.5,621.5,10,625.1428571428571,604.0433369933334
2006-11-20,621.5,621.5,621.5,621.2000122,0,623.1714303142857,605.4700032533333
2006-11-21,628.0999756,628.0999756,628.0999756,628.2000122,0,623.1428571428571,607.3466695133333
2006-11-22,628.7000122,628.7000122,628.7000122,628.7000122,0,623.7857142857143,609.2266703266667
2006-11-24,628.7000122,628.7000122,628.7000122,628.7000122,0,624.4857177714285,610.9733378066667
2006-11-28,637.2000122,637.2000122,637.2000122,637.2000122,82649,626.5857195142856,612.5866719533333
2006-11-29,638.4000244,640.2999878,634.5,635.5,29111,628.7142944285714,613.9466715466666
2006-11-30,635.0,648.0,635.0,646.9000244,2327,632.342869342857,615.85333862
2006-12-01,645.7000122,649.7000122,643.5,644.7000122,728,635.7000122,617.7133382133333
2006-12-04,647.0999756,648.0,640.5,645.2000122,562,638.1285836285714,619.2533386199999
2006-12-05,644.2999878,648.0,640.5,642.2999878,214,640.0714372857143,620.8966715466667
2006-12-06,640.5,640.5,631.0,630.5,247,640.3285784,622.5900044733334
2006-12-07,628.2999878,632.5,625.0,631.9000244,316,639.5714372857143,624.1733378066666
2006-12-08,633.2999878,636.5,626.0,626.0999756,104,638.2285766571429,625.45667114
2006-12-11,623.0,629.7000122,622.4000244,630.0,467,635.8142874571429,626.5633382133333
2006-12-12,630.2999878,630.5,627.5,627.0,222,633.2857142857143,627.5233378066666
2006-12-13,634.7999878,632.5,624.0,627.9000244,81,630.8142874571429,628.2966715466666
2006-12-14,628.0,628.5,627.5,626.5999756,43,628.5714285714286,629.0466715466666
2006-12-15,625.5,627.7000122,613.0,615.0,118,626.3571428571429,628.9933390266667
2006-12-18,614.0,616.5,612.0,614.0,57,623.7999965142857,628.6133382133333
2006-12-19,620.9000244,620.9000244,616.5,621.5999756,40,623.1571393714286,628.43666992
2006-12-20,621.4000244,622.7000122,619.7000122,620.5999756,385,621.8142787428571,628.26333618
2006-12-21,620.7999878,620.7999878,618.0,618.2000122,22,620.5571376285715,628.01333618
2006-12-22,619.0,619.0,618.7000122,619.0999756,122,619.2999878,628.1033345533334
2006-12-26,625.0999756,628.0,623.0,623.7000122,58,618.8857073142857,627.7266682933333
2006-12-27,627.2000122,627.2000122,627.2000122,627.2000122,3,620.6285662,627.6866678866667
2006-12-28,627.0999756,627.0999756,626.0,634.0999756,17,623.4999912857144,628.0166666666667
2006-12-29,635.2000122,635.2000122,635.2000122,635.2000122,17,625.4428536571429,628.39666748
2007-01-02,635.2000122,635.2000122,635.2000122,635.2000122,17,627.5285731714285,628.82000122
2007-01-03,640.4000244,640.4000244,628.5,627.0999756,38,628.7999965142857,629.0366678866667
2007-01-04,624.5,624.5,624.5,623.9000244,4,629.4857177714285,629.1166687
2007-01-05,623.7000122,623.7000122,617.2999878,604.9000244,531,626.8000052285714,628.5733357733334
2007-01-08,607.5,607.5,607.5,607.5,1000,623.9857177714285,627.8833353666668
2007-01-09,607.0,607.0,607.0,613.0999756,2,620.9857177714285,627.3633341466666
2007-01-10,611.5999756,611.5999756,611.5999756,611.5999756,2,617.6142839714286,626.7933329266666
2007-01-11,612.4000244,612.4000244,612.4000244,612.4000244,0,614.3571428571429,625.9666666666667
2007-01-12,616.2000122,616.2000122,616.2000122,625.5,1,614.1285749142857,625.6333333333333
2007-01-16,623.5999756,623.5999756,623.5999756,624.5999756,2,614.2285679428571,624.8899983733332
2007-01-17,630.5,632.5999756,630.5,632.0999756,2,618.1142752571429,624.4699971533333
2007-01-18,627.0999756,627.0999756,627.0999756,627.0999756,2,620.9142717714286,623.8666625999999
2007-01-19,633.5,633.5,633.5,635.5,2,624.1142752571429,623.6399963399999
2007-01-22,633.2999878,633.2999878,633.2999878,633.2999878,2,627.214277,623.7333292666666
2007-01-23,642.2000122,642.2000122,642.2000122,645.2000122,1,631.8999895428572,624.1766621933333
2007-01-24,640.2999878,640.2999878,640.2999878,647.5999756,1,635.0571289142857,624.89332886
2007-01-25,647.7999878,647.7999878,647.7999878,647.7999878,1,638.3714163714286,625.4866617866667
2007-01-26,644.5,644.5,644.5,644.5,2,640.1428484285715,626.06999512
2007-01-29,643.0999756,643.0999756,643.0999756,643.0999756,71048,642.4285627142856,626.5766601600001
2007-01-30,643.0,647.5,640.7999878,644.2000122,25819,643.6714216,627.1633280466666
2007-01-31,646.5,655.5,641.7999878,652.0,3048,646.3428519142856,628.39666138
2007-02-01,652.9000244,661.5,652.5999756,657.4000244,1198,648.0857108,629.84332886
2007-02-02,655.7000122,659.2999878,642.0,646.2000122,449,647.8857160285714,630.66333008
2007-02-05,649.0,651.0,647.0,650.9000244,196,648.3285784,631.6733317066667
2007-02-06,648.2000122,659.0,648.0999756,653.5999756,169,649.6285749142857,632.8533304866667
2007-02-07,654.7999878,655.5,650.4000244,652.2999878,156,650.9428623714285,633.9599975599999
2007-02-08,650.0,659.2999878,649.0999756,658.0,463,652.9142892,635.1033304866667
2007-02-09,659.0999756,669.5,658.0,667.5,127,655.1285749142857,636.4466634133333
2007-02-12,664.2999878,665.9000244,661.0,662.5999756,65,655.8714250857143,637.3966634133333
2007-02-13,664.2999878,669.0,663.7999878,663.9000244,41,658.3999982571429,638.3533304866667
2007-02-14,666.7000122,672.0,666.7000122,667.4000244,167,660.7571411142857,639.4266642266666
2007-02-15,668.5,668.5,663.0,667.2999878,93,662.7142857142857,640.7666646333332
2007-02-16,664.5,668.4000244,664.5,668.7999878,93,665.0714285714286,642.2633300800001
2007-02-20,671.0,671.0,658.2999878,657.0999756,26,664.9428536571429,644.0033284533332
2007-02-21,660.4000244,682.2999878,657.5,680.2000122,33,666.7571411142857,646.4266621933333
2007-02-22,676.5,679.2999878,676.5,679.4000244,344,669.1571480857143,648.63666382
2007-02-23,678.2999878,685.2999878,674.0,683.0999756,146,671.8999982571429,651.0199971533334
2007-02-26,684.5999756,687.5999756,683.7999878,686.5,34,674.6285662,653.4899963400001
2007-02-27,684.0,687.7000122,668.5,683.9000244,150,677.0,655.43666382
2007-02-28,665.5999756,674.5,662.0,669.4000244,6,677.0857195142856,656.9299987800001
2007-03-01,673.0,673.0,673.0,662.2999878,1,677.8285784,657.9366658533332
2007-03-02,641.5,641.5,641.5,641.5,24,672.3000052285714,658.4166666666666
2007-03-05,640.2000122,640.2000122,640.0,636.7000122,17,666.2000034857143,658.4566670733334
2007-03-06,643.7000122,644.5,641.2999878,643.7999878,15,660.5857195142856,658.8066670733333
2007-03-07,650.5999756,650.5999756,650.5999756,650.5999756,13,655.4571446,658.9866658533334
2007-03-08,653.4000244,653.4000244,653.4000244,653.4000244,13,651.1000017428571,659.1800008133333
2007-03-09,650.0,650.0,650.0,650.0,320,648.3285696857143,659.2533345533333
2007-03-12,648.0,648.0,648.0,648.4000244,8,646.3428606285714,659.3833353666666
2007-03-13,647.5999756,647.5999756,647.5999756,647.5999756,20,647.2142857142857,659.5333353666666
2007-03-14,640.9000244,640.9000244,640.9000244,640.9000244,8,647.8142874571429,659.4233357733334
2007-03-15,645.7000122,645.7000122,645.7000122,645.7000122,8,648.0857195142856,659.21333618
2007-03-16,652.9000244,652.9000244,652.7000122,652.5999756,15,648.3714338,659.0533345533333
2007-03-19,653.0999756,653.0999756,653.0999756,653.0999756,15,648.3285696857143,659.2833333333333
2007-03-20,657.9000244,657.9000244,657.9000244,657.9000244,0,649.4571446,659.5166666666667
2007-03-21,659.0,659.0,659.0,659.0,0,650.9714268285715,659.6966674800001
2007-03-22,663.4000244,663.4000244,663.4000244,663.4000244,27,653.2285766571429,660.0666686999999
2007-03-23,656.7000122,656.7000122,656.7000122,656.7000122,200,655.4857177714285,660.0233357733334
2007-03-26,663.4000244,663.4000244,663.4000244,663.4000244,0,658.0142909428571,659.88666992
2007-03-27,662.0999756,662.0999756,662.0999756,662.0999756,0,659.3714338,659.8700032533333
2007-03-28,666.5,666.5,666.5,666.5,10244,661.285723,659.9566691066667
2007-03-29,665.9000244,666.2000122,654.5999756,661.5,37425,661.8000052285714,659.7600016266667
2007-03-30,661.2000122,667.7000122,659.0999756,663.0,4623,662.3714338,659.6166687
2007-04-02,665.5,665.5,656.0999756,665.7000122,1468,662.7000034857143,659.51333618
2007-04-03,663.0999756,667.2999878,662.2000122,664.0,291,663.7428588857143,659.7433369933334
2007-04-04,664.0,675.0,664.0,672.0999756,1718,664.9857090571429,659.4733357733332
2007-04-05,674.2000122,676.0,671.5,674.2000122,226,666.7142857142857,659.3000020333333
2007-04-09,671.0999756,677.5,671.0999756,671.9000244,35,667.4857177714285,658.9266703266666
2007-04-10,673.9000244,681.5,673.9000244,676.5,29,669.6285749142857,658.5933369933333
2007-04-11,678.2999878,680.2999878,674.7999878,676.7999878,31,671.6000017428571,658.3566691066667
2007-04-12,677.0,677.5,673.0999756,675.0999756,63,672.9428536571429,658.5466674799999
2007-04-13,680.2000122,683.5999756,680.2000122,685.4000244,25,676.0,659.3166687
2007-04-16,685.0999756,690.0999756,685.0999756,690.0999756,55,678.5714285714286,660.9366678866667
2007-04-17,689.0,689.4000244,687.2000122,688.2000122,29,680.5714285714286,662.6533345533333
2007-04-18,689.0999756,690.5999756,687.0,689.0999756,13,683.0285644571429,664.1633341466667
2007-04-19,681.9000244,685.7000122,681.9000244,684.2999878,58,684.1428484285715,665.2866678866667
2007-04-20,690.0999756,692.5,690.0999756,692.0,24,686.3142787428571,666.5733337400001
2007-04-23,689.0,689.0,688.0,690.5999756,16,688.5285644571429,667.92666626
2007-04-24,689.4000244,691.2999878,683.0,684.2000122,220,688.3571341428571,669.1199991866666
2007-04-25,686.5,686.5,683.7999878,684.0999756,17,687.4999912857141,670.3366658533334
2007-04-26,684.5,686.7999878,673.5,674.9000244,51,685.5999930285715,671.4699991866667
2007-04-27,673.0,678.2999878,673.0,678.7000122,55,684.1142839714286,672.5699991866667
2007-04-30,677.4000244,680.0,677.2999878,680.5,12,683.5714285714286,673.5
2007-05-01,673.7000122,673.7000122,673.0,674.4000244,6,681.0571463428571,674.2100016266667
2007-05-02,672.2999878,672.2999878,672.2999878,672.2999878,0,678.4428623714285,674.6900004066666
2007-05-03,681.7999878,681.7999878,681.7999878,681.7999878,0,678.1000017428571,675.45
2007-05-04,687.2000122,687.2000122,687.2000122,687.2000122,0,678.5428641142856,676.2433329266667
2007-05-07,688.0,688.0,688.0,688.0,1,680.4142892,677.2866658533334
2007-05-08,685.0999756,685.0999756,685.0999756,685.0999756,1,681.3285696857143,678.00999756
2007-05-09,680.2999878,680.2999878,680.2999878,680.2999878,1,681.2999965142857,678.6166646333332
2007-05-10,651.0,651.0,651.0,665.0999756,0,679.9714181142857,678.5699971533335
2007-05-11,670.5999756,670.5999756,670.5999756,670.5999756,0,679.7285592285715,678.8733296733334
2007-05-14,668.5,668.5,668.5,668.5,0,677.8285609714286,679.0566630066666
2007-05-15,673.0,673.0,673.0,673.0,0,675.7999878,679.2999959333333
2007-05-16,660.2000122,660.2000122,660.2000122,660.2000122,0,671.8285609714286,679.1733296733332
2007-05-17,656.2000122,656.2000122,656.2000122,656.2000122,0,667.6999947714286,678.6433308933334
2007-05-18,661.0,661.0,661.0,661.0,0,664.9428536571429,678.2033304866668
2007-05-21,660.7000122,661.4000244,660.0,662.9000244,6,664.6285749142857,677.9033304866666
2007-05-22,659.0999756,659.0999756,659.0999756,659.0999756,6,662.9857177714285,677.3233296733334
2007-05-23,661.9000244,661.9000244,661.9000244,661.9000244,6,662.0428641142856,676.8266642266666
2007-05-24,654.0,656.0,654.0,653.0,5,659.1857212571429,676.0899983733333
2007-05-25,655.9000244,655.9000244,655.7000122,655.0999756,5,658.4571446,675.0799967466667
2007-05-29,657.0999756,657.0999756,657.0999756,657.0999756,100718,658.5857108,673.9799967466666
2007-05-30,655.7000122,658.4000244,651.5,653.0999756,49921,657.4571358857144,672.8099955266667
2007-05-31,652.5,662.0,652.5,661.0,8065,657.1857038285715,671.8733296733334
2007-06-01,661.5,672.0,660.7999878,671.2000122,1496,658.9142804857144,671.43666382
2007-06-04,671.2000122,673.7000122,668.9000244,670.7000122,612,660.1714216,670.7266642266666
2007-06-05,672.0999756,674.0,669.2999878,669.5999756,242,662.5428466857144,670.0266642266666
2007-06-06,670.4000244,670.9000244,665.4000244,669.2999878,489,664.5714198571428,669.5299967466667
2007-06-07,671.4000244,671.4000244,658.2999878,660.0999756,282,664.9999912857141,668.7299967466666
2007-06-08,658.5,659.5999756,645.2000122,645.5,261,663.9142804857144,667.7499959333334
2007-06-11,649.2000122,654.4000244,649.2000122,654.2999878,91,662.9571358857144,666.9366617866666
2007-06-12,653.7999878,653.7999878,646.9000244,648.5,61,659.714277,665.8699951199999
2007-06-13,646.5999756,651.5,644.2999878,648.2000122,82,656.4999912857144,664.9966613800001
2007-06-14,652.5999756,652.7999878,650.0,651.5999756,15,653.9285627142857,664.3066609733334
2007-06-15,651.0,655.2000122,650.7000122,654.5,28,651.8142787428571,663.39666138
2007-06-18,657.9000244,658.2000122,655.7000122,655.7999878,57,651.1999947714286,662.3499939
2007-06-19,656.2000122,660.2000122,653.0,660.7000122,36,653.3714250857143,661.4399943066667
2007-06-20,660.7999878,660.7999878,658.0,656.0999756,8,653.6285662,660.4733276400001
2007-06-21,648.5999756,648.5999756,648.5999756,650.5999756,6,653.9285627142856,659.4833272333333
2007-06-22,649.9000244,649.9000244,649.9000244,653.5,3,654.6857038285715,659.0966613799999
2007-06-25,650.0,650.5,650.0,651.2999878,21,654.6428484285714,658.4533284533334
2007-06-26,647.5999756,647.5999756,640.0,642.0999756,60,652.8714163714285,657.57332764
2007-06-27,640.4000244,643.5,640.4000244,641.7000122,43,650.857134142857,656.5299947133334
2007-06-28,643.9000244,648.4000244,643.9000244,647.5,89,648.9714181142856,656.1066609733334
2007-06-29,647.5,649.2000122,647.5,648.0999756,45,647.8285609714286,655.8366597533333
2007-07-02,656.7999878,656.7999878,656.7999878,656.5,1,648.6714216,655.6866597533333
2007-07-03,655.7000122,655.7000122,655.7000122,652.9000244,1,648.5857108,655.35332642
2007-07-05,648.4000244,648.4000244,648.4000244,648.4000244,18,648.1714303142857,654.99666138
2007-07-06,652.7000122,652.7000122,652.7000122,652.7000122,18,649.6857212571429,654.6899943066667
2007-07-09,660.5,660.5,660.5,660.5,0,652.3714338,654.9399943066667
2007-07-10,662.5,662.5,662.5,662.5,0,654.5142909428571,655.1866617866666
2007-07-11,660.2999878,660.2999878,660.2999878,660.2999878,6,656.2571498285714,655.29332886
2007-07-12,665.0,665.0,665.0,666.7000122,2,657.7142944285714,655.7466634133332
2007-07-13,666.7000122,666.7000122,666.7000122,665.7999878,8,659.5571463428571,655.9066630066666
2007-07-16,667.0999756,667.0999756,667.0999756,665.0,1,661.9285714285714,655.6999959333333
2007-07-17,664.7000122,664.7000122,664.7000122,664.7000122,0,663.6428571428571,655.4999959333333
2007-07-18,672.5999756,672.5999756,672.5999756,672.5999756,0,665.3714250857143,655.5999959333334
2007-07-19,677.2000122,677.2000122,677.2000122,677.2000122,0,667.4714268285715,655.86333008
2007-07-20,683.9000244,683.9000244,683.9000244,683.9000244,0,670.8428606285714,656.65666504
2007-07-23,680.7999878,680.7999878,680.7999878,680.7999878,0,672.8571428571429,657.8333312999999
2007-07-24,684.2000122,684.2000122,684.2000122,684.2000122,0,675.4857177714285,658.8299987800001
2007-07-25,673.2999878,673.2999878,673.2999878,673.2999878,0,676.6714303142857,659.65666504
2007-07-26,662.5,662.5,662.5,662.5,0,676.3571428571429,660.1333312999999
2007-07-27,660.0,660.0,660.0,660.0,95749,674.5571463428571,660.4133321133334
2007-07-30,659.9000244,665.2000122,659.2999878,664.0999756,36526,672.6857125428571,660.7333313
2007-07-31,665.0,668.2999878,662.5999756,666.9000244,5769,670.2571411142857,661.10333252
2007-08-01,663.2000122,666.2999878,658.5,663.5999756,2026,667.7999965142857,661.1999979666667
2007-08-02,666.7000122,666.7000122,662.7999878,664.5999756,1062,664.9999912857144,661.4833312999999
2007-08-03,665.7999878,674.4000244,665.7000122,672.5,575,664.8857073142857,662.2133321133333
2007-08-06,672.0999756,672.0999756,668.7999878,671.5,212,666.1714216,662.8133321133333
2007-08-07,670.0,670.0,666.5,670.5999756,313,667.6857038285715,663.45666504
2007-08-08,674.7000122,676.2000122,674.0,674.5,136,669.1714216,664.5366658533334
2007-08-09,667.7999878,667.7999878,661.4000244,661.4000244,377,668.3857073142857,665.1933329266666
2007-08-10,659.5,673.4000244,659.5,670.2999878,1101,669.3428519142857,665.9533325199999
2007-08-13,669.9000244,671.0,668.5999756,669.7000122,52,670.0714285714286,666.67333374
2007-08-14,665.0,670.5,665.0,668.5999756,106,669.5142822285715,667.07666626
2007-08-15,665.0,669.7000122,662.5,668.9000244,845,669.1428571428571,667.6099995933332
2007-08-16,665.2000122,665.2000122,642.9000244,648.2999878,130,665.9571446,667.60666504
2007-08-17,648.4000244,657.7000122,648.4000244,656.9000244,219,663.4428623714285,667.7466654466667
2007-08-20,658.5999756,660.0,658.5999756,656.7000122,189,662.7714320571429,667.6199991866667
2007-08-21,657.9000244,658.4000244,657.5,656.7000122,9,660.8285784,667.42666626
2007-08-22,658.9000244,661.0999756,658.9000244,659.0999756,303,659.3142874571429,667.3866658533334
2007-08-23,663.5999756,663.7000122,663.2000122,658.9000244,135,657.9285801428571,667.12666626
2007-08-24,662.0999756,668.7999878,662.0999756,668.0,208,657.8000052285714,667.2
2007-08-27,667.9000244,668.0,666.0,666.7999878,77,660.4428623714285,667.2599995933334
2007-08-28,665.5,665.9000244,664.2000122,664.4000244,22,661.5142909428571,667.25
2007-08-29,667.0,667.7000122,667.0,666.2999878,78,662.8857160285714,667.0400004066666
2007-08-30,665.5,666.5,665.5,665.0,186,664.0714285714286,666.6333333333333
2007-08-31,672.5,672.7999878,672.5,673.0,186,666.0571463428571,666.2699991866666
2007-09-04,682.5,682.5,682.5,682.5,0,669.4285714285714,666.32666626
2007-09-05,678.5999756,679.0999756,678.5999756,681.7000122,80,671.3857160285714,666.2433329266665
2007-09-06,692.2000122,692.4000244,692.2000122,695.5999756,2,675.5,666.9866658533334
2007-09-07,700.7999878,700.7999878,700.7999878,700.7999878,1,680.6999947714286,668.2633321133334
2007-09-10,704.5,705.0,702.0,703.2999878,43,685.9857090571429,669.70666504
2007-09-11,703.5,703.5,702.7999878,712.2000122,55,692.7285679428571,671.3099995933334
2007-09-12,713.9000244,713.9000244,712.5,711.9000244,6,698.2857142857143,672.8099995933334
2007-09-13,706.9000244,707.4000244,706.9000244,709.5,19,702.1428571428571,674.3400004066666
2007-09-14,717.2000122,717.2000122,714.9000244,709.5999756,33,706.1285662,675.8400004066667
2007-09-17,719.0999756,719.0999756,719.0999756,715.7999878,36,709.0142822285715,677.2833333333333
2007-09-18,715.7999878,715.7999878,715.7999878,715.7999878,104,711.1571393714286,678.7599995933334
2007-09-19,724.5999756,724.5999756,724.5999756,722.0,12,713.8285696857143,680.4733337399999
2007-09-20,732.4000244,732.4000244,732.4000244,732.4000244,12,716.7142857142857,682.4033345533334
2007-09-21,731.4000244,731.4000244,731.4000244,731.4000244,6,719.5,684.7366678866667
2007-09-24,732.0999756,732.0999756,732.0999756,732.0999756,150,722.7285679428571,686.7966674800001
2007-09-25,731.5999756,731.5999756,731.5999756,731.5999756,60,725.8714250857143,688.8599995933333
2007-09-26,728.2999878,728.2999878,728.2999878,728.2999878,12901,727.6571393714286,690.85
2007-09-27,728.2000122,735.5,727.4000244,732.7000122,11841,730.0714285714286,692.97666626
2007-09-28,733.7000122,745.7000122,733.7000122,742.7999878,2004,733.0428554,696.12666626
2007-10-01,745.0999756,747.4000244,741.7999878,747.2000122,644,735.1571393714286,699.1366658533333
2007-10-02,746.5,746.5,726.5,729.7999878,319,734.9285627142857,701.5733317066666
2007-10-03,727.5999756,732.5,726.7000122,729.2999878,61,734.5285644571429,703.9933308933335
2007-10-04,725.0999756,736.7999878,724.2999878,737.7999878,17,735.4142804857144,706.6166646333332
2007-10-05,731.0,741.7000122,731.0,741.2999878,6,737.2714233428571,709.36333008
2007-10-08,735.2000122,737.0,732.4000244,732.7999878,88,737.2857055714286,711.5233296733334
2007-10-09,736.0999756,736.5,735.5,737.4000244,44,736.5142822285715,713.8766642266667
2007-10-10,740.9000244,741.0,740.7000122,740.4000244,32,735.5428554,716.4099975600001
2007-10-11,747.4000244,749.7000122,746.0,751.2999878,180,738.6142839714286,719.2433308933335
2007-10-12,750.4000244,750.4000244,748.7000122,748.7000122,371,741.3857160285714,722.0333313
2007-10-15,758.0,759.5999756,757.9000244,757.0999756,344,744.1428571428571,724.83666382
2007-10-16,762.4000244,762.4000244,756.0999756,757.0,151,746.3857160285714,727.3199971533334
2007-10-17,760.0,760.0,757.0,757.5,45,749.9142892,729.8466634133333
2007-10-18,765.7999878,765.7999878,765.7999878,764.0999756,9,753.7285679428571,732.1299967466667
2007-10-19,765.2000122,765.2000122,762.7000122,764.0,7,757.0999930285715,734.23666382
2007-10-22,766.7000122,766.7000122,751.9000244,755.7999878,60,757.7428501714286,735.9866638200001
2007-10-23,755.7000122,756.0,756.0,759.0,7,759.214277,737.5466634133334
2007-10-24,758.2000122,758.2000122,753.5,761.5999756,55,759.8571341428571,739.2033284533334
2007-10-25,767.9000244,767.9000244,767.9000244,767.2999878,10,761.3285609714286,741.1299947133334
2007-10-26,771.4000244,783.4000244,771.4000244,783.9000244,81,765.0999930285715,743.6066630066666
2007-10-29,793.7999878,793.7999878,787.2999878,789.0999756,9,768.6714216,746.0499959333334
2007-10-30,785.5,785.5,780.7000122,784.2999878,168,771.5714198571429,748.3333292666667
2007-10-31,789.2999878,795.4000244,789.2999878,792.0,12,776.7428501714286,750.6666626000001
2007-11-01,785.2999878,791.2999878,785.2999878,790.7000122,4,781.2714233428571,752.6099955266667
2007-11-02,794.0999756,806.5,794.0999756,805.7000122,4,787.5714285714286,755.0866617866667
2007-11-05,804.5999756,804.5999756,804.2000122,808.0999756,17,793.3999982571429,757.61999512
2007-11-06,821.9000244,825.2999878,821.9000244,820.7999878,4,798.6714216,760.59332886
2007-11-07,830.0,831.2000122,830.0,831.0,3,804.6571393714286,764.0166625999999
2007-11-08,829.7999878,841.2999878,829.7999878,835.2000122,8,811.9285714285714,767.4333292666668
2007-11-09,835.7000122,835.7999878,831.7000122,832.5,7,817.7142857142857,770.4233296733333
2007-11-12,803.9000244,803.9000244,798.7000122,805.7999878,3,819.8714250857143,772.3766621933333
2007-11-13,804.2999878,804.2999878,800.0,797.2000122,6,818.6571393714286,774.6233296733334
2007-11-14,816.7000122,817.0,816.7000122,813.0,11,819.3571428571429,777.41333008
2007-11-15,794.5,794.5,793.7000122,785.9000244,0,814.3714338,779.0166646333333
2007-11-16,785.7000122,785.7000122,785.7000122,785.7000122,0,807.9000069714285,780.4966654466666
2007-11-19,777.5999756,777.5999756,777.5999756,776.7999878,1,799.5571463428571,781.9633321133333
2007-11-20,792.9000244,802.5,792.9000244,790.2999878,5,793.5285731714285,783.7266642266667
2007-11-21,797.5999756,797.5999756,797.5999756,797.5999756,5,792.3571428571429,785.6333292666666
2007-11-23,824.0,824.0,824.0,824.0,6,796.1857125428571,788.0566630066666
2007-11-26,826.0,826.0,826.0,826.0,6,798.0428554,790.6333292666666
2007-11-27,823.2000122,824.7999878,812.5,813.7000122,32,802.0142822285715,792.5199971533334
2007-11-28,800.0999756,800.0999756,800.0999756,800.0999756,165342,804.0714198571428,793.9566630066668
2007-11-29,804.0,807.7999878,791.9000244,795.2999878,66669,806.7142769999999,795.2166626000001
2007-11-30,795.0,798.5999756,778.4000244,782.2000122,7212,805.5571376285714,795.8199971533334
2007-12-03,783.9000244,794.5999756,777.0,788.2999878,3728,804.2285679428571,796.6299967466667
2007-12-04,794.0,805.0,787.2000122,801.2999878,925,800.9857090571428,798.1466634133334
2007-12-05,802.2000122,803.9000244,791.7000122,797.5,389,796.9142804857141,799.4299967466667
2007-12-06,794.4000244,804.7999878,786.5,801.2000122,332,795.1285661999999,800.7499979666667
2007-12-07,800.7000122,801.2000122,792.0,794.4000244,218,794.3142874571429,801.6533325199999
2007-12-10,799.2999878,809.7000122,799.2999878,807.7000122,274,796.0857195142856,802.4466654466668
2007-12-11,808.0999756,812.0,796.0,811.4000244,347,800.2571498285714,803.1900004066666
2007-12-12,809.7000122,815.9000244,809.5999756,813.5,291,803.8571515714286,804.1633341466666
2007-12-13,810.2999878,810.2999878,792.7000122,799.0,200,803.5285818857143,804.3966674799999
2007-12-14,800.2999878,803.5,789.5999756,793.2999878,196,802.9285801428571,804.4833333333333
2007-12-17,793.5,794.5,788.4000244,794.7999878,115,802.0142909428571,804.1199991866667
2007-12-18,793.0,804.7999878,793.0,803.0,72,803.2428588857143,803.95
2007-12-19,799.2000122,804.0,799.0999756,801.0999756,68,802.2999965142857,803.2933329266667
2007-12-20,799.5,800.0,794.2000122,799.2000122,114,800.5571376285715,802.2333333333333
2007-12-21,800.0,812.5,800.0,811.5999756,64,800.2857055714285,801.4466654466667
2007-12-24,811.5,814.0999756,809.7999878,812.7999878,41,802.2571324,800.7899983733332
2007-12-26,815.7000122,826.9000244,815.7000122,826.0,36,806.9285627142856,801.4633321133333
2007-12-27,824.7999878,832.5,824.7999878,828.5999756,160,811.7571323999999,802.50999756
2007-12-28,826.5999756,840.2000122,826.5999756,839.5999756,107,816.9857003428571,803.3966634133333
2007-12-31,843.2000122,843.2000122,843.2000122,834.9000244,4,821.814278742857,805.0299967466667
2008-01-02,848.7000122,857.7999878,846.4000244,857.0,130,830.0714198571428,807.4066630066667
2008-01-03,863.0,865.5,856.2999878,866.4000244,181,837.8999982571428,810.3933308933333
2008-01-04,861.4000244,865.5,860.2000122,863.0999756,28,845.0857108,812.8199971533334
2008-01-07,860.9000244,860.9000244,857.4000244,859.5999756,4,849.8857073142857,814.88666382
2008-01-08,861.5999756,879.4000244,861.5999756,878.0,21,856.9428536571429,816.68666382
2008-01-09,885.0,885.0,876.0,879.5,48,862.6428571428571,818.4699971533333
2008-01-10,882.0,891.4000244,881.2000122,891.7000122,6,870.7571411142857,821.0699971533334
2008-01-11,889.7999878,899.7000122,889.7000122,896.0999756,183,876.3428519142857,824.2699971533333
2008-01-14,907.2999878,907.2999878,905.0,901.5999756,89,881.3714163714285,827.81333008
2008-01-15,887.5999756,887.5999756,887.5999756,901.0,101,886.7857055714286,831.7733296733334
2008-01-16,880.5,885.7999878,880.5,880.5999756,102,889.7857055714286,834.8499959333333
2008-01-17,888.2000122,888.2000122,876.7999878,879.5,11,889.9999912857144,837.4566630066666
2008-01-18,871.7999878,886.7999878,871.0,880.7999878,30,890.1857038285715,840.2333292666666
2008-01-22,878.7000122,891.0,863.2000122,889.5999756,30,889.8856986000001,843.1799947133333
2008-01-23,885.0,895.7000122,880.0,882.5,49,887.9428449428572,846.1166605666666
2008-01-24,890.9000244,906.5999756,890.9000244,905.5,6,888.4999912857144,849.3766601599999
2008-01-25,910.5,910.5,910.5,910.5,6,889.8571341428571,852.6799926799999
2008-01-28,916.5999756,922.0,914.5,927.0999756,25,896.4999912857144,856.4666585333333
2008-01-29,925.0,925.0,925.0,925.0999756,157692,903.0142735142856,860.6699910533333
2008-01-30,924.4000244,936.2999878,915.2999878,920.5999756,68820,908.6999860571428,864.91332398
2008-01-31,928.2000122,928.5999756,918.2999878,922.7000122,4289,913.4285627142856,869.1766581266667
2008-02-01,924.7999878,936.2000122,903.7000122,908.7000122,2152,917.1714215999999,872.6999918666666
2008-02-04,903.7000122,912.0,892.5,904.9000244,1493,917.0857108,876.1599934933333
2008-02-05,905.0999756,905.2000122,884.7000122,885.9000244,476,913.5714285714286,879.0499939
2008-02-06,887.9000244,910.0,887.5,900.7000122,430,909.8000052285714,882.01999512
2008-02-07,900.5999756,909.2999878,896.4000244,906.0999756,463,907.0857195142859,885.1299947133333
2008-02-08,915.2999878,920.0,911.5,918.4000244,339,906.7714407714286,888.2099955266668
2008-02-11,920.7000122,926.9000244,917.5,922.9000244,181,906.8000139428572,891.3533304866667
2008-02-12,921.0,924.7999878,904.2000122,907.4000244,278,906.6143014,893.6133321133334
2008-02-13,903.0,909.4000244,897.2000122,906.5,89,906.8428693428572,895.9999979666667
2008-02-14,904.0,911.0,904.0,907.4000244,128,909.9142979142856,897.67999878
2008-02-15,910.0999756,913.5999756,898.7000122,902.7999878,128,910.2142944285714,898.8933308933334
2008-02-19,904.2999878,928.7999878,900.5,926.5999756,174,913.142865857143,901.00999756
2008-02-20,926.5,945.0,919.5999756,934.5999756,73,915.4571446,903.5099975600001
2008-02-21,940.0999756,953.4000244,940.0999756,946.0999756,138,918.7714233428571,905.7799967466667
2008-02-22,944.9000244,948.5,942.5,944.7000122,79,924.0999930285715,907.9533304866668
2008-02-25,946.5,948.9000244,933.0,937.5999756,312,928.5428466857144,909.4833292666666
2008-02-26,931.2999878,949.0,931.2999878,946.0999756,224,934.0714111428571,911.1499959333333
2008-02-27,960.0,960.0,955.0,958.2000122,215,941.9857003428571,913.03666382
2008-02-28,957.4000244,972.0999756,954.4000244,964.5,238,947.399989542857,915.1533304866666
2008-02-29,971.4000244,973.0999756,963.5,972.0999756,39,952.7571323999999,918.2033304866667
2008-03-03,984.2000122,986.9000244,979.7000122,981.5,26,957.814278742857,921.6033304866667
2008-03-04,982.4000244,984.5,963.7999878,963.9000244,41,960.5571376285714,924.3733317066667
2008-03-05,965.0,992.7000122,963.9000244,986.2000122,45,967.4999999999999,927.5933329266667
2008-03-06,984.2999878,987.7000122,973.4000244,975.0,46,971.6285749142857,930.67666626
2008-03-07,982.7999878,984.9000244,972.4000244,972.2000122,96,973.6285749142857,932.9
2008-03-10,975.5,976.7999878,964.7000122,969.9000244,92,974.4000069714285,934.8800008133334
2008-03-11,975.7000122,976.7000122,971.5,974.2000122,12,974.7000122000001,936.4500020333332
2008-03-12,973.5999756,979.2999878,973.5,978.7999878,6,974.3142961714285,938.24000244
2008-03-13,983.7000122,998.5,983.7000122,992.2999878,10,978.3714338000001,940.6300028466666
2008-03-14,993.9000244,1004.599976,993.0,998.2000122,27,980.0857195142859,943.1466695133333
2008-03-17,1005.0,1014.599976,996.4000244,1001.400024,82,983.8571515142858,946.2366699066666
2008-03-18,1003.599976,1010.0,978.2000122,1003.200012,30,988.2857229142858,949.51333616
2008-03-19,979.2999878,979.2999878,938.4000244,944.7000122,84,984.6857211714286,951.4733357533333
2008-03-20,939.9000244,943.2000122,917.7000122,919.5999756,34,976.8857159428571,952.1033345333333
2008-03-24,915.5,922.0,915.2000122,918.2999878,71,968.2428588000001,952.5100016066666
2008-03-25,931.5,933.9000244,927.2000122,934.5999756,102,959.9999999142858,953.0499999799999
2008-03-26,949.5999756,949.5999756,949.5999756,949.0,1,952.9714267428571,953.9199991666667
2008-03-27,947.4000244,951.7000122,945.7000122,948.7999878,145634,945.4571358571429,955.2999979466665
2008-03-28,947.5,951.0999756,921.7999878,930.5999756,64013,935.0857020857142,956.1033304666666
2008-03-31,931.0,940.0999756,912.0,916.2000122,5980,931.0142735142856,956.3966633933334
2008-04-01,915.0,919.7999878,871.7999878,882.9000244,3204,925.771423342857,955.73333128
2008-04-02,884.0,906.5,881.2000122,895.2000122,2367,922.4714268285713,954.6866658333333
2008-04-03,901.2000122,907.5,889.5999756,905.0,984,918.2428588857141,953.6999999799999
2008-04-04,904.7000122,914.9000244,898.7999878,909.0,279,912.5285731714284,952.4633341266667
2008-04-07,915.2999878,927.2000122,912.2999878,922.7000122,2086,908.8000052285715,951.7300007933333
2008-04-08,924.2000122,925.2999878,909.2999878,914.0,405,906.4285801428572,950.94333494
2008-04-09,916.0,935.5,904.0999756,933.5999756,390,908.9142892,950.5266682733334
2008-04-10,931.2999878,939.2000122,922.4000244,928.2999878,409,915.3999982571429,949.5300007933332
2008-04-11,919.5999756,931.2000122,919.5999756,923.5999756,141,919.4571358857144,948.1666666466666
2008-04-14,917.0,929.4000244,915.5999756,925.4000244,153,922.3714250857143,946.6100016066666
2008-04-15,924.2999878,936.0,924.2999878,928.7000122,168,925.1857125428571,944.8500020133334
2008-04-16,927.2000122,948.7000122,927.2000122,945.0999756,161,928.3857073142857,944.2233337199999
2008-04-17,927.2000122,947.9000244,938.7000122,939.7999878,209,932.0714198571429,942.67666624
2008-04-18,936.0,936.0,907.2000122,912.2000122,145,929.0142822285715,940.5833333133334
2008-04-21,922.5,924.5999756,914.0999756,914.7000122,449,927.0714285714286,938.6666666466666
2008-04-22,920.5999756,922.7999878,916.2000122,922.2999878,625,926.8857160285714,937.07999876
2008-04-23,916.7999878,921.5,898.7999878,906.2000122,111,924.1428571428571,934.8133320933333
2008-04-24,902.4000244,904.7999878,885.0999756,886.7999878,80,918.1571393714286,931.7466654266666
2008-04-25,878.2000122,893.5999756,878.0999756,887.2000122,77,909.8857160285714,928.2433329066665
2008-04-28,887.0,893.7999878,887.0,892.9000244,339,903.1857212571429,924.7333333133333
2008-04-29,890.5999756,890.5999756,869.5999756,874.2000122,136,897.7571498285714,920.49333292
2008-04-30,868.7000122,875.2000122,863.0,862.7999878,88,890.3428606285714,915.8133321133333
2008-05-01,855.0,873.5,849.5999756,848.9000244,28,879.8571515714286,912.6199991866667
2008-05-02,853.2999878,857.7000122,853.2999878,856.0999756,6,872.7000034857143,910.50333252
2008-05-05,861.2000122,872.7999878,861.2000122,872.2999878,35,870.6285749142857,908.9699991866668
2008-05-06,872.2999878,881.4000244,872.2999878,876.0,47,869.0285731714285,907.0166666666667
2008-05-07,868.0,869.4000244,864.7999878,869.5999756,43,865.6999947714286,904.3699991866666
2008-05-08,871.0,883.2999878,867.0999756,880.5999756,71,866.6142752571429,902.0966654466666
2008-05-09,883.9000244,884.7000122,883.9000244,884.5,25,869.714277,900.5599995933334
2008-05-12,879.2000122,886.5,879.2000122,883.7000122,56,874.6857038285714,899.47666626
2008-05-13,862.9000244,870.4000244,862.9000244,868.5,17,876.4571358857144,898.9966654466666
2008-05-14,862.7999878,868.5999756,862.7999878,865.4000244,41,875.4714268285715,898.00333252
2008-05-15,865.7999878,886.2999878,865.7999878,879.0,121,875.8999982571429,897.1366658533333
2008-05-16,892.0,904.2000122,892.0,899.0,85,880.1000017428571,896.8033325199999
2008-05-19,905.0,905.0,905.0,905.0,2,883.5857195142856,896.2133321133333
2008-05-20,919.5,919.5,919.5,919.5,2,888.5857195142856,896.3966654466666
2008-05-21,923.5,924.0,923.2000122,928.0,3,894.9142892,896.2099995933332
2008-05-22,917.5999756,917.5999756,917.5999756,917.9000244,1,901.9714355428571,895.8633341466667
2008-05-23,916.9000244,925.5999756,916.0,925.5999756,1,910.5714285714286,895.9300008133333
2008-05-27,912.0,912.0,906.5,907.7000122,25,914.6714303142857,895.3400004066667
2008-05-28,900.5,900.5,900.5,900.5,149889,914.8857160285714,894.4
2008-05-29,903.0,903.2000122,872.0999756,877.2000122,64624,910.9142892,892.1366678866667
2008-05-30,880.2000122,888.5,868.5999756,887.2999878,6671,906.3142874571429,890.3866678866667
2008-06-02,887.2999878,898.0,881.7999878,892.9000244,2132,901.3000052285714,889.74333496
2008-06-03,889.7999878,896.0999756,874.5999756,881.5999756,2079,896.1142839714286,888.6400004066668
2008-06-04,879.5,886.0999756,876.0,879.9000244,612,889.5857195142856,887.2266682933333
2008-06-05,876.0999756,878.7999878,865.4000244,871.7999878,340,884.4571446,886.0800008133334
2008-06-06,878.5,901.0,877.7000122,895.4000244,230,883.728576657143,886.3666687
2008-06-09,900.7000122,908.9000244,890.5,894.7000122,1930,886.228576657143,886.6166687000001
2008-06-10,886.5999756,886.5999756,866.0,867.9000244,457,883.4571533142858,885.7833353666666
2008-06-11,869.5,882.0,869.5,879.7000122,146,881.5714372857144,885.9666687000001
2008-06-12,873.5999756,873.5999756,858.2000122,869.2000122,135,879.8000139428572,886.1800028466666
2008-06-13,870.2999878,870.2999878,860.5,870.2999878,361,878.4285801428572,886.89333496
2008-06-16,872.5,893.0,871.2999878,883.5999756,70,880.1142926857143,887.8100016266667
2008-06-17,883.4000244,887.0,876.2999878,884.2999878,62,878.5285731714287,888.2100016266667
2008-06-18,888.0,891.9000244,885.0999756,890.9000244,135,877.9857177714285,888.7066691066666
2008-06-19,888.5999756,906.5,888.5999756,901.7000122,44,882.8142874571429,889.7766703266667
2008-06-20,903.7999878,907.2999878,901.0,901.2999878,21,885.8999982571429,890.4666707333332
2008-06-23,903.4000244,903.4000244,879.2000122,884.7999878,54,888.1285662,890.4766703266666
2008-06-24,889.5999756,891.2000122,885.5,889.2000122,64,890.8285696857143,890.6600036599999
2008-06-25,883.5999756,883.7999878,876.4000244,880.0,97,890.314287457143,891.0433369933332
2008-06-26,909.5999756,912.5999756,909.5999756,913.0999756,182,894.4285714285714,892.6333353666668
2008-06-27,913.0999756,927.5999756,910.7000122,929.2999878,167,899.9142804857141,894.3100016266668
2008-06-30,927.7000122,933.7000122,922.2999878,926.2000122,144,903.4142804857141,895.2166687000001
2008-07-01,943.5999756,945.7999878,938.0,942.5,32,909.2999965142857,896.4666687000001
2008-07-02,938.7999878,944.7999878,933.0999756,944.7999878,58,917.8714250857143,897.3100016266668
2008-07-03,944.7999878,944.7999878,928.0,931.9000244,58,923.9714268285715,897.4400024400001
2008-07-07,931.4000244,931.4000244,915.4000244,927.2999878,141,930.7285679428571,897.7533345533334
2008-07-08,922.7999878,922.7999878,919.2000122,921.9000244,37,931.9857177714285,897.6300028466667
2008-07-09,919.7999878,928.2000122,919.7999878,927.2999878,31,931.7000034857144,898.2833353666666
2008-07-10,928.0999756,942.0999756,928.0999756,940.9000244,18,933.8000052285715,899.6300028466667
2008-07-11,948.2000122,965.7000122,948.2000122,959.5,58,936.228576657143,902.3733357733333
2008-07-14,964.7000122,974.5999756,955.0,972.7000122,55,940.2142944285714,905.2200032533333
2008-07-15,983.5,986.2000122,976.0,977.7000122,12,946.7571498285714,908.0466695133333
2008-07-16,960.0,960.0,960.0,961.7999878,1,951.6857212571429,910.7200032533333
2008-07-17,957.2999878,976.2000122,957.2999878,970.0,37,958.5571463428571,913.7233357733334
2008-07-18,956.7999878,957.0,956.7999878,957.2999878,2,962.8428606285714,916.5733357733334
2008-07-21,964.5,964.5,963.5,963.0999756,2,966.0142822285715,918.8300008133334
2008-07-22,973.0,974.9000244,973.0,948.0,3,964.3714250857143,920.6066670733333
2008-07-23,935.0,935.0,924.2000122,922.4000244,203,957.1857125428571,922.4233337400001
2008-07-24,920.9000244,926.4000244,920.9000244,922.0,47,949.2285679428571,923.8333333333334
2008-07-25,928.4000244,929.2000122,921.2000122,926.5999756,35,944.1999947714286,925.7466654466666
2008-07-28,928.7999878,931.0999756,927.0,927.5999756,28,938.1428484285715,927.65666504
2008-07-29,916.2000122,917.7000122,916.2000122,916.4000244,147310,932.2999965142857,928.75
2008-07-30,917.9000244,919.0999756,893.2999878,902.9000244,93759,923.7000034857143,929.3700012200001
2008-07-31,906.9000244,925.5999756,906.0999756,913.9000244,8550,918.8285784,930.1366678866667
2008-08-01,904.9000244,916.0999756,902.0999756,909.0,1834,916.9142892,930.3800008133333
2008-08-04,912.7000122,915.2999878,894.4000244,900.0999756,2415,913.7857142857143,930.3400004066667
2008-08-05,895.4000244,895.4000244,873.2999878,878.5999756,790,906.9285714285714,930.1333333333333
2008-08-06,880.7000122,885.5999756,875.0,875.5999756,1330,899.5,929.6799987800001
2008-08-07,882.2000122,883.7999878,870.2999878,870.7000122,335,892.9714268285715,929.3699991866667
2008-08-08,868.7999878,869.5,851.0999756,857.7999878,303,886.5285644571429,927.5266662600001
2008-08-11,858.2999878,863.4000244,818.0,821.5,286,873.3285609714286,923.9333333333333
2008-08-12,826.4000244,826.4000244,803.5999756,808.2000122,99,858.9285627142857,920.0
2008-08-13,810.9000244,829.0999756,810.9000244,825.0,155,848.1999947714286,916.0833333333334
2008-08-14,831.4000244,831.9000244,805.0,808.2000122,67,838.1428571428571,911.5300008133333
2008-08-15,796.9000244,799.2000122,780.9000244,786.0,134,825.3428606285714,906.6666666666666
2008-08-18,792.0,801.7000122,792.0,799.7000122,22,815.2000034857143,902.4133341466666
2008-08-19,789.5999756,814.5,789.5999756,811.0999756,48,808.5285731714284,898.7199991866668
2008-08-20,814.9000244,814.9000244,804.7000122,810.2999878,87,806.9285714285714,894.8199991866667
2008-08-21,825.7999878,835.5999756,825.7999878,833.0,99,810.4714268285713,891.2233317066665
2008-08-22,832.2999878,836.5999756,823.0999756,827.4000244,21,810.8142874571429,886.8199991866666
2008-08-25,819.7999878,819.7999878,819.7999878,819.7999878,44,812.4714268285715,881.7233317066667
2008-08-26,826.0,826.0,826.0,822.2000122,142,817.6428571428571,876.5399983733333
2008-08-27,830.2999878,830.2999878,825.2999878,828.0999756,423,821.6999947714285,872.0833313
2008-08-28,828.0,842.5999756,824.5,830.9000244,503,824.5285731714285,867.4466654466667
2008-08-29,831.7000122,833.0,831.7000122,829.2999878,116,827.2428588857143,863.17999878
2008-09-02,829.9000244,840.7000122,790.7999878,805.0,185,823.2428588857144,857.9099995933334
2008-09-03,805.5999756,805.5999756,791.5999756,802.7000122,28,819.7142857142857,853.0666666666667
2008-09-04,801.4000244,809.0999756,794.9000244,797.9000244,76,816.5857195142856,848.9166666666666
2008-09-05,794.7000122,809.0,794.0,797.5999756,85,813.0714285714286,844.7699991866666
2008-09-08,811.0,813.2000122,796.4000244,797.5,88,808.7000034857143,840.4666666666667
2008-09-09,802.0,802.0,780.0,787.0999756,29,802.4428536571429,835.7833333333333
2008-09-10,776.5999756,781.0,752.7999878,757.9000244,56,792.2428588857143,830.5
2008-09-11,756.5999756,756.5999756,739.0,741.2999878,25,783.1428571428571,825.1133321133333
2008-09-12,750.5,756.0,750.5,760.2999878,12,777.0857108,819.9933308933335
2008-09-15,778.0999756,778.5999756,764.0,783.0999756,19,774.9714181142857,815.7966634133334
2008-09-16,777.7000122,777.7000122,777.0,776.5,2,771.9571358857144,811.6766642266666
2008-09-17,782.9000244,808.0,782.9000244,846.5999756,26,778.9714181142856,810.6099975599999
2008-09-18,869.9000244,910.9000244,836.0,892.7000122,59,794.0571376285715,811.17999878
2008-09-19,860.5999756,860.5999756,860.5999756,860.5999756,112,808.7285592285714,810.8433308933332
2008-09-22,888.7999878,908.0999756,888.7999878,903.9000244,20,831.9571358857141,812.3799987799999
2008-09-23,892.4000244,898.9000244,886.0,885.5,184,849.8428519142856,814.5133321133333
2008-09-24,879.5,891.2999878,879.5,889.0,185,864.9714268285713,817.20666504
2008-09-25,891.5,891.5,884.5,877.7000122,92,879.4285714285713,818.9633321133333
2008-09-26,884.2000122,890.2000122,884.2000122,882.9000244,13695,884.6142926857143,821.4533325200001
2008-09-29,871.2999878,919.0,866.4000244,888.2000122,2943,883.9714355428571,824.8599995933333
2008-09-30,904.7999878,912.5,855.0,874.2000122,879,885.9142979142858,827.3433329266667
2008-10-01,878.0,889.0999756,869.2000122,880.7000122,304,882.6000104571428,829.6633341466666
2008-10-02,870.4000244,870.4000244,829.2999878,839.0,462,875.9571533142856,830.6200012200001
2008-10-03,832.5,844.2999878,823.0,828.9000244,228,867.3714425142858,830.4833353666668
2008-10-06,828.7999878,868.7999878,826.0,862.7000122,510,865.2285853714286,831.6600016266667
2008-10-07,862.0999756,883.0,858.2000122,878.4000244,41,864.5857282285714,833.61333618
2008-10-08,879.7000122,915.5,877.7000122,903.0999756,310,866.7142944285715,836.3100016266667
2008-10-09,902.7000122,919.7000122,883.0,883.0999756,76,867.9857177714285,838.1433349600001
2008-10-10,925.7000122,925.7000122,843.0,855.4000244,104,864.3714338000001,838.9600016266667
2008-10-13,861.0999756,861.0999756,830.2999878,838.9000244,186,864.3571515714286,839.2800028466667
2008-10-14,848.0999756,848.0999756,833.5,836.2999878,48,865.4142892,840.3233357733333
2008-10-15,839.5,848.7000122,831.5999756,835.5,120,861.5285731714285,841.4166687
2008-10-16,846.0,846.0,790.0,801.5,34,850.5428554,841.5366678866666
2008-10-17,798.0,807.0,773.7999878,785.0999756,55,833.6857125428571,841.1200012200001
2008-10-20,803.7999878,803.7999878,787.5,787.5999756,19,820.0428554000001,840.7900004066666
2008-10-21,793.7000122,793.7000122,767.7000122,766.0999756,83,807.2857055714285,840.0900004066667
2008-10-22,771.7000122,771.7000122,721.0,733.2999878,244,792.1999860571428,839.2699991866666
2008-10-23,705.0,719.7999878,705.0,713.2999878,37,774.6285574857142,838.3366658533333
2008-10-24,715.2999878,734.2000122,681.0,729.0999756,99,759.428554,837.2966654466667
2008-10-27,742.7999878,744.5,712.0,741.7000122,268,750.8856986,835.9166666666666
2008-10-28,731.0,748.7999878,730.5999756,739.2999878,6,744.3428432,834.67666626
2008-10-29,750.7999878,750.7999878,750.7999878,752.7999878,90,739.3714163714286,831.55
2008-10-30,760.5,774.0,739.0999756,737.2000122,24,735.2428501714286,826.3666666666667
2008-10-31,731.4000244,736.0,718.4000244,716.7999878,17,732.8857073142857,821.57333374
2008-11-03,728.7999878,731.5,728.7000122,725.4000244,16,734.6142839714286,815.62333374
2008-11-04,726.0,760.0,726.0,756.0,30,738.4571446,811.3066670733333
2008-11-05,757.4000244,757.4000244,739.0,741.2999878,22,738.3999982571429,806.3833333333333
2008-11-06,743.4000244,759.0,731.9000244,731.2000122,30,737.2428588857143,801.5
2008-11-07,731.5,743.0,727.2000122,733.2000122,17,734.4428623714285,796.5099995933334
2008-11-10,749.0,753.5999756,747.9000244,745.5999756,42,735.6428571428571,791.75666504
2008-11-11,734.2000122,735.5999756,729.7999878,732.0,39,737.8142874571429,787.0166646333333
2008-11-12,730.4000244,734.7000122,722.5,717.7000122,71,736.7142857142857,781.5833313
2008-11-13,714.2999878,715.5,707.0,704.9000244,922,729.4142892,777.1133321133333
2008-11-14,726.5,747.0999756,726.5,742.4000244,9,729.5714372857144,774.22999878
2008-11-17,741.9000244,741.9000244,741.9000244,741.9000244,9,731.100010457143,770.2033325200001
2008-11-18,738.0,744.9000244,734.0,732.5999756,13,731.0142909428572,765.3433308933332
2008-11-19,736.0,758.7999878,735.0,735.9000244,55,729.6285836285715,759.7699991866667
2008-11-20,740.5,750.0,739.5,748.5999756,62,732.0000087142859,755.2866658533333
2008-11-21,771.2999878,784.0999756,771.2000122,791.7000122,20,742.5714372857144,753.1633321133334
2008-11-24,819.9000244,824.0,819.9000244,819.4000244,3,758.9285801428572,752.5133321133333
2008-11-25,818.4000244,818.4000244,818.4000244,818.4000244,158862,769.7857230000001,751.9166666666666
2008-11-26,819.0999756,822.0,806.7999878,808.5,158862,779.3000052285714,751.0166666666667
2008-11-28,811.0999756,819.0,808.2000122,816.2000122,6325,791.2428676000001,751.5066670733335
2008-12-01,817.2000122,817.2999878,766.0,774.5999756,2791,796.7714320571429,751.1566670733333
2008-12-02,765.2999878,786.0,759.7000122,781.2999878,1393,801.4428623714285,750.9466674800001
2008-12-03,780.0,781.9000244,762.9000244,768.7999878,439,798.1714303142857,751.0366678866667
2008-12-04,770.0,780.4000244,761.7000122,763.7999878,606,790.2285679428571,752.0533345533333
2008-12-05,764.5,769.5999756,740.0,750.5,888,780.5285644571429,753.29333496
2008-12-08,755.0,780.2000122,754.2000122,767.4000244,573,774.6571393714286,754.5700032533333
2008-12-09,775.0,776.5,762.2999878,772.4000244,101,768.3999982571429,755.5933369933333
2008-12-10,784.0999756,811.0,783.0999756,807.0999756,235,773.0428554,757.8533365866666
2008-12-11,803.4000244,832.0999756,801.0,824.9000244,260,779.2714320571429,760.25667114
2008-12-12,821.5,827.0,813.7999878,818.9000244,182,786.4285801428571,762.98000488
2008-12-15,828.0,842.0,824.0,835.4000244,470,796.6571567999999,766.9333394333333
2008-12-16,839.0,859.0,831.5999756,841.7000122,73,809.6857299714285,770.8100056933333
2008-12-17,854.4000244,880.7999878,849.2999878,867.5,122,823.9857264857143,774.52667236
2008-12-18,862.4000244,873.0,852.0,859.5999756,242,836.4428623714285,778.4700052866666
2008-12-19,846.5999756,852.0999756,833.2999878,836.4000244,106,840.6285836285714,781.9766723600001
2008-12-22,848.5,851.0,844.0,846.2000122,235,843.6714390285714,785.7433390266667
2008-12-23,848.0,848.0,835.0,837.2000122,176,846.285723,788.79667358
2008-12-24,838.9000244,848.9000244,838.5,847.0999756,19,847.9571446,792.6333394333334
2008-12-26,847.0,872.4000244,845.7999878,870.4000244,88,852.0571463428571,797.72333984
2008-12-29,882.9000244,882.9000244,875.0,874.5999756,426,853.0714285714286,803.3800048800001
2008-12-30,878.0999756,878.0999756,866.5,869.2999878,139,854.4571446,807.61000366
2008-12-31,860.0,883.5999756,858.4000244,883.5999756,35,861.1999947714286,812.3333353666666
2009-01-02,881.5,881.5,868.9000244,878.7999878,46,865.8571341428571,817.2066691066667
2009-01-05,882.0,883.5,847.0,857.2000122,35,868.714277,821.2500020333333
2009-01-06,855.0999756,867.5999756,840.0,865.4000244,113,871.3285696857143,825.1433369933333
2009-01-07,862.0,867.0,837.7000122,841.0999756,101,867.1428484285715,826.7900024400001
2009-01-08,837.9000244,861.0,837.9000244,853.9000244,255,864.1857125428571,827.94000244
2009-01-09,855.9000244,862.0999756,855.9000244,854.2999878,123,862.0428554,829.1366678866667
2009-01-12,844.4000244,844.4000244,815.4000244,820.2999878,72,853.0,829.5300008133333
2009-01-13,825.5999756,825.5999756,815.7000122,820.0999756,20,844.6142839714286,829.6599995933333
2009-01-14,825.9000244,827.0999756,814.0,808.2000122,5,837.6142839714286,830.7800008133333
2009-01-15,805.5999756,808.7999878,805.5999756,806.7000122,16,829.2285679428571,831.6266682933333
2009-01-16,834.0,842.5,834.0,839.2999878,64,828.9714268285715,833.9766682933333
2009-01-20,838.7000122,862.7000122,824.0,854.5999756,20,829.0714198571429,837.0033345533334
2009-01-21,850.5,852.5999756,843.7999878,849.5999756,37,828.3999895428572,840.3066670733334
2009-01-22,856.7999878,860.9000244,846.2000122,858.2000122,57,833.8142787428571,843.3333333333334
2009-01-23,875.0,899.0999756,875.0,895.2999878,52,844.5571376285715,847.4299987800001
2009-01-26,907.2999878,911.5999756,901.2000122,908.5,18,858.8857073142857,850.8099995933334
2009-01-27,902.7999878,903.0,895.2000122,899.2000122,48,872.0999930285715,853.2866658533334
2009-01-28,886.0999756,894.5999756,883.7000122,888.0999756,137271,879.0714198571428,855.5933308933332
2009-01-29,888.0999756,909.7000122,874.2000122,905.0999756,66607,886.2857055714285,857.9166626000001
2009-01-30,909.7999878,930.2999878,902.0,927.2999878,10460,897.3857073142856,860.7699951199999
2009-02-02,924.2999878,928.7999878,902.2000122,906.7000122,3220,904.314278742857,862.0766621933333
2009-02-03,903.2000122,913.2999878,889.7999878,892.0,1451,903.8428519142856,863.1566630066667
2009-02-04,900.0999756,909.2000122,897.0,901.5999756,465,902.857134142857,865.3299947133332
2009-02-05,906.2999878,924.4000244,904.4000244,913.5999756,770,904.9142717714285,867.5766601600001
2009-02-06,914.5,918.5,909.5,913.9000244,334,908.5999930285715,870.1333272333334
2009-02-09,910.0,911.0,891.7999878,892.4000244,984,906.7857142857143,871.64332886
2009-02-10,898.0,917.5,892.0,913.7000122,252,904.8428606285714,873.0866617866667
2009-02-11,913.7000122,947.2000122,912.2000122,943.7999878,892,910.1428571428571,875.39332886
2009-02-12,938.7999878,952.7999878,936.4000244,948.5,335,918.2142857142857,878.0333292666668
2009-02-13,947.2999878,947.2999878,934.2000122,941.5,137,923.9142892,879.96333008
2009-02-17,939.5,973.7999878,937.2999878,967.0,1639,931.5428641142856,882.9033304866666
2009-02-18,968.4000244,988.0,962.2000122,977.7000122,422,940.6571480857143,886.9199971533333
2009-02-19,982.7000122,986.2000122,972.0,976.0999756,202,952.6142839714286,890.6099955266667
2009-02-20,974.0,1004.900024,971.5999756,1001.799988,219,965.1999948000001,895.9666626066667
2009-02-23,995.5999756,996.5,980.0,994.5999756,215,972.4571359142857,900.65666098
2009-02-24,988.0,991.5999756,963.2000122,969.0999756,243,975.3999895714286,904.48332724
2009-02-25,963.2999878,977.5,953.0999756,965.7000122,1019,978.8571341714286,909.32999472
2009-02-26,953.0,956.0,933.0,941.7999878,687,975.2571324285715,913.3866617933334
2009-02-27,943.4000244,963.2000122,928.0999756,941.5,730,970.0857021142857,917.82999472
2009-03-02,945.0,963.2000122,924.5,939.0,474,964.7857056,922.2399943133333
2009-03-03,927.0,931.7999878,906.4000244,912.9000244,362,952.0857108,924.6933288666665
2009-03-04,914.9000244,923.2000122,900.0999756,906.0,155,939.4285714285714,926.4066630133333
2009-03-05,912.0,932.5999756,908.9000244,927.0,141,933.4142892,928.9866638266666
2009-03-06,933.5,944.5,931.7999878,942.0999756,308,930.0428554,931.7833292733334
2009-03-09,940.5,940.5,914.5,917.7000122,838,926.6000017428571,932.5299967533333
2009-03-10,921.5999756,921.7999878,892.0999756,895.5999756,120,920.0428554,932.0999959399999
2009-03-11,894.7000122,912.4000244,894.0999756,910.4000244,221,915.9571446,932.47332968
2009-03-12,909.2000122,927.5,908.0,923.7000122,118,917.5,933.6599975666667
2009-03-13,924.4000244,937.0,924.4000244,929.7999878,69,920.8999982571429,934.4833313066666
2009-03-16,926.4000244,929.5999756,916.7000122,921.5999756,139,920.1285662,934.2933309
2009-03-17,923.2000122,924.4000244,912.4000244,916.4000244,48,916.4571446,934.61666464
2009-03-18,915.4000244,944.0,885.0,888.7000122,120,912.3142874571429,934.5066650466666
2009-03-19,938.0,960.7999878,933.7999878,958.2999878,360,921.2714320571429,936.3966654533334
2009-03-20,960.5999756,960.5999756,954.0,955.7999878,23,927.7571411142857,937.8033325266666
2009-03-23,950.7000122,952.5999756,937.9000244,952.0999756,30,931.8142787428571,939.0766642333333
2009-03-24,923.2999878,923.2999878,923.2999878,923.2999878,1494,930.8857073142857,940.1066630133333
2009-03-25,921.2000122,936.5,920.7999878,935.4000244,97,932.8571428571429,940.8299967533333
2009-03-26,939.5999756,943.0,937.5999756,939.5999756,66,936.1714216,940.6899963466666
2009-03-27,923.0,923.0,923.0,923.0,106869,941.0714198571429,939.8399963466667
2009-03-30,924.5999756,932.5,908.5999756,915.5,58837,934.9571358857144,938.97332968
2009-03-31,918.0,924.5,911.5999756,922.5999756,7403,930.214277,937.4933288666666
2009-04-01,918.5999756,932.5,916.9000244,926.0999756,3659,926.4999912857144,935.7733276466666
2009-04-02,926.9000244,930.2999878,894.9000244,907.4000244,3389,924.2285679428571,933.4833292733333
2009-04-03,904.5999756,910.2999878,891.2999878,895.5999756,1616,918.5428466857144,929.94332886
2009-04-06,895.0,895.0,865.0999756,871.5,1078,908.8142787428571,925.8399963400001
2009-04-07,872.2000122,884.7000122,872.2000122,882.2000122,395,902.9857090571429,922.9433308933333
2009-04-08,884.0,889.0999756,879.0,884.7999878,119,898.5999930285715,920.2466634133333
2009-04-09,882.4000244,886.0999756,874.7000122,882.2000122,360,892.8285696857143,918.25999756
2009-04-13,882.5,899.4000244,882.5,894.7000122,418,888.3428606285714,916.6999979666666
2009-04-14,896.0999756,897.7999878,887.4000244,890.9000244,362,885.9857177714285,915.0966654466666
2009-04-15,890.0,895.2999878,888.9000244,892.7999878,665,885.5857195142856,914.4266642266667
2009-04-16,890.9000244,893.4000244,872.7999878,879.2999878,632,886.7000034857143,913.53666382
2009-04-17,874.0,875.7000122,865.0,867.4000244,212,884.5857195142856,911.5499979666668
2009-04-20,868.7999878,889.0,866.0999756,887.0,655,884.9000069714285,909.7133321133333
2009-04-21,886.9000244,895.0999756,880.7000122,882.0999756,230,884.8857160285714,908.5266642266666
2009-04-22,883.0999756,893.0,883.0,891.7999878,330,884.4714268285715,908.3999979666667
2009-04-23,893.5999756,909.0,892.5999756,905.9000244,234,886.6142839714286,908.2499979666667
2009-04-24,911.2000122,913.5999756,906.7000122,913.5999756,438,889.5857108,907.91333008
2009-04-27,918.0,918.0,906.2999878,907.4000244,1179,893.6000017428571,907.1666646333334
2009-04-28,899.7000122,899.7000122,890.0999756,892.7999878,308,897.2285679428571,906.20666504
2009-04-29,890.0999756,902.5,887.7999878,899.7999878,809,899.0571376285715,905.6533304866666
2009-04-30,898.2000122,898.9000244,881.2999878,890.7000122,212,900.2857142857143,905.7199971533333
2009-05-01,884.0,889.2000122,881.5,887.5999756,506,899.6857125428571,903.36333008
2009-05-04,885.7999878,907.5,885.7999878,901.5999756,83,899.0714198571429,901.5566630066666
2009-05-05,903.5,912.2999878,902.0,903.7000122,69,897.6571393714286,899.9433308933334
2009-05-06,901.2999878,911.0999756,901.2999878,910.5,30,898.0999930285715,899.5166646333333
2009-05-07,922.4000244,924.0,910.4000244,915.0,64,901.2714233428571,898.8366638200001
2009-05-08,910.0999756,915.2999878,910.0999756,914.4000244,156,903.3571428571429,897.9966654466666
2009-05-11,913.0999756,914.4000244,913.0999756,913.0,2,906.5428554,897.6633321133334
2009-05-12,918.5,923.5,916.0999756,923.5,24,911.6714303142857,897.92999878
2009-05-13,922.0,929.7000122,921.2000122,925.5,71,915.0857195142856,898.0266662600001
2009-05-14,922.5999756,922.5999756,922.5999756,928.0,1,918.5571463428571,898.0900004066666
2009-05-15,925.2000122,931.5999756,925.2000122,930.9000244,45,921.4714355428571,898.8733337400001
2009-05-18,929.5999756,932.9000244,918.7000122,921.2999878,71,922.3714338,899.7300008133333
2009-05-19,926.2999878,926.2999878,926.2999878,926.2999878,71,924.0714285714286,901.5566670733333
2009-05-20,933.0,940.5,931.0,937.0,67,927.5,903.3833333333333
2009-05-21,939.0999756,943.9000244,937.4000244,950.7999878,71,931.3999982571429,905.5833333333334
2009-05-22,956.9000244,958.7000122,956.9000244,958.5,12,936.1142839714286,908.12666626
2009-05-26,953.0,953.5,944.0,953.0999756,20,939.6999947714286,910.0733317066666
2009-05-27,947.2000122,956.0,947.2000122,953.2000122,151332,942.8857073142857,912.1499979666667
2009-05-28,948.5999756,964.9000244,944.0,961.5,74257,948.6285662,914.4399983733333
2009-05-29,959.2000122,980.4000244,959.0,978.7999878,7607,956.1285662,917.75666504
2009-06-01,978.7999878,988.0999756,973.0,978.5999756,2883,962.0714198571429,921.46333008
2009-06-02,974.7000122,986.5,969.7999878,983.2000122,2345,966.6999947714286,924.6699971533333
2009-06-03,981.7000122,990.2999878,961.0,964.5,1187,967.5571376285715,927.4166646333334
2009-06-04,963.5999756,982.0,960.9000244,981.2000122,600,971.5714285714286,930.3966654466666
2009-06-05,981.4000244,983.0,954.0,961.7000122,714,972.7857142857143,932.25666504
2009-06-08,958.0,960.0999756,944.4000244,951.7000122,580,971.3857160285714,933.5266662600001
2009-06-09,953.5,963.7000122,948.4000244,954.0,684,967.8428606285714,935.07999878
2009-06-10,956.0,966.0,949.2000122,954.0,698,964.3285784,937.1199991866667
2009-06-11,954.2999878,961.9000244,943.0999756,961.2999878,583,961.2000034857143,939.1699991866667
2009-06-12,955.9000244,956.5,935.7999878,940.0999756,166,957.7142857142857,940.8166646333334
2009-06-15,938.5,938.5,926.9000244,926.9000244,258,949.9571446,942.12666626
2009-06-16,930.9000244,938.5999756,930.9000244,931.5999756,149,945.6571393714286,943.12666626
2009-06-17,931.5,937.7999878,930.4000244,935.4000244,29,943.3285696857143,944.1833333333333
2009-06-18,942.0,942.0,931.0,934.0,91,940.4714268285715,944.9666666666667
2009-06-19,932.0,936.5,932.0,935.5999756,73,937.8428519142857,945.6533325199999
2009-06-22,925.0,926.2000122,919.0,920.5999756,134,932.0285644571429,945.8599975600001
2009-06-23,921.9000244,926.5,917.2999878,923.9000244,181,929.7142857142857,946.2233317066667
2009-06-24,925.4000244,942.7000122,922.9000244,934.0999756,588,930.7428501714286,946.5766642266667
2009-06-25,932.2999878,939.0999756,932.2999878,939.0999756,72,931.8142787428571,947.0299967466667
2009-06-26,945.2999878,946.0,939.5999756,940.7000122,185,932.5714198571428,947.4533304866667
2009-06-29,940.2000122,942.5,934.7999878,940.4000244,445,933.4857090571429,947.7699971533333
2009-06-30,941.4000244,943.9000244,925.2999878,927.0999756,128,932.271423342857,947.96333008
2009-07-01,929.2999878,944.2000122,928.0,941.0,88,935.185712542857,948.4533304866667
2009-07-02,941.4000244,941.5,926.5999756,930.7000122,67,936.1571393714286,948.2433308933333
2009-07-06,933.5,933.5,920.2000122,924.0,108,934.7142857142857,947.3499979666667
2009-07-07,924.2000122,931.7000122,921.2000122,928.7999878,57,933.2428588857141,946.3599975599999
2009-07-08,919.5999756,919.5999756,905.5999756,909.0,41,928.7142857142857,944.8899983733334
2009-07-09,907.2000122,917.4000244,907.2000122,915.9000244,74,925.2142857142857,943.6466654466666
2009-07-10,910.7000122,913.5,908.5,912.2000122,40,923.0857195142856,942.00333252
2009-07-13,911.5,922.2000122,908.4000244,922.2000122,30,920.4000069714286,940.1166666666667
2009-07-14,920.2000122,926.2000122,920.2000122,922.5,64,919.228576657143,938.2466674799999
2009-07-15,928.9000244,941.0,928.2999878,939.0999756,67,921.3857160285716,936.7766662600001
2009-07-16,938.4000244,938.4000244,934.7999878,935.0999756,63,922.2857142857141,935.7966654466667
2009-07-17,936.9000244,937.7999878,931.7999878,937.2000122,34,926.3142874571429,934.32999878
2009-07-20,954.0999756,954.5,950.9000244,948.5,5,930.9714268285713,933.8899983733332
2009-07-21,948.5999756,948.5999756,945.7999878,946.5999756,15,935.8857073142856,933.7199971533333
2009-07-22,949.2000122,953.0,946.4000244,953.0,71,940.2857055714285,933.68666382
2009-07-23,954.2000122,954.2000122,949.7999878,954.5,47,944.857134142857,933.7033304866667
2009-07-24,950.2999878,952.7999878,950.2999878,952.7999878,77,946.814278742857,933.4199971533333
2009-07-27,955.0999756,957.0999756,953.2999878,953.2999878,5,949.4142804857144,933.8599975599999
2009-07-28,949.5,949.5,937.5,939.0,10,949.6714216,934.26333008
2009-07-29,927.2000122,927.2000122,927.2000122,927.2000122,129090,946.6285662,934.1166646333334
2009-07-30,929.2000122,937.0,928.4000244,934.9000244,36620,944.9571446,934.0999979666666
2009-07-31,934.4000244,958.0999756,932.0,953.7000122,10747,945.0571463428571,934.7566650399999
2009-08-03,952.5999756,964.0,952.4000244,956.5999756,2602,945.3571428571429,935.45666504
2009-08-04,956.5999756,969.5,950.7999878,967.5,565,947.4571446,937.0199991866666
2009-08-05,967.5999756,968.0999756,959.7999878,964.2000122,742,949.0142909428571,938.3633321133333
2009-08-06,964.0999756,971.0999756,956.5,960.7000122,543,952.1142926857143,939.2499999999999
2009-08-07,964.2999878,964.2999878,954.5999756,957.2999878,641,956.4142892,939.8566670733333
2009-08-10,955.0,956.0999756,943.5,945.0,395,957.8571428571429,940.0
2009-08-11,947.2000122,949.7000122,943.0999756,945.7999878,106,956.7285679428571,940.17999878
2009-08-12,947.5,951.5,943.0,950.7000122,102,955.8857160285714,940.9666666666667
2009-08-13,952.5999756,960.0999756,952.2999878,954.7000122,104,954.0571463428571,941.42333374
2009-08-14,957.4000244,957.4000244,942.0999756,947.0,141,951.6000017428571,941.9666666666667
2009-08-17,947.4000244,947.4000244,931.5,934.2999878,128,947.8285696857143,942.3099995933334
2009-08-18,938.5999756,938.5999756,935.5,937.7000122,276,945.0285731714285,942.6066670733333
2009-08-19,941.7999878,944.9000244,933.4000244,943.2999878,194,944.7857142857143,943.75
2009-08-20,942.9000244,945.7000122,940.0999756,940.2999878,35,944.0,944.5633321133333
2009-08-21,957.0,957.5999756,952.5999756,953.2000122,53,944.3571428571429,945.92999878
2009-08-24,953.5,957.0,941.2999878,942.2999878,198,942.5857108,946.5999979666667
2009-08-25,946.2999878,954.5,943.5,944.5,143,942.2285679428571,947.3333313
2009-08-26,947.5,948.2000122,940.2999878,944.2999878,128,943.6571393714286,947.50666504
2009-08-27,944.2000122,949.4000244,942.9000244,945.5,193,944.7714233428571,947.8533325200001
2009-08-28,949.2999878,962.2000122,948.0999756,957.0,182,946.7285679428571,948.5133321133334
2009-08-31,959.5,959.5,944.7999878,951.7000122,21,948.3571428571429,948.6199991866667
2009-09-01,954.2000122,956.5,948.7000122,954.7000122,17,948.5714285714286,948.8900004066667
2009-09-02,954.0,978.7999878,954.0,976.5999756,65,953.4714268285715,949.67666626
2009-09-03,978.0999756,995.7999878,978.0999756,995.7999878,55,960.7999965142857,951.0533325199999
2009-09-04,992.5999756,995.0,985.5,994.9000244,75,968.0285731714285,952.4566670733333
2009-09-08,993.5,1006.900024,993.2000122,997.9000244,90,975.5142909428571,953.94333496
2009-09-09,1002.0,1002.799988,988.7999878,995.2999878,84,980.9857177714285,955.82000122
2009-09-10,996.2000122,997.2000122,987.2999878,995.4000244,51,987.228576657143,958.09333496
2009-09-11,999.7000122,1011.900024,999.7000122,1004.900024,198,994.4000069142858,960.4266682800001
2009-09-14,1002.900024,1003.799988,998.5,999.9000244,91,997.7285853142857,961.9666686866668
2009-09-15,998.0,1008.0,994.9000244,1005.0,118,999.0428727714286,963.5800028333334
2009-09-16,1014.700012,1019.799988,1014.700012,1018.900024,92,1002.4714441428572,965.2933369666666
2009-09-17,1017.200012,1019.5,1011.599976,1012.299988,48,1004.5285818000001,966.8966694933333
2009-09-18,1013.900024,1017.599976,1009.200012,1009.200012,26,1006.5142995428572,968.5133361533334
2009-09-21,1003.700012,1003.700012,998.0,1003.700012,26,1007.7000120571429,970.0600036266667
2009-09-22,1011.5,1019.400024,1011.5,1014.200012,67,1009.0285817714285,972.3666706933333
2009-09-23,1014.400024,1015.200012,1008.200012,1013.0,212,1010.9000068571429,974.6066711
2009-09-24,1015.0,1015.0,993.9000244,997.5,123,1009.8285782857143,976.1666706933333
2009-09-25,997.2999878,997.4000244,986.7000122,990.2000122,70,1005.7285765999999,977.3500040266667
2009-09-28,993.2000122,993.2000122,991.4000244,992.5,6999,1002.9000068857142,978.8666706933334
2009-09-29,990.5,995.7000122,984.7000122,993.0999756,5742,1000.6000016857142,980.8266702866666
2009-09-30,992.5,1009.0,992.5,1008.0,1393,1001.2142856857143,983.1700032133334
2009-10-01,1007.400024,1008.799988,998.0,999.5,213,999.1142839714286,985.0433369533333
2009-10-02,998.7999878,1007.299988,986.7999878,1003.200012,247,997.7142856857143,987.1400044266667
2009-10-05,1004.099976,1017.599976,1003.0,1016.700012,180,1000.4571445428571,989.2566710866668
2009-10-06,1019.5,1043.800049,1018.299988,1038.599976,180,1007.3714250857143,992.4666706933333
2009-10-07,1038.300049,1048.199951,1038.300049,1043.300049,180,1014.6285749428571,995.76000566
2009-10-08,1045.800049,1060.400024,1045.099976,1055.400024,160,1023.5285818571429,999.4633402
2009-10-09,1049.300049,1051.5,1044.0,1047.800049,175,1029.214303142857,1002.8733418333334
2009-10-12,1049.0,1058.400024,1049.0,1056.699951,209,1037.3857247142857,1006.1966735333333
2009-10-13,1064.0,1068.400024,1056.5,1064.199951,183,1046.1000017142856,1009.9466714933333
2009-10-14,1064.0,1070.199951,1057.599976,1063.900024,140,1052.8428605714287,1013.5866718866667
2009-10-15,1062.199951,1062.199951,1048.0,1049.800049,179,1054.442871,1016.0266743333334
2009-10-16,1051.5,1056.199951,1043.699951,1050.699951,76,1055.499999857143,1017.8566731066668
2009-10-19,1053.599976,1061.199951,1049.199951,1057.300049,157,1055.771432,1019.9366739266666
2009-10-20,1065.5,1066.199951,1054.0,1057.800049,231,1057.2000034285716,1021.9333414133333
2009-10-21,1053.699951,1064.0,1047.5,1063.699951,35,1058.2000034285716,1024.2133401866668
2009-10-22,1061.199951,1061.199951,1051.5,1057.800049,173,1057.2857317142857,1026.2933410066667
2009-10-23,1063.800049,1065.900024,1050.199951,1055.599976,116,1056.1000105714286,1027.9833394066668
2009-10-26,1055.599976,1055.599976,1039.900024,1042.099976,76,1055.0000001428573,1029.39000446
2009-10-27,1039.5,1042.099976,1034.699951,1034.699951,100,1052.7142858571428,1030.3800028266667
2009-10-28,1042.099976,1042.099976,1028.0,1029.900024,307,1048.7999965714287,1030.7466694933332
2009-10-29,1035.199951,1047.300049,1032.400024,1046.400024,234,1047.1714215714287,1031.88333736
2009-10-30,1045.5,1045.800049,1035.599976,1039.699951,148,1043.7428501428572,1032.9000019933333
2009-11-02,1053.400024,1061.800049,1043.5,1053.400024,41,1043.1142751428572,1034.5566690599999
2009-11-03,1084.300049,1087.0,1056.800049,1084.300049,196,1047.2142855714287,1036.8933369600002
2009-11-04,1086.699951,1097.400024,1082.199951,1086.699951,114,1053.5857105714288,1039.3500019933333
2009-11-05,1088.699951,1092.300049,1086.0,1088.699951,63,1061.2999962857143,1042.3900003600002
2009-11-06,1095.099976,1100.0,1090.199951,1095.099976,102,1070.6142751428572,1045.88666582
2009-11-09,1098.599976,1109.300049,1098.599976,1100.800049,102,1078.3857072857143,1049.4966674533332
2009-11-10,1100.900024,1108.599976,1098.199951,1101.900024,92,1087.271432,1053.1233357333333
2009-11-11,1114.0,1117.599976,1106.300049,1114.0,104,1095.9285714285713,1056.6566690666666
2009-11-12,1106.0,1121.300049,1104.300049,1106.0,68,1099.0285644285716,1060.2066690666666
2009-11-13,1116.099976,1118.199951,1105.0,1116.099976,56,1103.228568,1063.9700012
2009-11-16,1138.599976,1140.5,1127.199951,1138.599976,64,1110.357143,1068.0333333333333
2009-11-17,1138.800049,1140.400024,1131.300049,1138.800049,67,1116.6000105714286,1071.3733357666667
2009-11-18,1140.699951,1149.400024,1136.5,1140.699951,77,1122.2999965714284,1074.6199991666665
2009-11-19,1141.400024,1144.800049,1135.5,1141.400024,20,1127.9428537142855,1077.4866658333333
2009-11-20,1146.400024,1147.900024,1137.300049,1146.400024,18,1132.5714285714287,1080.7733316666665
2009-11-23,1164.300049,1163.0,1164.300049,1164.300049,3,1140.900007,1084.3600016
2009-11-24,1165.5,1169.800049,1167.5,1165.5,26,1147.9571532857142,1087.7366699000002
2009-11-25,1186.900024,1186.900024,1186.900024,1186.900024,205513,1154.8571601428573,1091.8366699
2009-11-27,1190.800049,1195.0,1130.099976,1174.199951,112015,1159.914289,1095.9833333
2009-11-30,1179.900024,1183.699951,1163.699951,1181.099976,14549,1165.6857211428571,1100.3300008
2009-12-01,1181.0,1202.699951,1176.0,1199.099976,3787,1173.9285714285713,1105.0566650333335
2009-12-02,1196.400024,1217.300049,1196.300049,1212.0,2145,1183.2999965714284,1110.1966633999998
2009-12-03,1218.0,1226.400024,1204.599976,1217.400024,1530,1190.8857072857143,1115.3199991666665
2009-12-04,1207.800049,1211.199951,1147.0,1168.800049,4288,1191.357142857143,1119.0199991666666
2009-12-07,1157.599976,1165.5,1136.300049,1163.400024,3669,1188.0,1122.6133341
2009-12-08,1159.5,1169.300049,1125.300049,1142.800049,784,1183.5142997142855,1125.9700032
2009-12-09,1130.300049,1147.0,1116.5,1120.400024,2256,1174.842878,1128.8266723000002
2009-12-10,1125.699951,1134.800049,1122.199951,1125.699951,344,1164.357160142857,1132.0200031999998
2009-12-11,1132.699951,1141.400024,1110.800049,1119.400024,912,1151.128592142857,1134.4533365333334
2009-12-14,1123.300049,1127.5,1114.5,1123.300049,230,1137.6857385714286,1137.2400064666665
2009-12-15,1127.900024,1128.599976,1111.900024,1122.400024,242,1131.0571635714284,1139.5400064666667
2009-12-16,1125.699951,1140.0,1122.400024,1135.5,205,1127.0714458571426,1141.2466715
2009-12-17,1141.5,1141.5,1095.699951,1106.800049,422,1121.9285887142858,1141.9166747666666
2009-12-18,1110.800049,1115.199951,1097.800049,1110.800049,404,1120.5571637142857,1142.6533447000002
2009-12-21,1095.400024,1119.199951,1090.800049,1095.400024,248,1116.2286027142857,1142.6633462999998
2009-12-22,1095.300049,1097.400024,1075.0,1086.0,480,1111.4571707142857,1142.1700113333332
2009-12-23,1093.300049,1094.599976,1080.0,1093.300049,168,1107.1714564285714,1141.8833455
2009-12-24,1092.0,1105.300049,1092.0,1104.099976,127,1104.5571638571428,1141.5533447
2009-12-28,1107.199951,1111.900024,1102.800049,1107.199951,350,1100.514299714286,1141.5933430666666
2009-12-29,1097.0,1105.199951,1097.0,1097.0,1038,1099.1142927142857,1140.9566772
2009-12-30,1091.5,1097.099976,1086.0,1091.5,399,1096.357142857143,1139.386678
2009-12-31,1095.199951,1106.099976,1094.0,1095.199951,149,1096.328561,1137.9333413999998
2010-01-04,1117.699951,1122.300049,1097.099976,1117.699951,184,1100.8571254285714,1137.1666747333334
2010-01-05,1118.099976,1126.5,1115.0,1118.099976,53,1104.3999721428572,1136.3900064666666
2010-01-06,1135.900024,1139.199951,1120.699951,1135.900024,363,1108.942836142857,1136.0400064666667
2010-01-07,1133.099976,1133.099976,1129.199951,1133.099976,56,1112.6428397142856,1135.0000040333332
2010-01-08,1138.199951,1138.199951,1122.699951,1138.199951,54,1118.5285470000001,1134.0900024
2010-01-11,1150.699951,1161.199951,1143.0,1150.699951,177,1126.985682857143,1132.8833333
2010-01-12,1128.900024,1157.199951,1127.199951,1128.900024,51,1131.799979,1131.3733357333333
2010-01-13,1136.400024,1136.400024,1121.0,1136.400024,58,1134.4714179999999,1129.8833373333334
2010-01-14,1137.0,1145.900024,1132.800049,1142.599976,81,1137.9714179999999,1128.000004
2010-01-15,1132.800049,1133.400024,1127.199951,1130.099976,50,1137.1428397142856,1125.2700032
2010-01-19,1139.699951,1139.699951,1130.5,1139.699951,22,1138.0856932857143,1122.6800007666668
2010-01-20,1123.300049,1133.0,1109.800049,1112.300049,28,1134.3857072857143,1120.7966674333334
2010-01-21,1102.699951,1107.5,1090.199951,1102.699951,99,1127.5285644285716,1118.7733316666668
2010-01-22,1089.199951,1095.400024,1083.0,1089.199951,58,1121.8571254285714,1116.9866617333332
2010-01-25,1095.199951,1095.199951,1095.199951,1095.199951,8,1115.971400714286,1116.1466593
2010-01-26,1097.900024,1097.900024,1097.900024,1097.900024,4,1109.5856932857143,1115.2199950666666
2010-01-27,1084.400024,1084.400024,1084.400024,1084.400024,206694,1103.057128714286,1114.0533284
2010-01-28,1087.800049,1095.699951,1073.199951,1083.599976,101168,1095.0428465714285,1112.7299926333333
2010-01-29,1085.0,1090.800049,1074.5,1083.0,11456,1090.8571252857143,1111.4166584999998
2010-02-01,1081.0,1107.300049,1076.800049,1104.300049,2452,1091.0857107142856,1110.3766601333334
2010-02-02,1117.400024,1118.5,1100.199951,1117.400024,3326,1095.1142925714287,1110.7299926333333
2010-02-03,1115.800049,1124.900024,1108.599976,1111.400024,853,1097.4285887142858,1110.7499918
2010-02-04,1110.0,1110.699951,1059.0,1062.400024,1426,1092.357160142857,1109.6499918
2010-02-05,1052.199951,1068.5,1045.199951,1052.199951,1956,1087.7571497142858,1108.5233235
2010-02-08,1065.699951,1073.400024,1061.599976,1065.699951,549,1085.2000032857143,1107.6033202333335
2010-02-09,1076.699951,1082.0,1063.099976,1076.699951,387,1084.2999962857143,1106.6899860666667
2010-02-10,1075.800049,1081.099976,1063.300049,1075.800049,640,1080.2285677142859,1105.6433226666668
2010-02-11,1076.800049,1097.099976,1075.599976,1094.199951,1491,1076.9142715714286,1105.5499877
2010-02-12,1089.5,1092.0,1079.800049,1089.5,197,1073.7856967142857,1105.4833210333334
2010-02-16,1119.300049,1120.400024,1092.400024,1119.300049,928,1081.9142717142856,1106.2866576333333
2010-02-17,1119.5,1127.0,1108.5,1119.5,1083,1091.5285644285716,1106.3466592666666
2010-02-18,1118.0,1123.699951,1100.800049,1118.0,989,1099.0,1106.3433267333335
2010-02-19,1121.300049,1126.199951,1099.699951,1121.300049,137,1105.3714425714284,1105.8566609000002
2010-02-22,1112.599976,1127.400024,1110.0,1112.599976,124,1110.628575,1105.1733275666666
2010-02-23,1116.400024,1118.300049,1102.599976,1102.699951,152,1111.8428607142857,1103.9899942333334
2010-02-24,1096.5,1096.5,1096.5,1096.5,751,1112.8428607142857,1102.1833292000001
2010-02-25,1107.800049,1108.199951,1088.699951,1107.800049,386,1111.2000035714286,1101.4799967
2010-02-26,1106.800049,1118.300049,1106.800049,1118.300049,382,1111.0285820000001,1100.8766642
2010-03-01,1119.300049,1121.900024,1113.599976,1117.800049,184,1111.0000175714285,1100.0499999666667
2010-03-02,1136.900024,1137.400024,1115.699951,1136.900024,155,1113.2285854285715,1100.2766682333336
2010-03-03,1142.699951,1145.0,1133.699951,1142.699951,170,1117.5285818571429,1100.3766682333332
2010-03-04,1132.599976,1139.0,1128.599976,1132.599976,118,1121.800014,1101.053332466667
2010-03-05,1134.800049,1134.800049,1134.800049,1134.800049,129,1127.2714495714285,1102.1233357333333
2010-03-08,1123.599976,1123.599976,1123.599976,1123.599976,17,1129.5285820000001,1103.2700032333335
2010-03-09,1122.0,1124.0,1113.099976,1122.0,27,1130.0571464285715,1104.1633382
2010-03-10,1107.800049,1127.099976,1106.900024,1107.800049,21,1128.628575,1104.4933390333333
2010-03-11,1108.0,1108.0,1108.0,1108.0,46,1124.5000001428573,1105.2800049
2010-03-12,1101.5,1117.400024,1099.900024,1101.5,135,1118.6142928571428,1105.8766723666668
2010-03-15,1105.099976,1107.099976,1101.400024,1105.099976,21,1114.6857214285715,1106.6133382333333
2010-03-16,1122.199951,1127.0,1114.5,1122.199951,66,1112.8857074285713,1107.2100016333336
2010-03-17,1124.0,1131.400024,1118.0,1124.0,29,1112.9428537142855,1107.4300008333335
2010-03-18,1127.400024,1127.800049,1121.099976,1127.400024,86,1113.7142857142858,1107.9633341666668
2010-03-19,1107.400024,1107.400024,1107.400024,1107.400024,54,1113.6571392857143,1109.4633341666665
2010-03-22,1099.300049,1099.300049,1099.300049,1099.300049,71,1112.4142891428571,1111.0333374333334
2010-03-23,1103.5,1103.5,1103.5,1103.5,16,1112.7000034285716,1112.2933390666667
2010-03-24,1088.599976,1092.400024,1085.5,1088.599976,9,1110.3428605714287,1112.6900065666666
2010-03-25,1092.699951,1092.699951,1086.699951,1092.699951,8,1106.128574857143,1113.2533366333334
2010-03-26,1104.199951,1104.199951,1104.199951,1104.199951,5,1103.2999964285714,1113.5866699666665
2010-03-29,1110.300049,1110.300049,1110.300049,1110.300049,158733,1100.857142857143,1114.2800049333334
2010-03-30,1109.699951,1112.900024,1101.099976,1104.5,56533,1100.4428537142855,1113.7866699666668
2010-03-31,1103.099976,1118.699951,1102.0,1113.300049,5950,1102.4428537142858,1113.5800049333334
2010-04-01,1125.099976,1127.699951,1111.300049,1125.099976,2696,1105.5285645714284,1113.8166707999999
2010-04-05,1122.300049,1133.300049,1119.900024,1132.900024,567,1111.857142857143,1114.2033366333335
2010-04-06,1130.800049,1138.5,1122.699951,1135.099976,2490,1117.9142892857142,1114.9533366333333
2010-04-07,1152.300049,1153.0,1132.599976,1152.300049,1342,1124.7857318571428,1116.6066732333334
2010-04-08,1152.199951,1152.300049,1144.0,1152.199951,254,1130.7714321428573,1118.4633382666666
2010-04-09,1161.099976,1164.800049,1150.5,1161.099976,505,1138.857143,1120.2400025
2010-04-12,1161.599976,1169.0,1154.599976,1161.599976,483,1145.7571325714287,1121.6833334
2010-04-13,1152.800049,1157.0,1145.0,1152.800049,278,1149.7142858571428,1122.8500000666668
2010-04-14,1159.0,1160.599976,1151.199951,1159.0,162,1153.4428538571428,1123.5866659333333
2010-04-15,1157.5,1159.800049,1151.0,1159.699951,179,1156.9571360000002,1124.1533325999999
2010-04-16,1136.300049,1160.0,1130.400024,1136.300049,483,1154.6714217142858,1124.2766683666666
2010-04-19,1135.199951,1137.099976,1124.0,1135.199951,145,1152.2428502857144,1124.2899984333335
2010-04-20,1138.599976,1145.800049,1136.0,1138.599976,80,1149.0285645714287,1124.7899984333335
2010-04-21,1148.199951,1150.0,1138.400024,1148.199951,68,1147.1142752857143,1125.6633301333336
2010-04-22,1142.300049,1144.0,1133.599976,1142.300049,213,1145.6142752857143,1126.8133301333332
2010-04-23,1153.099976,1153.099976,1153.099976,1153.099976,40,1144.7714147142856,1128.3166626666668
2010-04-26,1160.099976,1160.099976,1151.400024,1153.5,108,1143.8857074285713,1130.0499960000002
2010-04-27,1152.800049,1170.699951,1148.599976,1161.699951,213,1147.514264857143,1131.9366618333333
2010-04-28,1171.300049,1171.300049,1171.300049,1171.300049,299,1152.6714217142855,1133.5733317666668
2010-04-29,1168.400024,1171.199951,1164.0,1168.400024,166,1156.9285714285713,1135.0533325666665
2010-04-30,1180.099976,1181.300049,1170.0,1180.099976,146,1161.4857178571426,1136.8099976333333
2010-05-03,1178.599976,1187.5,1177.300049,1182.699951,90,1167.2571324285714,1139.3199952
2010-05-04,1168.599976,1191.800049,1168.300049,1168.599976,94,1169.4714181428571,1141.6299927666666
2010-05-05,1174.599976,1177.199951,1159.199951,1174.599976,98,1172.4857004285716,1143.9999919666666
2010-05-06,1196.900024,1210.599976,1175.900024,1196.900024,79,1177.5142822857142,1147.6099935666668
2010-05-07,1210.0,1210.800049,1194.599976,1210.0,112,1183.0428467142858,1151.5199952
2010-05-10,1200.400024,1203.800049,1189.199951,1200.400024,118,1187.6142752857143,1154.7266643
2010-05-11,1219.900024,1233.5,1201.5,1219.900024,201,1193.2999964285716,1158.3799967999998
2010-05-12,1242.699951,1246.5,1227.099976,1242.699951,213,1201.871425,1162.9866618333333
2010-05-13,1235.300049,1240.0,1228.699951,1228.800049,37,1210.4714354285716,1166.8366618333334
2010-05-14,1227.400024,1227.400024,1227.400024,1227.400024,99,1218.0142994285713,1170.2466634333334
2010-05-17,1233.300049,1235.900024,1225.199951,1227.699951,49,1222.414289,1173.406661
2010-05-18,1214.300049,1216.099976,1208.199951,1214.300049,73,1223.0285817142856,1176.0466634333336
2010-05-19,1192.599976,1192.599976,1192.599976,1192.599976,75,1221.9142891428571,1177.3899943333333
2010-05-20,1187.800049,1191.800049,1179.400024,1187.800049,297,1217.3285784285713,1178.5766642666667
2010-05-21,1175.699951,1175.699951,1175.699951,1175.699951,177,1207.7571498571428,1179.0633301
2010-05-24,1193.800049,1193.800049,1193.800049,1193.800049,14,1202.757149857143,1180.1366658666666
2010-05-25,1197.800049,1200.0,1195.599976,1197.800049,9,1198.5285820000001,1181.6366658666668
2010-05-26,1213.300049,1213.300049,1213.300049,1213.300049,237497,1196.471453142857,1183.4466675
2010-05-27,1211.699951,1218.5,1205.400024,1211.900024,109434,1196.1285924285714,1185.1866699333334
2010-05-28,1210.400024,1214.800049,1201.099976,1212.199951,12895,1198.928588857143,1187.7166666666667
2010-06-01,1224.800049,1228.199951,1209.300049,1224.800049,4547,1204.214303142857,1190.7033366
2010-06-02,1220.599976,1225.800049,1213.199951,1220.599976,2799,1210.6285924285714,1193.4366699333334
2010-06-03,1208.300049,1224.0,1201.0,1208.300049,1552,1212.700021,1195.4400065333332
2010-06-04,1207.599976,1220.400024,1196.900024,1216.199951,1070,1215.3285784285715,1197.9033366
2010-06-07,1239.300049,1244.699951,1211.0,1239.300049,859,1219.042864142857,1200.7766723666666
2010-06-08,1241.5,1252.099976,1234.099976,1244.0,763,1223.628575,1203.7933390333333
2010-06-09,1237.0,1238.199951,1222.0,1228.5,446,1225.9571534285715,1206.0200073333333
2010-06-10,1232.800049,1233.5,1215.099976,1220.800049,488,1225.3857248571428,1207.6700073333334
2010-06-11,1228.900024,1229.599976,1218.0,1228.900024,481,1226.571446,1209.686674
2010-06-14,1223.199951,1232.699951,1217.699951,1223.300049,989,1228.7143031428573,1211.1266764333334
2010-06-15,1222.599976,1236.0,1222.400024,1233.199951,251,1231.1428745714286,1212.8100097666668
2010-06-16,1229.300049,1229.300049,1229.300049,1229.300049,318,1229.7143031428573,1214.8333455333334
2010-06-17,1233.900024,1251.099976,1233.900024,1247.5,266,1230.2143031428573,1217.2633463333334
2010-06-18,1247.699951,1261.5,1242.900024,1257.199951,130,1234.314296142857,1219.2733438999999
2010-06-21,1257.400024,1264.800049,1232.0,1239.699951,219,1237.0142821428574,1220.2633422666665
2010-06-22,1239.900024,1242.800049,1232.099976,1239.900024,172,1238.5857107142856,1221.5800089333336
2010-06-23,1233.900024,1245.099976,1226.900024,1234.099976,100,1240.1285574285716,1222.0533406666666
2010-06-24,1236.400024,1248.099976,1230.699951,1245.5,253,1241.885707285714,1222.1466756333332
2010-06-25,1246.699951,1256.900024,1243.699951,1255.800049,159,1245.6714215714287,1223.0466756333333
2010-06-28,1238.199951,1238.199951,1238.199951,1238.199951,351,1244.3428431428572,1223.4066732
2010-06-29,1242.0,1245.0,1228.5,1242.0,417,1242.1714215714285,1223.8833415000001
2010-06-30,1245.5,1246.199951,1236.699951,1245.5,73,1243.0,1224.9233398666665
2010-07-01,1206.300049,1242.400024,1204.5,1206.300049,50,1238.2000035714284,1225.3800089666665
2010-07-02,1201.400024,1211.599976,1200.800049,1207.400024,169,1234.3857247142857,1226.0333414666668
2010-07-06,1207.300049,1211.800049,1190.5,1194.800049,52,1227.1428745714286,1226.6700114
2010-07-07,1198.599976,1198.599976,1198.599976,1198.599976,18,1218.9714355714289,1226.8300089666668
2010-07-08,1195.800049,1203.300049,1189.300049,1195.800049,93,1212.9143067142857,1226.7633423
2010-07-09,1209.599976,1213.0,1195.0,1209.599976,22,1208.2857318571428,1226.6400065333332
2010-07-12,1198.5,1198.5,1198.5,1198.5,45,1201.5714461428572,1226.1933390666666
2010-07-13,1213.300049,1217.400024,1205.199951,1213.300049,53,1202.5714461428572,1226.2300089999999
2010-07-14,1212.0,1213.800049,1202.400024,1206.800049,54,1202.4857354285716,1225.630009
2010-07-15,1208.099976,1208.099976,1208.099976,1208.099976,32,1204.385725,1225.2133423333332
2010-07-16,1188.0,1188.0,1188.0,1188.0,46,1202.8714427142856,1224.5366740333334
2010-07-19,1181.699951,1182.199951,1180.0,1181.699951,4,1200.857143,1223.3866740333333
2010-07-20,1191.5,1191.5,1191.5,1191.5,8,1198.271432142857,1221.7933390666667
2010-07-21,1191.599976,1194.5,1184.099976,1191.599976,24,1197.2857144285715,1220.0466716
2010-07-22,1195.5,1196.0,1194.400024,1195.5,79,1194.7428502857144,1218.9466716
2010-07-23,1187.699951,1198.599976,1187.699951,1187.699951,32,1192.014264857143,1217.843335
2010-07-26,1183.0,1183.0,1183.0,1183.0,37,1188.428554,1216.3133342
2010-07-27,1158.0,1158.0,1158.0,1158.0,29,1184.1428397142859,1214.1366659
2010-07-28,1160.400024,1160.400024,1160.400024,1160.400024,206828,1181.099993,1211.7100016666668
2010-07-29,1163.800049,1169.199951,1158.699951,1168.400024,54384,1177.7999964285716,1209.6800008333332
2010-07-30,1168.199951,1183.099976,1166.0,1181.699951,5466,1176.3857071428572,1207.4866658666665
2010-08-02,1183.400024,1191.800049,1174.699951,1183.400024,2504,1174.6571391428572,1205.0266683000002
2010-08-03,1185.199951,1190.5,1180.0,1185.199951,598,1174.2999962857143,1203.2100016333331
2010-08-04,1186.300049,1203.0,1186.300049,1193.699951,1068,1175.8285607142857,1201.6699992
2010-08-05,1197.199951,1199.300049,1190.0,1197.199951,214,1181.4285537142857,1200.4399983666667
2010-08-06,1203.300049,1211.0,1195.300049,1203.400024,347,1187.5714108571428,1199.0366658333332
2010-08-09,1205.800049,1209.5,1199.800049,1200.699951,658,1192.185686142857,1197.1999959
2010-08-10,1196.199951,1206.5,1191.0,1196.199951,713,1194.2571147142858,1195.7999959
2010-08-11,1197.5,1208.0,1193.0,1197.5,351,1196.271397,1194.3166625666668
2010-08-12,1214.800049,1215.5,1199.0,1214.800049,289,1200.4999824285715,1193.2933308666666
2010-08-13,1214.900024,1214.900024,1214.900024,1214.900024,138,1203.5285642857143,1193.5799967
2010-08-16,1224.5,1225.400024,1218.0,1224.5,252,1207.4285712857143,1194.1499959
2010-08-17,1226.599976,1227.400024,1224.0,1226.599976,84,1210.7428501428572,1195.2099934666667
2010-08-18,1229.699951,1231.599976,1218.0,1229.699951,169,1214.885707285714,1196.2466593
2010-08-19,1233.800049,1237.599976,1228.800049,1233.800049,46,1220.2571498571428,1197.5133259666666
2010-08-20,1227.199951,1232.800049,1223.0,1227.199951,236,1224.5,1198.0999918000002
2010-08-23,1226.900024,1228.900024,1222.900024,1226.900024,56,1226.228567857143,1199.0466592666667
2010-08-24,1231.800049,1234.0,1211.5,1231.800049,300,1228.642857142857,1199.6633259333332
2010-08-25,1239.5,1240.699951,1230.699951,1239.5,298,1230.7857142857142,1200.7533243
2010-08-26,1235.400024,1243.300049,1235.0,1235.400024,104,1232.0428640000002,1201.6633259
2010-08-27,1236.0,1236.0,1236.0,1236.0,573,1232.942871,1203.2633259
2010-08-30,1237.099976,1237.900024,1234.0,1237.099976,128,1233.4142891428571,1205.1099934000001
2010-08-31,1248.300049,1249.400024,1233.0,1248.300049,124,1236.4285888571428,1207.0033283666667
2010-09-01,1246.300049,1254.300049,1243.599976,1246.300049,41,1239.200021,1208.8266641333332
2010-09-02,1251.5,1252.5,1246.900024,1251.5,100,1242.0142997142855,1210.6933308
2010-09-03,1249.199951,1249.199951,1240.0,1249.199951,3,1243.400007,1212.7433308
2010-09-07,1257.300049,1258.0,1255.5,1257.300049,7,1246.5285820000001,1215.2199991
2010-09-08,1255.599976,1260.199951,1254.699951,1255.599976,27,1249.3285785714286,1218.4733316333334
2010-09-09,1248.900024,1256.0,1244.099976,1248.900024,9,1251.0142997142855,1221.4233316333332
2010-09-10,1244.5,1244.5,1244.5,1244.5,20,1250.4714355714289,1223.9599974999999
2010-09-13,1245.099976,1245.099976,1245.099976,1245.099976,18,1250.2999965714284,1226.0733316666667
2010-09-14,1269.699951,1272.400024,1253.400024,1269.699951,87,1252.8999895714285,1228.9499958999997
2010-09-15,1266.599976,1269.800049,1263.5,1266.699951,34,1255.3999895714285,1231.6666625666667
2010-09-16,1271.900024,1275.199951,1268.699951,1271.900024,37,1257.4857002857145,1234.2733316666668
2010-09-17,1275.599976,1279.599976,1273.800049,1275.599976,54,1260.3428431428572,1236.8866658333332
2010-09-20,1279.0,1282.0,1279.0,1279.0,27,1264.6428397142859,1239.4066650333334
2010-09-21,1272.400024,1289.800049,1271.800049,1272.400024,56,1268.6285574285716,1241.7966674666668
2010-09-22,1290.199951,1290.199951,1290.199951,1290.199951,17,1275.0714110000001,1244.9300007999998
2010-09-23,1294.300049,1294.300049,1289.400024,1294.300049,45,1278.5857107142858,1248.1566691
2010-09-24,1296.0,1297.400024,1294.199951,1296.0,37,1282.7714319999998,1250.8633341333334
2010-09-27,1296.699951,1296.699951,1296.699951,1296.699951,67,1286.3142787142858,1253.5899983666666
2010-09-28,1287.5,1308.599976,1287.5,1306.599976,25190,1290.7428501428572,1256.3266642333333
2010-09-29,1309.400024,1312.5,1305.0,1308.5,6745,1294.957135857143,1259.0566650333335
2010-09-30,1307.199951,1315.199951,1295.699951,1307.800049,579,1300.0142822857142,1261.6600016333332
2010-10-01,1309.0,1320.0,1309.0,1316.099976,153,1303.7142858571428,1264.4033325333332
2010-10-04,1318.300049,1319.099976,1312.0,1315.400024,95,1306.728568,1267.3433349666666
2010-10-05,1312.900024,1341.099976,1312.900024,1338.900024,197,1312.857142857143,1271.0766683000002
2010-10-06,1339.099976,1349.0,1339.0,1346.400024,215,1319.9571532857142,1274.8966674666665
2010-10-07,1347.900024,1363.0,1325.699951,1333.900024,261,1323.8571601428573,1278.0433349333332
2010-10-08,1333.5,1348.400024,1325.0,1344.199951,80,1328.9571531428571,1281.669999166667
2010-10-11,1346.699951,1353.699951,1344.0,1353.300049,79,1335.4571531428571,1285.5800008
2010-10-12,1346.900024,1352.199951,1343.599976,1345.699951,112,1339.685721,1289.1999999666666
2010-10-13,1356.400024,1374.0,1355.099976,1369.5,251,1347.414289,1293.2399983333335
2010-10-14,1372.800049,1383.900024,1371.300049,1376.699951,106,1352.8142785714285,1297.5866617333334
2010-10-15,1379.199951,1382.400024,1364.699951,1371.099976,170,1356.342843142857,1301.5733276
2010-10-18,1358.0,1372.599976,1358.0,1371.199951,46,1361.6714041428572,1305.6399942666665
2010-10-19,1366.800049,1370.5,1328.5,1335.099976,301,1360.3714077142856,1308.2333251666669
2010-10-20,1336.0,1345.800049,1334.199951,1343.300049,148,1358.9428362857143,1311.1566609333333
2010-10-21,1344.199951,1346.199951,1317.5,1324.699951,102,1355.9428362857143,1313.683325166667
2010-10-22,1326.699951,1328.099976,1319.0,1324.400024,113,1349.4999825714283,1316.3466593
2010-10-25,1333.599976,1349.099976,1333.099976,1338.300049,194,1344.0142822857142,1319.4533284
2010-10-26,1341.199951,1341.199951,1328.300049,1338.0,195,1339.2857142857142,1321.7299967000001
2010-10-27,1341.0,1341.0,1321.099976,1322.199951,106,1332.2857142857142,1323.5799966999998
2010-10-28,1327.900024,1343.599976,1325.900024,1342.099976,192,1333.2857142857142,1325.9199951
2010-10-29,1340.199951,1358.699951,1336.800049,1357.099976,74,1335.2571324285714,1328.6366617666667
2010-11-01,1360.300049,1360.300049,1350.699951,1350.199951,40,1338.8999895714285,1331.0099934666666
2010-11-02,1356.800049,1356.800049,1355.5,1356.400024,17,1343.4714181428571,1333.8099934666666
2010-11-03,1351.400024,1359.199951,1327.5,1337.099976,135,1343.2999791428572,1335.3733276333335
2010-11-04,1368.599976,1392.5,1368.599976,1382.699951,109,1349.6856864285714,1338.319991033333
2010-11-05,1390.699951,1398.0,1378.199951,1397.300049,109,1360.4142718571427,1341.6966593333334
2010-11-08,1390.5,1409.199951,1387.099976,1402.800049,112,1369.085710857143,1345.2333292666667
2010-11-09,1405.199951,1423.199951,1382.900024,1409.800049,84,1376.6142927142857,1348.6733316999998
2010-11-10,1395.199951,1408.099976,1384.0,1399.099976,29,1383.6000105714286,1351.6933309
2010-11-11,1400.699951,1413.5,1397.300049,1403.099976,26,1390.2714322857141,1354.8699951333333
2010-11-12,1407.900024,1407.900024,1360.099976,1365.400024,182,1394.3142962857144,1356.5133300666669
2010-11-15,1363.699951,1372.599976,1355.300049,1368.400024,46,1392.2714495714285,1358.2799967333333
2010-11-16,1356.5,1358.199951,1329.5,1338.300049,67,1383.8428781428572,1358.2599975666667
2010-11-17,1336.900024,1341.800049,1331.300049,1336.800049,50,1374.4143067142854,1357.9399984000001
2010-11-18,1349.5,1353.199951,1347.699951,1352.900024,17,1366.2857317142857,1358.5733317333334
2010-11-19,1350.699951,1352.0,1344.5,1352.199951,7,1359.5857281428573,1358.8399983999998
2010-11-22,1357.699951,1357.699951,1357.699951,1357.699951,7,1353.1000102857142,1358.9866618
2010-11-23,1369.400024,1377.5,1364.5,1377.5,15,1354.8285782857145,1360.0466634333332
2010-11-24,1377.800049,1377.800049,1377.800049,1372.900024,3,1355.4714354285713,1360.1599975666666
2010-11-26,1372.099976,1372.099976,1372.099976,1362.300049,138416,1358.900006857143,1359.6800008333335
2010-11-29,1364.0,1369.300049,1352.599976,1366.0,94486,1363.0714284285714,1359.5100016333333
2010-11-30,1366.699951,1390.099976,1362.800049,1385.0,11370,1367.6571392857145,1359.9700032666667
2010-12-01,1386.800049,1396.599976,1382.300049,1387.300049,4759,1372.671439,1361.7100056999998
2010-12-02,1387.599976,1398.599976,1383.300049,1388.5,1550,1377.0714460000002,1363.2166707333333
2010-12-03,1385.099976,1415.099976,1385.099976,1405.400024,2341,1381.0571637142857,1365.9066731666667
2010-12-06,1414.0,1428.400024,1410.0,1415.300049,833,1387.1143101428572,1368.936674
2010-12-07,1424.5,1431.099976,1398.0,1408.300049,866,1393.685738714286,1371.2700073333333
2010-12-08,1402.5,1403.800049,1372.0,1382.5,1675,1396.0428815714283,1372.7533406666666
2010-12-09,1380.599976,1394.199951,1380.5,1392.099976,971,1397.0571638571425,1375.0833415000002
2010-12-10,1388.900024,1392.0,1373.099976,1384.300049,457,1396.6285924285714,1376.4900105999998
2010-12-13,1384.5,1399.199951,1384.5,1397.300049,193,1397.8857422857143,1377.8300130333334
2010-12-14,1401.900024,1407.300049,1391.800049,1403.599976,431,1397.6285925714285,1379.6100138666666
2010-12-15,1394.0,1394.0,1379.5,1385.5,215,1393.3714427142856,1380.5800130666669
2010-12-16,1380.900024,1385.0,1362.5,1370.400024,228,1387.9571534285715,1381.6900146666667
2010-12-17,1376.400024,1378.599976,1365.900024,1378.599976,102,1387.400007142857,1381.5533488333335
2010-12-20,1383.199951,1386.699951,1376.5,1385.5,125,1386.4571534285715,1381.1600138666665
2010-12-21,1385.800049,1389.5,1381.5,1388.199951,113,1387.0142822857142,1380.6733439333334
2010-12-22,1388.0,1389.5,1385.0,1386.800049,58,1385.5142822857142,1379.9066772666667
2010-12-23,1388.400024,1388.400024,1373.699951,1380.0,101,1382.142857142857,1379.2700114
2010-12-27,1373.5,1384.199951,1373.5,1382.400024,322,1381.7000034285716,1378.580013
2010-12-28,1389.800049,1406.699951,1389.800049,1405.199951,519,1386.6714215714285,1379.906677233333
2010-12-29,1403.400024,1412.199951,1402.900024,1413.099976,413,1391.599993,1381.3966756333334
2010-12-30,1413.800049,1413.800049,1403.099976,1405.599976,185,1394.4714181428571,1383.6400065333332
2010-12-31,1405.699951,1421.099976,1405.699951,1421.099976,54,1399.1714217142855,1386.4500041
2011-01-03,1415.599976,1423.900024,1413.699951,1422.599976,28,1404.2856969999998,1388.7733358333332
2011-01-04,1409.599976,1410.900024,1375.800049,1378.5,122,1404.0714112857142,1389.6500041333336
2011-01-05,1383.400024,1384.0,1364.199951,1373.400024,175,1402.7856969999998,1390.1733399
2011-01-06,1374.800049,1376.5,1368.900024,1371.400024,158,1397.9571360000002,1389.9700073666668
2011-01-07,1372.699951,1377.199951,1355.5,1368.5,225,1391.5857108571429,1389.8233398999998
2011-01-10,1369.0,1374.0,1365.699951,1373.699951,181,1387.0285644285716,1390.2033366333335
2011-01-11,1375.400024,1384.5,1373.900024,1384.0,13,1381.728567857143,1390.8033366333334
2011-01-12,1382.599976,1385.5,1378.0,1385.699951,204,1376.4571357142854,1390.8266683333334
2011-01-13,1386.099976,1392.5,1371.400024,1386.900024,66,1377.657139142857,1390.8133341666667
2011-01-14,1375.0,1376.0,1356.699951,1360.400024,252,1375.7999962857143,1389.8766683000001
2011-01-18,1365.099976,1371.0,1359.199951,1368.099976,106,1375.3285608571427,1388.6333333666666
2011-01-19,1371.900024,1376.199951,1367.0,1370.199951,40,1375.5714110000001,1387.1299967666669
2011-01-20,1367.699951,1367.699951,1345.0,1346.5,10,1371.6857037142856,1385.0699951333334
2011-01-21,1341.699951,1345.599976,1338.599976,1341.0,20,1365.5428465714285,1383.6866618
2011-01-24,1352.300049,1352.300049,1341.800049,1344.5,2,1359.6571392857145,1382.0999959333335
2011-01-25,1330.400024,1331.5,1323.599976,1332.300049,394,1351.857142857143,1380.3666626000002
2011-01-26,1333.0,1341.699951,1333.0,1333.0,4,1347.9428537142855,1378.2233276333332
2011-01-27,1342.0,1342.0,1318.400024,1318.400024,210699,1340.8428605714287,1375.3833292333334
2011-01-28,1314.0,1346.599976,1307.699951,1340.699951,73023,1336.628574857143,1373.8899942666665
2011-01-31,1339.0,1345.900024,1323.300049,1333.800049,13657,1334.814296142857,1372.6699951
2011-02-01,1333.099976,1342.900024,1325.300049,1339.599976,3180,1334.6142927142857,1371.3699951
2011-02-02,1344.0,1344.0,1327.0,1331.5,1363,1332.7571498571428,1369.5699951
2011-02-03,1335.599976,1355.800049,1324.900024,1352.300049,1865,1335.614292714286,1368.3733316999999
2011-02-04,1354.800049,1360.0,1345.0,1348.300049,591,1337.8000140000001,1367.0899983666668
2011-02-07,1345.800049,1353.800049,1343.800049,1347.599976,1004,1341.9714357142857,1366.0099975666667
2011-02-08,1351.199951,1367.0,1350.0,1363.400024,2536,1345.2143032857143,1365.3766642333333
2011-02-09,1362.800049,1366.5,1359.599976,1364.800049,146,1349.6428747142857,1364.0300008333334
2011-02-10,1364.300049,1364.5,1351.699951,1361.900024,312,1352.828595857143,1362.3233357666666
2011-02-11,1364.0,1368.800049,1355.199951,1359.900024,488,1356.8857421428572,1360.8000040333332
2011-02-14,1357.800049,1365.599976,1356.599976,1364.599976,181,1358.6428745714286,1358.9166707000002
2011-02-15,1361.599976,1376.0,1361.599976,1373.599976,321,1362.257149857143,1357.2833373666665
2011-02-16,1373.599976,1382.0,1370.5,1374.699951,156,1366.128574857143,1357.1566690666666
2011-02-17,1377.699951,1384.699951,1377.0,1384.699951,113,1369.1714215714285,1357.5333333
2011-02-18,1384.099976,1391.800049,1381.800049,1388.199951,98,1372.5142647142857,1358.0933308666667
2011-02-22,1395.099976,1408.699951,1395.099976,1400.5,430,1378.028547,1359.1599975333334
2011-02-23,1397.800049,1413.800049,1397.800049,1413.400024,318,1385.671404142857,1360.4833333
2011-02-24,1415.099976,1415.300049,1408.300049,1415.300049,809,1392.9142717142856,1361.5266682666665
2011-02-25,1401.699951,1411.0,1401.0,1408.699951,352,1397.9285538571428,1362.2933349333334
2011-02-28,1410.699951,1415.699951,1407.699951,1409.300049,205,1402.8714249999998,1363.0400024333333
2011-03-01,1415.300049,1434.400024,1415.300049,1430.699951,116,1409.4428535714285,1365.3833333333334
2011-03-02,1432.5,1440.5,1428.800049,1437.199951,1600,1416.4428535714287,1367.6866658333333
2011-03-03,1432.300049,1432.300049,1415.900024,1416.0,244,1418.6571392857145,1369.213334133333
2011-03-04,1418.900024,1429.800049,1416.800049,1428.199951,60,1420.7714145714287,1371.9366658333333
2011-03-07,1434.5,1445.0,1429.5,1434.099976,613,1423.4571184285717,1375.0399983666664
2011-03-08,1431.599976,1432.599976,1424.300049,1426.900024,198,1426.057128857143,1377.7866658333332
2011-03-09,1430.0,1435.699951,1426.099976,1429.300049,98,1428.9142717142859,1381.0199991666666
2011-03-10,1429.5,1429.800049,1403.800049,1412.199951,23,1426.2714145714287,1383.6599975333334
2011-03-11,1413.699951,1422.599976,1404.900024,1421.5,23,1424.0285644285711,1387.0966634
2011-03-14,1420.0,1427.699951,1420.0,1424.599976,58,1425.2571324285714,1389.8933309
2011-03-15,1413.300049,1413.300049,1385.5,1392.599976,20,1420.1714217142858,1391.8533284666667
2011-03-16,1398.0,1404.199951,1394.300049,1396.0,38,1414.728568,1393.7333292666667
2011-03-17,1387.699951,1393.599976,1387.699951,1404.0,27,1411.4571359999998,1396.1499959333335
2011-03-18,1406.400024,1419.300049,1406.400024,1415.900024,6,1409.5428467142858,1398.2699951
2011-03-21,1433.5,1433.5,1430.800049,1426.199951,43,1411.5428467142858,1400.8666584999999
2011-03-22,1430.400024,1430.400024,1430.400024,1427.5,85,1412.3999895714285,1403.5299926333332
2011-03-23,1432.199951,1439.699951,1432.199951,1437.900024,19,1414.2999964285714,1406.0133259666666
2011-03-24,1437.699951,1446.900024,1437.5,1434.800049,27,1420.3285782857145,1408.3466593
2011-03-25,1436.0,1436.0,1436.0,1426.099976,1,1424.628574857143,1410.4866576999998
2011-03-28,1413.199951,1415.599976,1413.199951,1419.800049,6,1426.8857247142857,1412.4833252
2011-03-29,1416.0,1416.0,1416.0,1416.0,135792,1426.900007,1414.1966593333334
2011-03-30,1418.699951,1430.300049,1412.0,1423.800049,47011,1426.5571638571425,1415.8699951
2011-03-31,1423.300049,1440.0,1420.699951,1438.900024,8230,1428.185738714286,1418.0099975333333
2011-04-01,1433.400024,1436.5,1413.0,1428.099976,5318,1426.7857318571428,1419.4566650333334
2011-04-04,1429.099976,1439.099976,1428.800049,1432.199951,683,1426.4142892857144,1420.9233317
2011-04-05,1437.900024,1457.599976,1430.300049,1451.800049,2609,1430.0857282857141,1422.6333333333334
2011-04-06,1456.900024,1462.300049,1452.0,1457.699951,901,1435.5,1424.1099975666666
2011-04-07,1459.699951,1462.5,1453.900024,1458.5,229,1441.5714285714287,1425.5499959333333
2011-04-08,1457.599976,1475.5,1457.5,1473.400024,1407,1448.6571392857145,1427.7066650333331
2011-04-11,1476.0,1476.0,1459.699951,1467.400024,378,1452.728567857143,1429.6433308666667
2011-04-12,1461.800049,1467.199951,1444.400024,1452.900024,345,1456.271431857143,1430.3833333
2011-04-13,1455.0,1462.0,1454.0,1454.900024,197,1459.5142994285713,1430.9733357333332
2011-04-14,1456.800049,1476.0,1452.699951,1471.699951,535,1462.3571425714288,1432.8300007666667
2011-04-15,1477.599976,1487.5,1473.199951,1485.300049,293,1466.3000137142858,1434.7333373666665
2011-04-18,1486.300049,1497.300049,1477.5,1492.300049,650,1471.128592142857,1436.6733398000001
2011-04-19,1493.300049,1499.5,1489.0,1494.5,168,1474.1428744285713,1438.9266723333335
2011-04-20,1494.0,1505.300049,1494.0,1498.300049,386,1478.5571637142857,1441.2266723333335
2011-04-21,1503.699951,1508.300049,1501.699951,1503.199951,237,1485.7428675714286,1444.2600056666668
2011-04-25,1513.300049,1518.0,1502.800049,1508.599976,233,1493.4142892857142,1447.1633382
2011-04-26,1501.5,1506.300049,1495.0,1503.0,223,1497.8857248571428,1449.7766723333334
2011-04-27,1507.099976,1512.800049,1505.199951,1516.699951,460,1502.371425142857,1453.9133381666666
2011-04-28,1528.599976,1536.0,1526.599976,1530.800049,425,1507.8714251428573,1458.4066731333332
2011-04-29,1538.699951,1568.699951,1537.300049,1556.0,124,1516.6571394285716,1463.4733397999998
2011-05-02,1572.900024,1576.599976,1543.099976,1556.699951,200,1524.9999825714283,1468.1666707000002
2011-05-03,1542.5,1547.0,1527.5,1540.099976,246,1530.2714147142858,1471.9633382
2011-05-04,1535.0,1539.0,1506.199951,1514.900024,272,1531.1714215714285,1474.8766723333333
2011-05-05,1514.699951,1520.699951,1471.0,1480.900024,133,1528.014282142857,1476.3100056666665
2011-05-06,1473.199951,1494.800049,1472.300049,1491.199951,144,1524.371425,1478.1900024
2011-05-09,1501.5,1512.800049,1501.300049,1502.900024,44,1520.385707142857,1480.7500040000002
2011-05-10,1508.400024,1516.900024,1508.400024,1516.599976,13,1514.7571322857143,1483.9766682333332
2011-05-11,1524.0,1524.099976,1495.199951,1501.099976,30,1506.8142787142858,1486.8133340999998
2011-05-12,1492.099976,1498.5,1484.800049,1506.599976,11,1502.0285644285716,1489.5733316666667
2011-05-13,1503.5,1511.300049,1490.199951,1493.400024,16,1498.957135857143,1491.389998333333
2011-05-16,1489.300049,1494.900024,1489.300049,1490.400024,10,1500.3142787142858,1493.4666666
2011-05-17,1489.800049,1491.800049,1473.0,1479.800049,41,1498.6857212857142,1495.053336533333
2011-05-18,1496.400024,1497.0,1496.300049,1495.599976,82,1497.6428572857142,1496.5133341
2011-05-19,1491.5,1491.5,1491.5,1492.199951,1,1494.1571394285713,1497.6633341
2011-05-20,1499.0,1512.699951,1488.699951,1508.800049,93,1495.2571498571428,1499.3400024
2011-05-23,1510.5,1512.300049,1507.0,1515.300049,42,1496.5000174285717,1500.7366699000002
2011-05-24,1527.099976,1527.099976,1521.900024,1523.199951,4,1500.7571498571428,1502.5966674666668
2011-05-25,1526.400024,1527.5,1526.099976,1526.599976,10,1505.9285715714286,1505.0533325333333
2011-05-26,1521.199951,1521.199951,1519.5,1522.800049,186986,1512.0714287142857,1507.3166667
2011-05-27,1519.400024,1538.5,1518.400024,1536.300049,76719,1517.8857248571428,1509.4700033000001
2011-05-31,1536.699951,1541.099976,1532.400024,1535.900024,6152,1524.1285924285714,1511.1566691333333
2011-06-01,1535.699951,1550.599976,1529.699951,1542.400024,2845,1528.928588857143,1512.8266683
2011-06-02,1541.300049,1544.5,1520.0,1532.0,1651,1531.314296142857,1514.0766683
2011-06-03,1534.699951,1546.300049,1525.0,1541.699951,1745,1533.9571532857142,1515.5233317
2011-06-06,1542.900024,1553.900024,1542.0,1546.5,691,1536.8000138571426,1516.9666666666667
2011-06-07,1545.0,1549.900024,1537.199951,1543.300049,2530,1539.7285852857142,1518.1233357666667
2011-06-08,1544.199951,1544.199951,1531.300049,1538.099976,489,1539.9857177142858,1519.2933349666666
2011-06-09,1536.099976,1548.800049,1534.400024,1542.099976,288,1540.871425142857,1520.1400024666666
2011-06-10,1543.699951,1543.900024,1526.400024,1528.599976,632,1538.8999897142855,1520.0666667
2011-06-13,1528.099976,1533.0,1511.300049,1515.0,851,1536.4714182857144,1518.7000000333333
2011-06-14,1517.199951,1526.199951,1513.099976,1523.800049,306,1533.9142894285712,1517.6033366333331
2011-06-15,1525.0,1533.400024,1515.0,1525.599976,648,1530.928571714286,1517.1200033
2011-06-16,1526.0,1531.199951,1522.0,1529.300049,164,1528.9285717142855,1517.6000041333332
2011-06-17,1523.0,1541.599976,1523.0,1538.599976,72,1529.0000002857141,1519.5233358666667
2011-06-20,1536.0,1545.699951,1535.199951,1541.5,99,1528.9142894285712,1521.2000041666665
2011-06-21,1540.099976,1547.5,1540.0,1546.0,125,1531.400007142857,1522.6366700333333
2011-06-22,1547.199951,1558.5,1544.400024,1552.900024,222,1536.8142962857144,1523.8466716333335
2011-06-23,1547.199951,1547.199951,1514.699951,1520.099976,300,1536.2857144285713,1524.4800049666667
2011-06-24,1524.699951,1525.0,1498.5,1500.5,257,1532.7000035714284,1524.2766724333333
2011-06-27,1503.5,1503.5,1490.699951,1496.0,140,1527.9428537142855,1524.3633383000001
2011-06-28,1499.900024,1505.0,1496.099976,1499.699951,508,1522.3857072857143,1524.6733358666668
2011-06-29,1504.099976,1512.199951,1504.099976,1509.900024,395,1517.871425,1525.676668366667
2011-06-30,1511.5,1514.0,1498.800049,1502.300049,69,1511.628574857143,1525.9000041333334
2011-07-01,1502.199951,1502.199951,1480.0,1482.300049,66,1501.542864142857,1525.5700074000001
2011-07-05,1490.400024,1515.0,1490.300049,1512.300049,199,1500.428588857143,1525.6866740666667
2011-07-06,1513.699951,1531.5,1510.300049,1528.699951,71,1504.4571532857142,1526.1333374666667
2011-07-07,1529.099976,1533.099976,1522.699951,1530.199951,55,1509.3428605714287,1526.3666707999998
2011-07-08,1527.0,1542.599976,1526.599976,1541.199951,3,1515.271432,1526.8533366333334
2011-07-11,1550.0,1555.199951,1543.099976,1548.800049,14,1520.8285784285713,1527.7200033000001
2011-07-12,1548.199951,1565.0,1542.0,1561.900024,8,1529.3428605714287,1528.5733358
2011-07-13,1574.0,1585.599976,1570.800049,1585.199951,29,1544.0428465714285,1530.2166667
2011-07-14,1586.300049,1592.800049,1583.599976,1589.0,19,1554.9999824285712,1531.7699992333332
2011-07-15,1582.300049,1592.199951,1582.300049,1589.800049,8,1563.728567857143,1533.6966675333335
2011-07-18,1592.800049,1605.0,1592.800049,1602.099976,13,1574.0,1535.7100017
2011-07-19,1608.099976,1608.800049,1583.300049,1600.900024,63,1582.5285818571429,1537.5233358333332
2011-07-20,1584.300049,1596.699951,1582.400024,1596.699951,9,1589.371425,1539.3033325666665
2011-07-21,1598.0,1601.599976,1586.599976,1586.800049,24,1592.9285714285713,1540.9266683333335
2011-07-22,1588.5,1606.5,1588.5,1601.300049,12,1595.2285854285715,1542.9000041
2011-07-25,1610.0,1619.400024,1610.0,1612.0,67,1598.5142997142855,1545.6800049
2011-07-26,1609.800049,1618.5,1609.800049,1616.599976,28,1602.3428607142855,1549.0666707666667
2011-07-27,1619.699951,1619.699951,1617.0,1615.0,232220,1604.1857212857142,1552.1066691333333
2011-07-28,1614.199951,1620.599976,1602.800049,1613.400024,70263,1605.9714355714284,1555.0333374
2011-07-29,1617.099976,1634.900024,1610.599976,1628.300049,6761,1610.485735285714,1558.3333374
2011-08-01,1623.0,1631.800049,1607.0,1619.0,2889,1615.0857282857141,1561.0133382
2011-08-02,1619.300049,1660.599976,1616.800049,1641.900024,2440,1620.8857247142857,1564.3600056666667
2011-08-03,1659.900024,1672.300049,1651.599976,1663.400024,2024,1628.2285852857144,1568.2733398000003
2011-08-04,1660.5,1681.800049,1640.0,1656.199951,1952,1633.8857245714285,1571.7166707
2011-08-05,1647.5,1666.099976,1642.699951,1648.800049,825,1638.7143030000002,1576.0066731333334
2011-08-08,1679.099976,1720.0,1678.099976,1710.199951,1885,1652.5428640000002,1582.9966715
2011-08-09,1722.5,1779.0,1720.099976,1740.0,1861,1668.4999998571427,1591.1300048333333
2011-08-10,1744.0,1795.599976,1741.300049,1781.300049,969,1691.6857211428573,1600.5166747666667
2011-08-11,1795.099976,1813.5,1733.300049,1748.800049,1503,1706.9571532857142,1608.4800089333332
2011-08-12,1760.599976,1764.199951,1723.800049,1740.199951,1166,1717.9285714285713,1616.4100056666668
2011-08-15,1734.900024,1765.199951,1730.5,1755.5,976,1732.114292714286,1625.5166707
2011-08-16,1769.0,1787.300049,1761.599976,1782.400024,278,1751.2000034285713,1634.5200031999998
2011-08-17,1784.800049,1794.300049,1782.0,1791.199951,231,1762.771432,1643.2700032
2011-08-18,1786.5,1828.5,1785.5,1818.900024,868,1774.0428639999998,1652.8933389666668
2011-08-19,1823.699951,1874.400024,1823.699951,1848.900024,328,1783.7000032857143,1663.1500080666665
2011-08-22,1868.599976,1895.0,1858.400024,1888.699951,1106,1803.6857035714286,1674.4800048
2011-08-23,1909.0,1909.300049,1824.599976,1858.300049,458,1820.5571461428572,1684.3600056333332
2011-08-24,1833.0,1853.099976,1753.099976,1754.099976,992,1820.3571427142856,1689.9900064666667
2011-08-25,1748.400024,1772.5,1707.300049,1759.800049,864,1817.128574857143,1695.6833414333335
2011-08-26,1768.5,1829.300049,1768.5,1794.099976,270,1817.5428641428573,1702.4933389999999
2011-08-29,1817.900024,1817.900024,1786.699951,1788.400024,828,1813.1857212857142,1708.7033406
2011-08-30,1787.199951,1839.599976,1783.099976,1826.699951,598,1810.0142822857142,1716.2300048333334
2011-08-31,1830.599976,1837.900024,1811.400024,1828.5,336,1801.4142892857142,1723.9566731333334
2011-09-01,1825.800049,1829.5,1814.400024,1826.0,263,1796.7999965714284,1731.9300048333332
2011-09-02,1828.599976,1884.199951,1828.599976,1873.699951,442,1813.8857072857143,1741.0100015666665
2011-09-06,1886.300049,1911.599976,1864.0,1869.900024,536,1829.6142751428572,1749.6066690333332
2011-09-07,1868.900024,1873.699951,1792.800049,1814.199951,470,1832.485700142857,1756.1933348666669
2011-09-08,1839.300049,1870.0,1835.0,1854.400024,142,1841.9142715714286,1764.1733356666666
2011-09-09,1858.099976,1881.300049,1830.0,1856.400024,188,1846.1571391428572,1772.2733356666665
2011-09-12,1852.400024,1852.400024,1806.0,1809.900024,245,1843.4999997142857,1778.3266681666669
2011-09-13,1817.800049,1835.300049,1808.099976,1826.800049,52,1843.6142924285716,1785.2533364666667
2011-09-14,1843.0,1843.0,1809.0,1823.5,156,1836.442870857143,1791.306669
2011-09-15,1816.300049,1816.300049,1775.800049,1778.5,80,1823.3857245714285,1795.1433348666665
2011-09-16,1768.5,1819.099976,1768.5,1812.099976,111,1823.0857281428573,1800.3400023666666
2011-09-19,1814.699951,1818.900024,1788.0,1776.400024,13,1811.942871,1804.5933348666665
2011-09-20,1778.800049,1807.800049,1776.0,1806.599976,86,1804.8285784285713,1807.8066690333333
2011-09-21,1808.0,1811.699951,1782.800049,1805.5,22,1804.2000035714284,1809.9900023666667
2011-09-22,1773.199951,1773.199951,1730.900024,1739.199951,23,1791.685703857143,1808.5866657666666
2011-09-23,1737.300049,1737.300049,1636.300049,1637.5,81,1765.1142752857143,1804.8766641333334
2011-09-26,1646.400024,1661.800049,1562.400024,1592.5,151,1738.5428467142858,1799.9533324333331
2011-09-27,1653.800049,1665.400024,1653.699951,1650.599976,47,1715.4714181428571,1796.4566649666665
2011-09-28,1650.0,1650.0,1650.0,1616.300049,21275,1692.599993142857,1790.9199991333335
2011-09-29,1604.0,1633.800049,1585.0,1615.5,7181,1665.2999965714284,1785.0633341
2011-09-30,1620.800049,1639.400024,1609.400024,1620.400024,284,1638.857142857143,1778.4466674333332
2011-10-03,1627.800049,1660.800049,1627.599976,1656.0,101,1626.9714355714284,1772.0166666333332
2011-10-04,1661.0,1678.099976,1596.599976,1614.699951,159,1623.7142857142858,1762.8833333
2011-10-05,1629.300049,1640.300049,1599.599976,1640.300049,114,1630.542864142857,1755.6166666333334
2011-10-06,1642.599976,1654.699951,1637.599976,1651.900024,38,1630.7285852857144,1752.2100015666665
2011-10-07,1657.0,1665.0,1626.199951,1634.5,66,1633.3285782857145,1748.0333332666667
2011-10-10,1645.599976,1676.800049,1645.599976,1669.599976,61,1641.0571462857145,1743.8833332666666
2011-10-11,1685.0,1685.0,1657.599976,1659.699951,151,1646.6714215714287,1739.5933308333333
2011-10-12,1667.099976,1691.0,1667.099976,1681.300049,37,1650.2857142857142,1734.7466674333332
2011-10-13,1676.099976,1678.800049,1656.199951,1667.300049,148,1657.800014,1729.3733357333333
2011-10-14,1665.800049,1683.300049,1665.800049,1681.800049,51,1663.7285854285713,1724.5666706999998
2011-10-17,1683.599976,1693.5,1667.300049,1675.5,41,1667.1000105714286,1717.9600056666668
2011-10-18,1666.0,1666.0,1627.5,1651.699951,85,1669.5571464285713,1710.6866699
2011-10-19,1659.300049,1659.300049,1641.300049,1646.0,22,1666.1857212857142,1705.0800048666667
2011-10-20,1643.199951,1643.199951,1608.699951,1611.900024,92,1659.3571602857141,1696.9966715333333
2011-10-21,1626.099976,1647.400024,1626.099976,1635.099976,32,1652.7571498571428,1689.6200032666668
2011-10-24,1646.199951,1657.800049,1646.199951,1651.5,313,1650.5,1684.3400024666666
2011-10-25,1645.0,1706.800049,1645.0,1699.599976,355,1653.0428467142858,1680.1000000333333
2011-10-26,1717.0,1723.599976,1708.900024,1722.699951,135,1659.7856968571427,1676.7399984
2011-10-27,1717.800049,1735.5,1717.800049,1746.699951,494,1673.3571254285714,1675.6799967666666
2011-10-28,1752.0,1752.0,1733.0,1746.199951,158,1687.6714041428572,1673.4833292666667
2011-10-31,1741.900024,1741.900024,1717.0,1724.199951,62,1703.714250857143,1671.7433268333334
2011-11-01,1706.699951,1720.099976,1682.5,1711.0,246,1714.5571114285715,1668.5566609666669
2011-11-02,1724.300049,1741.400024,1723.199951,1728.699951,294,1725.5856758571429,1665.9966593333336
2011-11-03,1740.5,1766.0,1726.599976,1764.199951,290,1734.8142437142858,1666.8299926666666
2011-11-04,1757.0,1761.199951,1754.900024,1755.300049,47,1739.4714005714286,1670.756660966667
2011-11-07,1755.300049,1797.0,1755.300049,1790.300049,35,1745.699986,1677.3499959333335
2011-11-08,1798.400024,1798.400024,1785.699951,1798.400024,14,1753.1571392857143,1682.2766642000001
2011-11-09,1793.0,1793.0,1774.199951,1790.900024,6,1762.6857211428571,1688.0966633666665
2011-11-10,1766.800049,1766.800049,1754.800049,1758.900024,16,1769.528581714286,1692.8766641666666
2011-11-11,1777.0,1789.099976,1777.0,1787.5,28,1777.9285887142858,1698.4466633666668
2011-11-14,1779.0,1779.0,1779.0,1777.800049,24,1779.8714598571428,1702.506665
2011-11-15,1779.199951,1783.099976,1761.300049,1781.699951,18,1783.6428744285715,1708.0733316666667
2011-11-16,1777.5,1777.5,1757.699951,1773.800049,65,1781.2857315714284,1712.5233316666668
2011-11-17,1755.300049,1755.300049,1714.0,1719.800049,54,1770.0571637142857,1714.7866658333335
2011-11-18,1725.0,1736.0,1719.0,1724.699951,14,1760.6000104285715,1717.7933308666666
2011-11-21,1704.599976,1704.599976,1674.400024,1678.300049,9,1749.0857282857141,1718.0833333000003
2011-11-22,1675.400024,1702.199951,1675.400024,1702.199951,13,1736.900007,1719.4999999666666
2011-11-23,1691.199951,1700.0,1681.599976,1695.699951,34,1725.1714215714287,1719.9799967000001
2011-11-25,1690.099976,1693.5,1675.300049,1685.5,28,1711.4285714285713,1720.5866617333334
2011-11-28,1710.800049,1710.800049,1710.800049,1710.800049,175525,1702.4285714285713,1721.5533284
2011-11-29,1711.300049,1718.400024,1704.0,1713.400024,64786,1701.5142821428574,1722.8166625333333
2011-11-30,1714.0,1749.199951,1699.900024,1745.5,15463,1704.4857177142858,1725.9433308333332
2011-12-01,1747.0,1753.300049,1734.5,1735.300049,1350,1712.628574857143,1728.9199991333332
2011-12-02,1744.800049,1762.900024,1741.599976,1747.0,1067,1719.0285818571429,1733.4233316666666
2011-12-05,1748.900024,1752.599976,1718.699951,1730.699951,756,1724.0285818571429,1736.6099975
2011-12-06,1722.099976,1731.800049,1703.0,1727.900024,648,1730.0857281428569,1739.1566649666668
2011-12-07,1730.599976,1741.900024,1720.0,1740.900024,300,1734.3857245714285,1740.5333332333332
2011-12-08,1742.0,1752.300049,1705.400024,1709.800049,942,1733.8714424285713,1740.1033365
2011-12-09,1713.300049,1720.699951,1705.699951,1712.800049,568,1729.2000208571428,1738.9733397666669
2011-12-12,1707.5,1708.199951,1658.5,1664.199951,894,1719.0428640000002,1736.2400064333335
2011-12-13,1654.699951,1671.800049,1628.0,1659.900024,274,1706.6000102857142,1734.0966755333332
2011-12-14,1636.5,1639.5,1565.800049,1584.300049,890,1685.6857385714284,1729.8733438333334
2011-12-15,1571.400024,1592.800049,1565.599976,1574.599976,589,1663.785731714286,1724.7366780000002
2011-12-16,1587.400024,1595.900024,1586.0,1595.599976,57,1643.0285820000001,1719.1166788333333
2011-12-19,1596.400024,1603.400024,1589.699951,1594.400024,92,1626.542864142857,1713.7533446666669
2011-12-20,1596.400024,1617.0,1596.400024,1615.599976,215,1612.6571394285713,1707.9300088999998
2011-12-21,1615.599976,1635.0,1608.300049,1611.900024,38,1605.1857212857142,1701.7133422333334
2011-12-22,1608.800049,1610.0,1601.900024,1608.900024,599,1597.9000070000002,1695.6466755666668
2011-12-23,1612.0,1612.800049,1604.699951,1604.699951,62,1600.8142787142856,1690.5066731333332
2011-12-27,1599.0,1599.0,1592.599976,1594.199951,52,1603.6142751428572,1684.0633381666667
2011-12-28,1584.900024,1588.599976,1561.300049,1562.900024,763,1598.9428534285714,1676.900004
2011-12-29,1559.300049,1559.300049,1525.0,1539.900024,866,1591.1571391428572,1668.8400064333332
2011-12-30,1549.400024,1579.5,1547.900024,1565.800049,289,1584.042863857143,1661.9066731
2012-01-03,1568.900024,1604.300049,1566.0,1599.699951,229,1582.2999962857143,1657.9033364999998
2012-01-04,1596.599976,1618.599976,1594.5,1611.900024,172,1582.7285677142859,1654.1433389333333
2012-01-05,1610.800049,1624.099976,1597.800049,1619.400024,362,1584.8285781428572,1652.1800047666668
2012-01-06,1622.5,1627.800049,1616.099976,1616.099976,20,1587.9571531428571,1649.3100056
2012-01-09,1614.300049,1620.099976,1607.5,1607.5,8,1594.3285782857142,1646.3700072333334
2012-01-10,1619.900024,1638.0,1619.900024,1631.0,47,1607.3428605714284,1644.5533405666667
2012-01-11,1634.800049,1645.400024,1633.800049,1639.199951,65,1617.8285608571427,1642.1666706333335
2012-01-12,1645.199951,1656.099976,1645.199951,1647.300049,84,1624.628574857143,1639.9633381333333
2012-01-13,1638.900024,1643.400024,1630.400024,1630.400024,368,1627.271432,1636.1266722666667
2012-01-17,1643.699951,1657.800049,1642.099976,1655.199951,16,1632.3857072857143,1633.456669
2012-01-18,1654.0,1660.300049,1654.0,1659.5,11,1638.5857107142858,1630.5400023333334
2012-01-19,1663.0,1664.400024,1653.5,1654.099976,58,1645.2428501428572,1627.9866698333333
2012-01-20,1652.800049,1664.300049,1652.800049,1663.699951,8,1649.9142717142859,1625.8466674
2012-01-23,1676.900024,1680.0,1669.900024,1678.0,10,1655.457135857143,1623.7499999333334
2012-01-24,1666.900024,1668.199951,1664.199951,1664.199951,5,1657.8714075714286,1622.2299966666665
2012-01-25,1673.0,1706.199951,1672.0,1699.800049,239,1667.785696857143,1621.7966633333333
2012-01-26,1729.0,1729.0,1721.0,1726.300049,16,1677.9428537142855,1623.8666666
2012-01-27,1727.0,1734.099976,1727.0,1731.800049,175023,1688.271432142857,1626.2633341
2012-01-30,1737.199951,1739.900024,1715.699951,1731.0,53427,1699.2571498571428,1631.1533324666666
2012-01-31,1731.699951,1747.699951,1725.0,1737.800049,7540,1709.8428781428572,1636.5933349
2012-02-01,1738.199951,1751.099976,1734.0,1747.099976,2027,1719.7143032857143,1641.6433349000001
2012-02-02,1745.099976,1761.099976,1742.900024,1756.800049,2062,1732.9428887142856,1647.0566690666667
2012-02-03,1758.699951,1761.300049,1724.5,1737.900024,543,1738.3857422857143,1651.1333373333334
2012-02-06,1728.0,1738.300049,1713.300049,1722.800049,726,1737.8857422857143,1654.8300048333333
2012-02-07,1722.0,1748.0,1713.199951,1746.400024,272,1739.971453,1659.4133381666666
2012-02-08,1744.0,1751.5,1728.199951,1729.300049,955,1739.728602857143,1663.5666747666667
2012-02-09,1731.400024,1749.699951,1726.099976,1739.0,119,1739.9000244285712,1668.3933430666666
2012-02-10,1732.699951,1734.400024,1706.400024,1723.300049,248,1736.5000348571427,1673.7400105666666
2012-02-13,1725.0,1733.0,1718.400024,1723.0,104,1731.6714564285714,1679.8433431
2012-02-14,1720.0,1724.900024,1715.0,1715.900024,94,1728.528599285714,1684.8466756
2012-02-15,1723.599976,1737.0,1723.599976,1726.300049,110,1729.028599285714,1689.0666788666667
2012-02-16,1718.400024,1728.400024,1707.0,1726.800049,38,1726.228602857143,1692.8966797
2012-02-17,1733.599976,1735.099976,1718.800049,1724.5,80,1725.5428815714283,1696.4000122333334
2012-02-21,1736.099976,1760.0,1733.599976,1757.099976,115,1728.1285924285714,1701.1000122333332
2012-02-22,1758.699951,1781.900024,1750.0,1770.0,161,1734.8000140000001,1706.5166789
2012-02-23,1774.0,1786.0,1773.0,1784.900024,298,1743.6428745714288,1711.6466797
2012-02-24,1778.5,1780.699951,1771.300049,1775.099976,129,1752.1000105714286,1716.1766805333332
2012-02-27,1773.599976,1775.599976,1768.099976,1773.599976,841,1758.857143,1720.3866781
2012-02-28,1767.900024,1789.400024,1767.900024,1787.0,306,1767.4571359999998,1725.6066772999998
2012-02-29,1789.900024,1790.400024,1669.0,1709.900024,359,1765.371425142857,1727.4300130666668
2012-03-01,1698.599976,1724.599976,1698.599976,1721.099976,214,1760.228568,1729.4833456000001
2012-03-02,1723.0,1723.0,1705.199951,1708.800049,135,1751.4857178571426,1731.3066813666665
2012-03-05,1705.5,1709.5,1695.400024,1703.0,421,1739.7857144285715,1732.6166830000002
2012-03-06,1708.699951,1708.699951,1666.0,1671.400024,176,1724.9714355714284,1732.3966838000001
2012-03-07,1676.0,1684.0,1673.099976,1683.300049,39,1712.071446,1733.0333537333333
2012-03-08,1686.400024,1702.400024,1686.400024,1698.099976,301,1699.3714425714284,1732.9766846333334
2012-03-09,1698.800049,1710.900024,1680.699951,1710.900024,73,1699.5142997142855,1732.4633504666665
2012-03-12,1708.099976,1708.099976,1694.900024,1699.199951,98,1696.3857247142857,1731.3766805333332
2012-03-13,1698.400024,1698.400024,1685.099976,1693.699951,47,1694.228567857143,1730.1333455666668
2012-03-14,1676.900024,1681.0,1637.400024,1642.5,201,1685.5857107142858,1726.9566772666667
2012-03-15,1646.300049,1660.199951,1640.0,1659.099976,405,1683.828561,1724.023343933333
2012-03-16,1660.0,1661.400024,1641.300049,1655.5,317,1679.8571254285714,1720.6466756333332
2012-03-19,1661.199951,1668.0,1652.099976,1666.900024,462,1675.3999894285716,1718.2800089666666
2012-03-20,1648.099976,1652.300049,1642.0,1646.699951,250,1666.2285504285715,1715.7433390333333
2012-03-21,1657.800049,1660.0,1646.099976,1650.0,546,1659.199986,1712.5300049
2012-03-22,1648.0,1649.400024,1633.800049,1642.300049,321,1651.857142857143,1709.6300049
2012-03-23,1652.5,1665.099976,1646.300049,1662.300049,76,1654.6857212857142,1707.0733398666666
2012-03-26,1665.0,1692.900024,1657.800049,1685.5,84,1658.4571532857142,1705.8133382333333
2012-03-27,1687.800049,1690.800049,1684.400024,1684.800049,100,1662.6428745714286,1704.5400065333336
2012-03-28,1670.099976,1670.099976,1657.900024,1657.900024,193107,1661.3571602857141,1702.6066732
2012-03-29,1661.800049,1664.5,1644.300049,1652.199951,47342,1662.1428745714286,1700.1366699333335
2012-03-30,1660.599976,1670.0,1659.0,1669.300049,9825,1664.9000244285714,1698.2200032666665
2012-04-02,1670.400024,1682.800049,1662.0,1677.5,2531,1669.9285888571428,1696.6533365999999
2012-04-03,1677.599976,1679.5,1638.699951,1670.0,1165,1671.0285818571429,1693.7500040666666
2012-04-04,1646.5,1647.0,1612.300049,1612.300049,1122,1660.571446,1688.493339033333
2012-04-05,1620.800049,1633.199951,1620.400024,1628.5,289,1652.5285818571429,1683.2800048999998
2012-04-09,1645.300049,1646.400024,1636.5,1642.5,158,1650.3285784285713,1678.8600056999999
2012-04-10,1649.0,1661.699951,1636.199951,1659.5,350,1651.3714425714284,1675.0566731666665
2012-04-11,1654.800049,1659.699951,1654.699951,1659.0,426,1649.900007,1670.7900065
2012-04-12,1660.0,1680.099976,1650.0,1679.5,1309,1650.1857212857142,1669.7766723666666
2012-04-13,1673.300049,1674.800049,1650.0,1659.099976,220,1648.628575,1667.7100057
2012-04-16,1650.800049,1656.800049,1641.199951,1648.699951,717,1653.828561,1665.7066691
2012-04-17,1652.0,1652.900024,1637.0,1650.300049,69,1656.942853714286,1663.9500040666667
2012-04-18,1653.199951,1653.300049,1638.099976,1638.800049,273,1656.4142892857144,1662.8633382333333
2012-04-19,1642.099976,1653.099976,1632.0,1640.599976,77,1653.7142858571428,1661.4400024666663
2012-04-20,1641.699951,1645.599976,1640.900024,1642.099976,54,1651.2999967142857,1659.5733358
2012-04-23,1642.400024,1642.400024,1625.099976,1631.900024,226,1644.5000001428573,1656.9400024666668
2012-04-24,1634.400024,1648.599976,1634.400024,1643.0,123,1642.2000035714284,1655.0666707666667
2012-04-25,1641.300049,1643.800049,1626.900024,1641.400024,82,1641.157156857143,1653.3233398666666
2012-04-26,1658.300049,1659.599976,1658.300049,1659.599976,280,1642.485717857143,1653.8933390666666
2012-04-27,1654.5,1666.900024,1654.0,1664.0,236,1646.0857108571429,1654.0566732
2012-04-30,1663.0,1665.699951,1653.0,1663.400024,36,1649.3428605714287,1654.3200073333333
2012-05-01,1665.0,1670.5,1661.699951,1661.699951,25,1652.142857,1654.1466715666668
2012-05-02,1659.199951,1659.199951,1648.300049,1653.400024,50,1655.2142855714285,1654.3700073333332
2012-05-03,1651.199951,1652.199951,1631.300049,1634.199951,78,1653.9571357142856,1653.8433390333332
2012-05-04,1635.699951,1645.599976,1629.400024,1644.699951,68,1654.4285538571428,1653.9233357666667
2012-05-07,1637.900024,1640.0,1632.599976,1638.599976,21,1651.4285538571428,1653.1333333333334
2012-05-08,1636.699951,1636.699951,1596.0,1604.0,154,1642.8571252857143,1650.4166666666667
2012-05-09,1595.300049,1595.300049,1586.300049,1593.699951,30,1632.899972,1647.3799967333334
2012-05-10,1594.199951,1595.099976,1592.400024,1595.099976,6,1623.3856898571428,1645.2866618
2012-05-11,1586.099976,1589.599976,1583.599976,1583.599976,6,1613.4142544285714,1642.9999959666666
2012-05-14,1563.0,1563.099976,1555.5,1560.599976,5,1602.899972285714,1639.3766602
2012-05-15,1555.400024,1558.300049,1542.400024,1556.800049,28,1590.3428434285713,1635.3533285
2012-05-16,1541.400024,1541.400024,1528.5,1536.199951,26,1575.7142684285714,1630.8933268666667
2012-05-17,1546.900024,1579.0,1546.900024,1574.5,51,1571.4999827142856,1629.6333252333332
2012-05-18,1573.699951,1591.599976,1568.199951,1591.599976,26,1571.1999862857142,1628.4033244333332
2012-05-21,1591.900024,1594.099976,1588.400024,1588.400024,32,1570.2428502857142,1626.5999918999998
2012-05-22,1575.699951,1578.099976,1568.400024,1576.300049,27,1569.2000035714286,1623.8266601999999
2012-05-23,1538.199951,1548.099976,1534.400024,1548.099976,6,1567.4142892857144,1620.1299927333332
2012-05-24,1559.0,1569.400024,1551.5,1557.300049,23,1567.4857178571426,1616.0566610333333
2012-05-25,1558.199951,1568.800049,1557.300049,1568.800049,7,1572.1428747142859,1613.0466634666666
2012-05-29,1574.699951,1582.5,1548.599976,1548.599976,259050,1568.4428712857145,1609.7099976333334
2012-05-30,1553.900024,1569.0,1530.400024,1563.400024,79887,1564.4143067142857,1606.8133301333332
2012-05-31,1562.699951,1572.599976,1551.800049,1562.599976,5901,1560.7285855714288,1604.2733277
2012-06-01,1560.0,1630.0,1545.5,1620.5,2820,1567.0428642857144,1603.6033285
2012-06-04,1623.0,1627.900024,1609.0,1612.199951,2134,1576.2000035714284,1602.606661
2012-06-05,1619.300049,1622.699951,1612.900024,1615.199951,604,1584.4714181428571,1602.0499919000001
2012-06-06,1619.699951,1639.699951,1616.5,1632.800049,419,1593.6142752857143,1601.7099935333333
2012-06-07,1622.599976,1627.199951,1581.900024,1586.599976,1200,1599.0428467142858,1599.8833252666666
2012-06-08,1589.900024,1593.900024,1566.5,1590.099976,157,1602.8571255714287,1597.5666586000002
2012-06-11,1608.0,1608.0,1583.0,1595.5,129,1607.557129,1595.283325266667
2012-06-12,1594.099976,1612.800049,1588.5,1612.699951,523,1606.4428362857143,1593.5933228333333
2012-06-13,1608.199951,1622.400024,1608.199951,1618.099976,655,1607.285697,1592.1399903333333
2012-06-14,1621.199951,1626.400024,1610.099976,1618.400024,493,1607.7428502857144,1590.9733236666664
2012-06-15,1624.300049,1630.0,1621.5,1627.0,1015,1606.9142718571431,1590.7333253
2012-06-18,1622.599976,1627.599976,1615.0,1625.699951,246,1612.4999825714283,1590.0999919666667
2012-06-19,1629.800049,1630.699951,1622.0,1622.199951,32,1617.0856932857143,1589.5533244666667
2012-06-20,1618.300049,1618.300049,1601.300049,1614.800049,140,1619.8428431428572,1589.9133261
2012-06-21,1603.199951,1603.300049,1564.5,1564.5,29,1612.9571358571427,1588.9399944
2012-06-22,1565.5,1568.400024,1560.0,1566.0,16,1605.5142821428574,1587.9699952
2012-06-25,1574.900024,1587.5,1571.0,1587.5,32,1601.0999929999998,1588.0999960000001
2012-06-26,1583.5,1583.5,1567.699951,1574.0,104,1593.5285644285711,1588.5466634666666
2012-06-27,1567.0,1577.5,1563.0,1577.5,220,1586.642857142857,1589.2366618333333
2012-06-28,1573.699951,1573.699951,1548.400024,1549.699951,133,1576.2857142857142,1589.6866618333333
2012-06-29,1562.599976,1603.5,1561.900024,1603.5,61,1574.6714215714285,1590.6533285
2012-07-02,1597.099976,1598.300049,1589.699951,1597.199951,35,1579.342843142857,1590.8399943333332
2012-07-03,1603.800049,1624.0,1603.800049,1621.300049,44,1587.2428501428572,1591.9366618333333
2012-07-05,1618.5,1619.199951,1598.0,1608.900024,27,1590.2999964285714,1593.0233276666665
2012-07-06,1592.300049,1593.800049,1578.400024,1578.400024,15,1590.9285712857145,1594.0333292666667
2012-07-09,1582.099976,1588.599976,1580.900024,1588.599976,5,1592.514282142857,1595.0766601666664
2012-07-10,1599.199951,1599.800049,1567.599976,1579.300049,12,1596.7428675714286,1595.4266601666668
2012-07-11,1577.400024,1579.5,1575.199951,1575.199951,12,1592.7000034285716,1596.313326
2012-07-12,1569.300049,1574.699951,1557.199951,1564.900024,44,1588.0857281428573,1596.363326
2012-07-13,1567.800049,1594.099976,1567.800049,1591.599976,26,1583.8428605714287,1597.3299926666666
2012-07-16,1586.199951,1591.199951,1585.800049,1591.199951,7,1581.3142787142858,1596.3533243666668
2012-07-17,1596.0,1596.0,1576.300049,1589.099976,27,1582.8428432857143,1595.5833252
2012-07-18,1581.199951,1583.699951,1569.900024,1570.400024,30,1580.2428501428572,1594.0899943
2012-07-19,1580.0,1586.900024,1578.400024,1580.099976,60,1580.3571254285714,1592.3333252
2012-07-20,1583.900024,1584.400024,1576.099976,1582.5,5,1581.3999895714285,1592.1966593333334
2012-07-23,1571.699951,1577.099976,1569.800049,1577.099976,4,1583.1428398571427,1591.763326
2012-07-24,1574.0,1581.900024,1574.0,1576.0,9,1580.9142718571427,1591.113326
2012-07-25,1583.699951,1608.0,1583.300049,1608.0,12,1583.3142788571427,1590.9566609666667
2012-07-26,1614.900024,1615.0,1614.099976,1615.0,7,1587.0142822857142,1590.8533284333332
2012-07-27,1613.400024,1617.900024,1613.400024,1617.900024,197976,1593.7999965714284,1590.8366617666666
2012-07-30,1622.900024,1625.800049,1613.099976,1619.699951,52890,1599.457135857143,1590.5933268
2012-07-31,1621.099976,1627.5,1610.0,1610.5,6281,1603.457135857143,1590.0866617666666
2012-08-01,1613.400024,1617.199951,1592.0,1603.699951,3530,1607.2571322857143,1589.4699951
2012-08-02,1600.0,1615.0,1583.099976,1587.400024,933,1608.8857071428572,1588.5566609333332
2012-08-03,1589.300049,1606.0,1585.099976,1606.0,676,1608.599992857143,1589.9399942666666
2012-08-06,1604.699951,1614.099976,1603.199951,1612.900024,662,1608.2999962857143,1591.5033283999999
2012-08-07,1610.800049,1615.699951,1609.300049,1609.699951,449,1607.1285572857144,1592.2433267666668
2012-08-08,1610.199951,1614.800049,1603.0,1612.900024,341,1606.1571391428572,1593.5399942333336
2012-08-09,1612.800049,1617.199951,1610.099976,1617.099976,433,1607.099992857143,1594.8599934333333
2012-08-10,1615.800049,1624.099976,1605.0,1619.699951,1219,1609.385707142857,1597.1933267666668
2012-08-13,1622.0,1623.699951,1607.300049,1609.599976,402,1612.557128857143,1597.3966593
2012-08-14,1612.800049,1615.599976,1591.199951,1599.400024,910,1611.6142751428572,1597.4699950666668
2012-08-15,1593.800049,1604.599976,1592.0,1603.699951,280,1610.299979,1596.8833251333333
2012-08-16,1600.199951,1616.099976,1600.199951,1616.099976,199,1611.214268285714,1597.1233235333336
2012-08-17,1617.800049,1617.800049,1611.400024,1616.300049,249,1611.6999861428574,1598.3866577000001
2012-08-20,1614.0,1621.400024,1611.599976,1620.099976,68,1612.1285575714285,1599.4366577
2012-08-21,1620.0,1639.900024,1620.0,1639.900024,258,1615.0142822857142,1601.4566568666667
2012-08-22,1638.400024,1653.099976,1635.0,1637.400024,37,1618.9857177142856,1603.5299926333334
2012-08-23,1659.900024,1672.699951,1658.0,1669.599976,141,1629.0142822857144,1607.0199910333333
2012-08-24,1665.800049,1669.800049,1662.199951,1669.800049,24,1638.4571534285715,1609.6266601333334
2012-08-27,1674.900024,1674.900024,1663.900024,1672.400024,42,1646.5000174285713,1612.3333292333334
2012-08-28,1659.900024,1671.0,1659.199951,1666.5,51,1653.671439,1614.9133300333335
2012-08-29,1667.199951,1667.300049,1659.800049,1659.800049,403,1659.342878,1617.8933308666667
2012-08-30,1655.400024,1662.0,1650.699951,1653.5,418,1661.2857317142857,1620.3399983333334
2012-08-31,1658.599976,1690.0,1646.199951,1684.599976,58,1668.0285819999997,1623.7433308666668
2012-09-04,1689.099976,1698.0,1687.699951,1692.900024,43,1671.3571602857141,1627.6033324666666
2012-09-05,1690.400024,1693.300049,1690.400024,1690.800049,82,1674.3571602857141,1631.4300007666666
2012-09-06,1696.400024,1712.400024,1696.400024,1702.599976,39,1678.6714391428573,1634.5833333
2012-09-07,1696.699951,1738.199951,1696.699951,1737.5,109,1688.8142962857144,1638.6666666333333
2012-09-10,1733.099976,1733.5,1727.199951,1728.699951,14,1698.6571394285713,1642.3599975333336
2012-09-11,1736.0,1736.0,1731.800049,1731.800049,2,1709.8428607142855,1646.0966674666668
2012-09-12,1742.199951,1742.300049,1730.5,1730.599976,15,1716.4142892857144,1650.1
2012-09-13,1728.699951,1769.099976,1728.699951,1769.099976,33,1727.2999967142857,1655.6133341666666
2012-09-14,1771.0,1774.5,1766.0,1769.800049,25,1738.585711,1661.693335
2012-09-17,1774.800049,1774.800049,1753.800049,1767.699951,54,1747.8857074285715,1667.0833333666667
2012-09-18,1766.300049,1768.400024,1766.300049,1768.400024,13,1752.2999965714284,1672.2666667
2012-09-19,1776.0,1778.5,1768.0,1769.0,27,1758.0571464285715,1677.5766683333334
2012-09-20,1769.099976,1771.300049,1760.599976,1767.699951,17,1763.185703857143,1682.7366659
2012-09-21,1785.300049,1785.300049,1772.300049,1775.5,10,1769.5999929999998,1688.0166667
2012-09-24,1762.099976,1762.099976,1762.099976,1762.099976,4,1768.599993,1692.7633342
2012-09-25,1772.599976,1772.699951,1763.800049,1763.800049,5,1767.7428501428572,1697.903336633333
2012-09-26,1762.800049,1764.199951,1743.0,1750.599976,15237,1765.2999965714284,1702.9433350333334
2012-09-27,1752.599976,1780.199951,1750.699951,1777.599976,6989,1766.6142754285715,1708.7400025333334
2012-09-28,1776.800049,1782.199951,1767.5,1771.099976,2839,1766.914272,1713.9066692
2012-10-01,1766.0,1791.0,1763.300049,1780.5,816,1768.7428504285713,1719.3800009
2012-10-02,1777.900024,1779.300049,1772.699951,1772.699951,94,1768.342843428571,1724.4666667333333
2012-10-03,1772.199951,1779.900024,1771.900024,1777.300049,134,1770.5142824285715,1729.0466675666664
2012-10-04,1783.5,1794.800049,1783.5,1794.099976,199,1774.8428434285713,1734.2699992999999
2012-10-05,1792.199951,1792.199951,1776.599976,1778.599976,257,1778.8428434285713,1737.9033326333333
2012-10-08,1778.0,1778.0,1766.800049,1773.5,33,1778.2571325714287,1741.3599976666667
2012-10-09,1776.699951,1776.699951,1762.300049,1763.0,24,1777.099993142857,1744.3799968666667
2012-10-10,1762.400024,1764.199951,1758.099976,1763.199951,29,1774.6285575714285,1747.6033285666667
2012-10-11,1761.599976,1771.0,1761.599976,1768.800049,30,1774.0714287142855,1751.2366619
2012-10-12,1769.5,1769.5,1753.599976,1758.0,84,1771.3142788571427,1754.7199952333333
2012-10-15,1750.0,1750.0,1729.900024,1736.0,108,1763.0142822857142,1756.4333293666666
2012-10-16,1736.699951,1744.699951,1736.599976,1744.699951,15,1758.1714215714287,1758.1599936
2012-10-17,1749.400024,1751.5,1746.0,1751.5,36,1755.0285644285716,1760.1833253
2012-10-18,1749.099976,1749.099976,1740.5,1743.300049,27,1752.2142857142858,1761.5399943999998
2012-10-19,1741.099976,1741.099976,1721.0,1722.800049,70,1746.442871142857,1761.0499960333332
2012-10-22,1715.0,1728.300049,1715.0,1725.099976,12,1740.2000035714286,1760.9299968666667
2012-10-23,1726.599976,1726.599976,1708.300049,1708.300049,75,1733.1000105714286,1760.1466635333334
2012-10-24,1708.400024,1708.5,1698.599976,1700.5,27,1728.0285820000001,1759.143331
2012-10-25,1711.699951,1716.699951,1711.699951,1712.0,33,1723.3571604285714,1757.2399984666667
2012-10-26,1706.099976,1716.199951,1706.099976,1710.900024,77,1717.557163857143,1755.2766643
2012-10-31,1714.400024,1724.5,1714.400024,1717.5,64,1713.8714425714286,1753.6033326000002
2012-11-01,1722.300049,1725.099976,1714.099976,1714.099976,24,1712.6285750000002,1751.793331
2012-11-02,1711.300049,1711.300049,1674.099976,1674.099976,50,1705.3428607142855,1748.6299968666667
2012-11-05,1682.800049,1683.099976,1674.300049,1682.199951,7,1701.6142752857143,1745.7799968666666
2012-11-06,1690.099976,1718.0,1690.099976,1714.099976,47,1703.557129,1743.7333293999998
2012-11-07,1707.699951,1726.5,1703.699951,1713.199951,42,1703.7285505714285,1742.1033285666667
2012-11-08,1715.900024,1725.400024,1714.199951,1725.400024,34,1705.7999791428572,1740.8233277333336
2012-11-09,1733.699951,1734.099976,1727.599976,1730.300049,6,1707.6285575714285,1740.1466635
2012-11-12,1733.199951,1733.400024,1730.300049,1730.300049,6,1709.9428537142855,1738.5699992666666
2012-11-13,1721.599976,1728.199951,1718.5,1724.199951,12,1717.099993,1737.0066651000002
2012-11-14,1722.0,1729.5,1722.0,1729.5,11,1723.857142857143,1735.3066651000001
2012-11-15,1724.900024,1724.900024,1706.300049,1713.300049,10,1723.7428675714286,1733.3266683666666
2012-11-16,1710.0,1714.300049,1706.900024,1714.300049,16,1723.9000244285712,1731.226668366667
2012-11-19,1721.800049,1734.0,1721.800049,1734.0,4,1725.1285924285714,1729.2233358333333
2012-11-20,1730.599976,1731.099976,1722.5,1723.199951,21,1724.1142927142857,1727.3766683333333
2012-11-21,1725.800049,1727.900024,1725.800049,1727.900024,23,1723.771432,1725.8566691333333
2012-11-23,1735.0,1751.300049,1735.0,1751.300049,8,1727.6428745714286,1725.4666707666665
2012-11-26,1750.300049,1750.5,1749.400024,1749.5,24,1730.5000174285713,1725.0100057333332
2012-11-27,1746.400024,1746.400024,1742.199951,1742.199951,7,1734.628574857143,1724.1233358
2012-11-28,1739.800049,1739.800049,1716.5,1716.5,276136,1734.9428535714287,1722.7400024666667
2012-11-29,1719.599976,1729.0,1717.699951,1727.199951,65599,1733.9714180000003,1722.4466675
2012-11-30,1725.199951,1731.199951,1708.400024,1710.900024,3690,1732.2142855714285,1721.3200032666666
2012-12-03,1714.900024,1721.900024,1714.5,1719.599976,1238,1731.0285644285716,1720.2566691333334
2012-12-04,1716.300049,1716.800049,1691.599976,1694.400024,1428,1722.8999894285714,1718.6266683
2012-12-05,1697.099976,1706.0,1685.0,1692.400024,1262,1714.74285,1717.6133341333334
2012-12-06,1694.300049,1702.099976,1686.400024,1700.300049,525,1708.7571497142858,1716.7866698999999
2012-12-07,1701.199951,1704.5,1684.0,1704.0,169,1706.9714354285716,1716.6433349333333
2012-12-10,1704.199951,1717.0,1704.199951,1713.0,88,1704.9428709999997,1717.0600015999999
2012-12-11,1710.0,1714.099976,1705.900024,1708.199951,88,1704.5571462857145,1716.9333333
2012-12-12,1710.099976,1722.300049,1708.0,1716.599976,195,1704.1285748571427,1717.1233316999999
2012-12-13,1707.199951,1707.199951,1689.900024,1695.599976,240,1704.2999965714287,1716.3933309
2012-12-14,1698.300049,1699.199951,1694.400024,1695.800049,72,1704.7857144285715,1715.7833333333333
2012-12-17,1690.5,1698.5,1689.5,1697.0,65,1704.3142788571427,1716.5466674666668
2012-12-18,1701.400024,1702.800049,1661.0,1669.5,501,1699.3857074285713,1716.1233357666667
2012-12-19,1675.300049,1676.0,1664.599976,1666.5,76,1692.7428502857142,1714.5366699
2012-12-20,1667.900024,1671.0,1637.599976,1644.900024,158,1683.7000035714286,1712.2600056666668
2012-12-21,1648.0,1659.099976,1635.800049,1659.099976,78,1675.485717857143,1710.0500040666666
2012-12-24,1657.699951,1663.800049,1654.900024,1658.599976,73,1670.2000035714284,1707.6600016333332
2012-12-26,1654.5,1666.699951,1654.5,1659.800049,73,1665.0571464285713,1705.3100016333335
2012-12-27,1656.199951,1662.599976,1656.199951,1662.599976,446,1660.1428572857144,1703.2566691333334
2012-12-28,1664.0,1664.0,1653.699951,1654.900024,197,1658.0571464285713,1700.7700032666667
2012-12-31,1655.400024,1677.099976,1655.400024,1674.800049,89,1659.2428677142857,1699.4866699333334
2013-01-02,1672.800049,1693.800049,1670.0,1687.900024,35,1665.3857248571428,1698.6066691
2013-01-03,1686.099976,1686.800049,1662.0,1673.699951,140,1667.4714355714284,1696.5966674666665
2013-01-04,1647.0,1658.300049,1625.699951,1648.099976,199,1665.9714355714289,1694.0933349666668
2013-01-07,1656.5,1659.900024,1643.800049,1645.5,49,1663.9285714285713,1691.3466675000002
2013-01-08,1647.699951,1661.5,1647.699951,1661.5,17,1663.7714319999998,1688.3533325333335
2013-01-09,1658.599976,1662.099976,1651.900024,1654.800049,9,1663.757149857143,1685.1966675
2013-01-10,1672.5,1677.300049,1672.5,1677.300049,9,1664.1142927142857,1683.0333374333334
2013-01-11,1673.099976,1673.099976,1654.199951,1660.0,147,1660.128575,1681.1500041
2013-01-14,1665.400024,1673.800049,1664.099976,1668.900024,10,1659.4428711428573,1679.2066731999998
2013-01-15,1671.599976,1684.300049,1671.599976,1683.400024,20,1664.485735142857,1678.2900065333336
2013-01-16,1674.400024,1682.699951,1674.400024,1682.699951,11,1669.8000138571429,1677.0600057
2013-01-17,1676.400024,1694.599976,1671.0,1690.400024,81,1673.9285887142855,1676.9266723666667
2013-01-18,1687.400024,1692.0,1686.599976,1686.599976,14,1678.4714354285713,1676.7333374333332
2013-01-22,1690.300049,1694.699951,1687.800049,1692.800049,15,1680.6857211428573,1676.4833374333334
2013-01-23,1691.300049,1693.699951,1685.199951,1686.300049,28,1684.442871,1675.8933390666668
2013-01-24,1680.800049,1681.699951,1668.0,1669.5,13,1684.5285818571429,1674.4433390666668
2013-01-25,1663.0,1663.0,1656.400024,1656.400024,44,1680.671439,1672.7166748333334
2013-01-28,1651.599976,1655.5,1651.599976,1652.400024,82,1676.342878,1670.5766764333334
2013-01-29,1661.199951,1661.5,1660.699951,1660.699951,145863,1672.1000104285715,1669.4133422666666
2013-01-30,1662.400024,1683.0,1661.800049,1679.900024,44893,1671.1428744285715,1668.8833414333335
2013-01-31,1675.400024,1680.0,1657.400024,1660.599976,6044,1666.5428639999998,1667.6700073
2013-02-01,1663.900024,1681.199951,1659.900024,1669.400024,3250,1664.1285747142858,1667.6666747666668
2013-02-04,1668.0,1676.5,1661.599976,1675.300049,450,1664.9571531428571,1667.9600097333334
2013-02-05,1674.199951,1683.400024,1666.5,1672.400024,353,1667.2428674285716,1668.8766764
2013-02-06,1672.199951,1678.5,1668.0,1677.699951,376,1670.8571427142856,1669.4966755666667
2013-02-07,1677.0,1682.099976,1663.099976,1670.400024,475,1672.2428674285713,1669.8900105
2013-02-08,1671.5,1672.5,1664.800049,1666.0,289,1670.2571497142856,1670.0966755333332
2013-02-11,1666.5,1668.0,1643.699951,1648.199951,868,1668.4857175714285,1669.6166747
2013-02-12,1643.800049,1650.400024,1642.400024,1648.699951,85,1665.5285642857143,1669.4100055999997
2013-02-13,1652.199951,1652.300049,1640.199951,1644.199951,236,1661.085693142857,1668.3900023333333
2013-02-14,1641.099976,1646.900024,1632.699951,1634.699951,219,1655.6999684285713,1666.6166665666667
2013-02-15,1633.199951,1633.900024,1599.5,1608.800049,460,1645.8571252857146,1664.4533365
2013-02-19,1610.0,1617.0,1599.699951,1603.599976,272,1636.3142612857143,1662.9700031666664
2013-02-20,1604.699951,1606.900024,1561.800049,1577.599976,278,1623.6856864285714,1660.7066690333334
2013-02-21,1568.5,1581.199951,1555.199951,1578.199951,2019,1613.6856864285714,1657.9300007333331
2013-02-22,1580.0,1585.400024,1572.400024,1572.400024,76,1602.7856968571427,1655.1833332333333
2013-02-25,1579.400024,1596.0,1577.699951,1586.199951,118,1594.4999825714287,1652.1466633000002
2013-02-26,1593.300049,1615.199951,1589.0,1615.199951,1158,1591.7142682857143,1650.6533283333333
2013-02-27,1612.800049,1612.800049,1591.800049,1595.199951,700,1589.7713971428573,1648.1966592333333
2013-02-28,1596.0,1601.599976,1575.099976,1577.699951,102,1586.0713935714286,1644.6733234666667
2013-03-01,1579.599976,1585.599976,1566.0,1571.900024,68,1585.2571147142858,1640.9799925666666
2013-03-04,1580.800049,1580.800049,1569.699951,1572.099976,64,1584.3856897142857,1637.0366576333333
2013-03-05,1577.599976,1585.5,1571.400024,1574.599976,65,1584.6999685714288,1633.3033243
2013-03-06,1577.599976,1582.599976,1566.800049,1574.599976,106,1583.0428292857143,1629.3633218666664
2013-03-07,1580.0,1583.5,1573.900024,1574.800049,52,1577.2714147142856,1625.6466552
2013-03-08,1578.599976,1581.199951,1561.800049,1576.599976,68,1574.6142754285715,1622.5499877333334
2013-03-11,1576.0,1579.699951,1576.0,1577.800049,1115,1574.6285751428572,1619.9299885666665
2013-03-12,1579.800049,1595.599976,1579.800049,1591.5,159,1577.428571714286,1617.8999877666668
2013-03-13,1592.300049,1596.0,1585.0,1588.300049,396,1579.7428678571428,1615.4866577
2013-03-14,1585.699951,1590.599976,1575.699951,1590.599976,137,1582.028582142857,1612.5099894333332
2013-03-15,1590.5,1594.400024,1590.199951,1592.5,11,1584.5857284285714,1610.2399902333334
2013-03-18,1605.900024,1607.699951,1601.599976,1604.599976,613,1588.8428608571428,1608.0799886333332
2013-03-19,1613.099976,1613.099976,1611.300049,1611.300049,202,1593.800014142857,1605.9466553
2013-03-20,1610.0,1612.5,1606.199951,1607.5,5,1598.0428642857144,1603.7833211666666
2013-03-21,1612.800049,1613.800049,1611.900024,1613.800049,7,1601.2285855714285,1601.6533244333334
2013-03-22,1611.0,1611.0,1604.099976,1606.199951,101,1603.7857144285715,1599.513322
2013-03-25,1607.099976,1607.800049,1596.099976,1604.599976,27,1605.7857144285715,1597.4666545333334
2013-03-26,1595.800049,1595.800049,1595.800049,1595.800049,165484,1606.25715,1595.7199911333332
2013-03-27,1598.5,1608.099976,1590.300049,1606.199951,50450,1606.485717857143,1594.3033244666667
2013-03-28,1604.699951,1606.599976,1593.599976,1594.800049,4717,1604.128575,1592.6566610666666
2013-04-01,1596.800049,1600.5,1594.800049,1600.0,688,1603.0571464285713,1591.4999960333332
2013-04-02,1599.199951,1602.599976,1574.099976,1575.099976,2289,1597.5285645714284,1590.3766602666667
2013-04-03,1575.699951,1576.400024,1549.199951,1552.800049,2171,1589.900007142857,1588.6833293666668
2013-04-04,1557.300049,1557.300049,1539.099976,1551.800049,829,1582.3571604285714,1587.8233317999998
2013-04-05,1553.199951,1580.599976,1550.099976,1575.400024,1184,1579.4428711428573,1587.7300009
2013-04-08,1575.800049,1577.800049,1567.800049,1572.0,101,1574.557163857143,1587.7166667666668
2013-04-09,1571.599976,1589.300049,1570.0,1586.199951,215,1573.3285784285715,1587.7166667666668
2013-04-10,1584.400024,1586.0,1557.0,1558.300049,359,1567.3714425714286,1585.8200033666667
2013-04-11,1557.099976,1566.699951,1554.800049,1564.300049,1070,1565.828595857143,1584.7900066333334
2013-04-12,1560.800049,1560.800049,1480.199951,1501.0,881,1558.4285888571428,1582.2333416
2013-04-15,1478.199951,1487.400024,1338.0,1360.599976,1309,1531.1142927142857,1575.1900066666665
2013-04-16,1358.0,1401.0,1323.0,1386.800049,619,1504.1714391428573,1569.0133424333333
2013-04-17,1373.199951,1394.199951,1370.199951,1382.199951,92,1477.0571464285713,1562.6000082666665
2013-04-18,1347.5,1396.400024,1347.5,1392.0,57,1449.3142962857144,1556.5133424
2013-04-19,1419.300049,1420.300049,1395.099976,1395.300049,241,1426.0285820000001,1550.5300090666667
2013-04-22,1406.800049,1434.900024,1406.800049,1421.0,70,1405.5571464285713,1545.3433432
2013-04-23,1429.5,1429.5,1405.800049,1408.599976,334,1392.357143,1539.7033407666668
2013-04-24,1423.199951,1430.099976,1420.400024,1423.400024,138,1401.3285784285715,1534.1000082333335
2013-04-25,1433.0,1461.800049,1433.0,1461.800049,222,1412.042864142857,1529.8833415666666
2013-04-26,1467.400024,1476.199951,1451.400024,1453.599976,976,1422.2428677142857,1525.3166749
2013-04-29,1462.699951,1475.5,1462.300049,1467.400024,269,1433.014299714286,1521.1466757
2013-04-30,1471.099976,1476.599976,1461.0,1472.199951,534,1444.0,1516.7333415333335
2013-05-01,1475.800049,1477.099976,1440.0,1446.300049,131,1447.614292714286,1511.2333415333333
2013-05-02,1459.0,1471.199951,1453.5,1467.699951,244,1456.057146285714,1506.5733398999998
2013-05-03,1465.5,1487.099976,1461.400024,1464.300049,68,1461.9000070000002,1501.5900065666667
2013-05-06,1468.099976,1477.199951,1466.800049,1468.099976,33,1462.7999965714284,1496.9866740666664
2013-05-07,1462.0,1466.199951,1441.199951,1449.0,91,1462.142857142857,1491.8000081999999
2013-05-08,1455.5,1474.699951,1450.699951,1473.900024,81,1463.0714285714287,1487.7366740333334
2013-05-09,1471.199951,1473.400024,1453.0,1468.800049,27,1462.5857282857144,1483.1566773
2013-05-10,1455.599976,1459.300049,1423.0,1436.800049,569,1461.2285854285713,1477.8900106333335
2013-05-13,1440.0,1440.599976,1427.800049,1434.5,344,1456.4857352857143,1472.3733439666669
2013-05-14,1430.099976,1444.400024,1422.0,1424.699951,72,1450.8285784285713,1467.3600097999997
2013-05-15,1425.699951,1425.699951,1390.099976,1396.5,364,1440.6000104285715,1462.1500081666666
2013-05-16,1390.400024,1395.099976,1370.599976,1387.099976,38,1431.7571498571428,1456.6600057333335
2013-05-17,1386.699951,1391.099976,1359.099976,1364.900024,50,1416.1857212857142,1449.6433390666666
2013-05-20,1342.900024,1387.5,1342.900024,1384.300049,21,1404.1142927142857,1443.3866740333333
2013-05-21,1386.5,1392.300049,1358.5,1377.800049,51,1395.6857212857144,1436.4400106333333
2013-05-22,1387.199951,1395.699951,1364.5,1367.599976,14,1386.1285750000002,1430.0833415333332
2013-05-23,1380.599976,1394.800049,1377.800049,1392.0,58,1381.4571534285715,1424.3400065666667
2013-05-24,1386.800049,1386.800049,1386.800049,1386.800049,2,1380.0714461428572,1420.5333415333334
2013-05-28,1380.800049,1390.400024,1379.099976,1379.099976,55,1378.9285889999999,1421.1500081999998
2013-05-29,1391.300049,1391.300049,1391.300049,1391.300049,168665,1382.7000211428572,1421.3000081999999
2013-05-30,1392.099976,1417.5,1388.300049,1411.5,45133,1386.5857284285714,1422.2766765
2013-05-31,1412.400024,1421.099976,1384.199951,1392.599976,5997,1388.7000037142857,1422.2966757
2013-06-03,1389.099976,1416.300049,1388.300049,1411.699951,1420,1395.0000001428573,1422.8433390999999
2013-06-04,1410.900024,1413.699951,1389.0,1397.099976,930,1395.728568142857,1422.0466716333333
2013-06-05,1397.5,1410.0,1395.599976,1398.400024,1687,1397.3857074285713,1421.7066732333333
2013-06-06,1401.699951,1422.699951,1391.599976,1415.699951,782,1402.6142752857143,1421.4500041333333
2013-06-07,1411.5,1416.099976,1377.900024,1383.0,1163,1401.4285539999998,1418.8233358333334
2013-06-10,1378.800049,1386.900024,1375.599976,1386.199951,367,1397.814261285714,1416.5766683333336
2013-06-11,1384.199951,1384.400024,1366.0,1377.0,482,1395.5856932857143,1413.5633342
2013-06-12,1375.0,1393.5,1373.699951,1391.800049,514,1392.7428501428572,1410.8833374666667
2013-06-13,1386.800049,1390.900024,1373.400024,1377.599976,458,1389.9571358571427,1408.5933350333332
2013-06-14,1383.900024,1389.599976,1377.800049,1387.300049,90,1388.3714251428573,1405.9133383
2013-06-17,1390.300049,1390.5,1380.0,1382.800049,114,1383.6714391428573,1403.1966716333334
2013-06-18,1383.099976,1383.5,1363.0,1366.599976,346,1381.3285785714286,1399.8133383
2013-06-19,1368.099976,1373.599976,1348.099976,1373.599976,198,1379.5285821428572,1397.300004166667
2013-06-20,1348.099976,1348.099976,1275.400024,1285.900024,712,1366.5142998571428,1391.0333375
2013-06-21,1280.400024,1300.0,1268.900024,1291.599976,456,1352.2000037142857,1385.1266684000002
2013-06-24,1297.300049,1297.300049,1275.699951,1276.800049,321,1337.800014142857,1379.7933350666667
2013-06-25,1281.300049,1286.0,1273.199951,1274.800049,953,1321.7285855714285,1374.4700033666666
2013-06-26,1273.900024,1273.900024,1228.800049,1229.599976,981,1299.8428608571428,1367.9666708666666
2013-06-27,1224.699951,1241.400024,1198.300049,1211.400024,533,1277.6714391428573,1361.7966716666667
2013-06-28,1200.900024,1232.300049,1183.199951,1223.800049,232,1256.2714495714285,1356.3533407666666
2013-07-01,1234.699951,1261.0,1234.199951,1255.900024,150,1251.9857352857143,1352.7200074333334
2013-07-02,1254.099976,1266.300049,1241.199951,1243.599976,107,1245.1285924285714,1348.030005
2013-07-03,1243.800049,1258.199951,1240.300049,1252.099976,19,1241.6000105714286,1343.8400025666667
2013-07-05,1252.699951,1254.099976,1208.900024,1212.900024,72,1232.7571498571428,1338.6833375
2013-07-08,1218.800049,1235.199951,1215.400024,1234.900024,58,1233.5142995714286,1333.4466716333334
2013-07-09,1234.699951,1254.5,1234.400024,1245.900024,33,1238.442871,1328.7500041333333
2013-07-10,1244.599976,1263.900024,1244.599976,1247.400024,58,1241.814296,1324.3600057333335
2013-07-11,1284.599976,1285.0,1278.900024,1280.099976,18,1245.271432,1320.6533366333335
2013-07-12,1282.300049,1282.300049,1274.300049,1277.800049,6,1250.1571567142857,1316.1966716
2013-07-15,1292.099976,1292.400024,1281.599976,1283.800049,19,1254.6857385714286,1312.5700073666667
2013-07-16,1279.400024,1291.400024,1279.400024,1290.800049,13,1265.8143135714286,1308.5400106333334
2013-07-17,1286.199951,1294.400024,1272.900024,1277.900024,11,1271.9571707142857,1304.5666789
2013-07-18,1275.300049,1286.400024,1275.199951,1284.599976,26,1277.4857352857143,1300.7733439666667
2013-07-19,1291.699951,1293.300049,1290.0,1293.300049,9,1284.0428817142856,1296.6933472333333
2013-07-22,1317.0,1336.400024,1317.0,1336.400024,18,1292.0857457142858,1295.1400147
2013-07-23,1334.800049,1342.300049,1327.900024,1335.099976,10,1300.2714495714285,1293.4366822
2013-07-24,1342.199951,1343.5,1318.599976,1319.699951,42,1305.4000070000002,1291.5266805666665
2013-07-25,1318.5,1336.800049,1318.5,1329.0,55,1310.857142857143,1289.4333456
2013-07-26,1326.5,1326.5,1321.699951,1321.699951,66,1317.1142752857143,1287.5700114333333
2013-07-29,1328.400024,1328.400024,1328.400024,1328.400024,134359,1323.371425,1285.6066772666666
2013-07-30,1327.199951,1329.599976,1316.199951,1324.0,44769,1327.7571322857143,1283.6466756333332
2013-07-31,1325.5,1338.400024,1304.900024,1312.400024,6252,1324.3285608571427,1281.8400105666667
2013-08-01,1323.0,1328.5,1306.900024,1311.0,1562,1320.8857071428572,1279.7533446999998
2013-08-02,1306.699951,1317.0,1283.0,1310.599976,1451,1319.5857107142858,1280.5766764333334
2013-08-05,1311.199951,1318.300049,1297.5,1302.599976,904,1315.8142787142858,1280.9433430999998
2013-08-06,1303.0,1305.900024,1279.300049,1283.199951,1314,1310.3142787142856,1281.1566731666667
2013-08-07,1282.5,1288.400024,1274.0,1286.099976,989,1304.2714147142856,1281.5333374
2013-08-08,1283.900024,1312.800049,1283.699951,1310.699951,482,1302.3714077142856,1284.2366699000002
2013-08-09,1315.099976,1315.800049,1306.699951,1312.900024,449,1302.4428362857143,1287.6200032333334
2013-08-12,1317.199951,1342.400024,1317.199951,1334.699951,312,1305.8285435714283,1291.3166666333336
2013-08-13,1331.900024,1339.099976,1320.199951,1321.199951,209,1307.3428257142857,1293.4933308666666
2013-08-14,1317.699951,1336.300049,1317.699951,1334.0,333,1311.8285434285715,1296.5066649999999
2013-08-15,1340.099976,1369.599976,1319.900024,1361.599976,235,1323.0285470000001,1300.156665
2013-08-16,1366.800049,1378.900024,1361.0,1371.699951,175,1335.2571148571428,1305.4499959
2013-08-19,1379.0,1384.400024,1363.900024,1366.199951,139,1343.1856862857144,1309.8266601333335
2013-08-20,1355.0,1377.0,1355.0,1373.099976,123,1351.7856794285713,1314.0666585333333
2013-08-21,1372.5,1377.300049,1360.900024,1370.599976,109,1356.9142544285714,1318.1733236
2013-08-22,1362.0,1380.400024,1362.0,1371.199951,79,1364.0571115714285,1321.2099894333332
2013-08-23,1376.800049,1398.199951,1373.900024,1395.699951,178,1372.8713902857141,1325.1399861666666
2013-08-26,1398.599976,1402.800049,1391.300049,1393.0,203,1377.3571080000002,1328.7799845333332
2013-08-27,1403.800049,1421.099976,1398.699951,1420.599976,397,1384.3428258571428,1333.1066487666665
2013-08-28,1417.300049,1428.0,1417.300049,1419.0,489,1391.8856900000003,1337.8099813
2013-08-29,1417.400024,1417.400024,1404.5,1412.900024,375,1397.571411142857,1342.0866495666667
2013-08-30,1407.199951,1409.800049,1392.300049,1396.099976,0,1401.2142682857143,1345.5133137999999
2013-09-03,1393.0,1414.400024,1382.300049,1412.0,139,1407.0428467142858,1348.033313
2013-09-04,1413.0,1413.0,1387.099976,1389.900024,104,1406.2142857142858,1349.8599812666666
2013-09-05,1393.5,1397.5,1367.099976,1373.099976,37,1403.3714251428573,1351.6399821
2013-09-06,1371.0,1390.099976,1368.900024,1386.699951,52,1398.5285644285711,1353.5633138
2013-09-09,1389.800049,1389.800049,1386.5,1386.800049,44,1393.9285714285713,1355.7333170666666
2013-09-10,1377.5,1377.5,1357.599976,1364.099976,21,1386.9571360000002,1356.9233154666667
2013-09-11,1365.800049,1365.800049,1356.699951,1363.900024,60,1382.357142857143,1358.2533162666666
2013-09-12,1360.0,1360.0,1322.400024,1330.400024,120,1370.7000034285713,1358.8533162666668
2013-09-13,1322.900024,1323.0,1305.300049,1308.400024,38,1359.0571462857145,1358.7666504000001
2013-09-16,1328.400024,1329.599976,1310.800049,1317.900024,107,1351.171438857143,1359.0099853333334
2013-09-17,1313.0,1313.099976,1309.5,1309.5,24,1340.1428744285715,1359.2399861333333
2013-09-18,1292.099976,1347.699951,1292.099976,1307.800049,29,1328.8571601428573,1360.0599894000002
2013-09-19,1362.900024,1373.0,1362.900024,1369.400024,35,1329.6143098571429,1362.8366576666665
2013-09-20,1347.5,1347.5,1330.699951,1332.5,2,1325.128592142857,1363.5633259666668
2013-09-23,1327.099976,1327.800049,1317.599976,1326.900024,78,1324.628592142857,1364.0299926333332
2013-09-24,1321.199951,1324.900024,1309.400024,1316.0,61,1325.714303,1363.4066609333333
2013-09-25,1322.699951,1335.900024,1322.699951,1335.900024,51,1328.2857315714286,1363.8966633666669
2013-09-26,1335.199951,1338.300049,1323.599976,1323.599976,13170,1330.3000138571429,1363.5499959
2013-09-27,1321.5,1343.800049,1319.699951,1338.400024,2990,1334.671438857143,1362.7766641666667
2013-09-30,1345.800049,1350.900024,1322.0,1326.5,597,1328.5428640000002,1361.2699991333334
2013-10-01,1328.0,1334.0,1284.5,1286.0,815,1321.900006857143,1358.5966674333333
2013-10-02,1288.5,1321.0,1280.0,1320.599976,152,1321.0,1356.8466674333333
2013-10-03,1312.0,1319.5,1302.5,1317.400024,217,1321.2000034285713,1355.0733357
2013-10-04,1316.199951,1318.099976,1305.699951,1309.699951,38,1317.457135857143,1353.0233357
2013-10-07,1313.800049,1325.400024,1311.800049,1324.800049,84,1317.628574857143,1350.6600056333334
2013-10-08,1326.5,1330.0,1321.199951,1324.199951,57,1315.599993,1348.3666706666666
2013-10-09,1317.599976,1319.0,1295.300049,1306.900024,140,1312.7999964285716,1344.5766722666667
2013-10-10,1303.400024,1310.800049,1285.0,1296.599976,89,1314.3142787142858,1340.4966714666666
2013-10-11,1286.900024,1291.599976,1263.800049,1268.0,210,1306.7999964285716,1335.6666706666665
2013-10-14,1275.800049,1285.800049,1273.900024,1276.400024,61,1300.9428535714287,1331.6766722666666
2013-10-15,1270.5,1283.599976,1254.099976,1273.0,208,1295.7000034285713,1327.0433389333334
2013-10-16,1282.800049,1284.0,1269.199951,1282.0,86,1289.5857107142858,1323.4466714666667
2013-10-17,1307.0,1322.699951,1307.0,1322.699951,72,1289.3714249999998,1321.7666706333334
2013-10-18,1318.800049,1326.0,1312.599976,1314.400024,65,1290.4428535714287,1319.3566730666666
2013-10-21,1316.800049,1317.699951,1315.699951,1315.699951,23,1293.1714214285714,1316.9866698
2013-10-22,1313.900024,1342.599976,1313.900024,1342.5,55,1303.8142785714285,1316.2666705999998
2013-10-23,1331.900024,1333.900024,1331.900024,1333.900024,13,1312.0285642857143,1315.2666706000002
2013-10-24,1334.5,1350.199951,1334.5,1350.199951,18,1323.057128714286,1315.9266681666666
2013-10-25,1346.199951,1353.0,1346.199951,1352.400024,23,1333.114275,1317.3933348333333
2013-10-28,1351.400024,1359.199951,1349.0,1352.0,23,1337.2999962857143,1318.5300007
2013-10-29,1359.599976,1359.699951,1345.199951,1345.199951,168,1341.699985857143,1319.7199990666668
2013-10-30,1340.800049,1355.800049,1335.599976,1349.0,44,1346.4571357142856,1321.0933307666667
2013-10-31,1334.0,1334.0,1321.699951,1323.599976,62,1343.7571322857143,1319.5666625000001
2013-11-01,1325.699951,1325.699951,1308.0,1313.099976,21,1340.785696857143,1318.9199950333336
2013-11-04,1314.599976,1320.5,1312.099976,1314.599976,39,1335.6999861428571,1318.5099934333334
2013-11-05,1313.300049,1317.5,1306.900024,1308.0,98,1329.3571255714285,1318.2433267666668
2013-11-06,1313.5,1318.599976,1312.5,1317.699951,11,1324.4571185714285,1317.6366576666667
2013-11-07,1323.599976,1323.599976,1298.0,1308.400024,129,1319.1999861428571,1317.1299926
2013-11-08,1308.0,1308.099976,1281.300049,1284.5,22,1309.9857004285714,1315.3333251333331
2013-11-11,1281.599976,1281.800049,1281.0,1281.0,5,1303.8999895714285,1313.8166584666665
2013-11-12,1282.300049,1282.300049,1271.099976,1271.099976,3,1297.8999895714285,1313.319991
2013-11-13,1274.0,1280.5,1268.300049,1268.300049,17,1291.2857142857142,1311.5766601
2013-11-14,1280.199951,1293.300049,1278.099976,1286.199951,29,1288.1714215714287,1310.5366576666668
2013-11-15,1287.699951,1288.5,1281.5,1287.300049,16,1283.8285784285713,1309.7899942666668
2013-11-18,1284.699951,1284.800049,1272.199951,1272.199951,10,1278.6571394285713,1308.0366576666668
2013-11-19,1274.199951,1275.199951,1271.0,1273.400024,10,1277.0714285714287,1306.3433267666667
2013-11-20,1269.0,1269.0,1241.900024,1257.900024,120,1273.771432,1304.7099934333335
2013-11-21,1245.699951,1247.099976,1236.5,1243.5,90,1269.8285782857145,1302.9399942333334
2013-11-22,1243.199951,1247.0,1241.400024,1244.0,77,1266.3571427142856,1302.1399942333335
2013-11-25,1231.099976,1241.099976,1229.0,1241.099976,19,1259.914289142857,1300.9633259666666
2013-11-26,1243.0,1243.0,1241.400024,1241.400024,178417,1253.3571427142856,1299.9099934333333
2013-11-27,1241.599976,1254.800049,1235.5,1237.800049,82331,1248.4428709999997,1298.4366617333333
2013-11-29,1237.800049,1254.5,1233.699951,1250.599976,9203,1245.1857212857142,1296.0333292333332
2013-12-02,1251.400024,1251.5,1217.800049,1222.300049,4979,1240.1000105714286,1292.963330066667
2013-12-03,1219.199951,1225.699951,1215.599976,1221.699951,1932,1236.9857178571426,1289.8299967333335
2013-12-04,1225.099976,1250.400024,1212.900024,1248.199951,1823,1237.5857108571429,1286.6866617666667
2013-12-05,1240.0,1241.5,1218.599976,1233.199951,446,1236.457135857143,1283.3299926666666
2013-12-06,1228.699951,1242.0,1213.0,1230.300049,1032,1234.871425142857,1279.3333292666669
2013-12-09,1230.199951,1243.199951,1229.0,1235.300049,352,1234.5142822857142,1275.4299967666666
2013-12-10,1239.0,1267.0,1239.0,1262.400024,882,1236.2000034285716,1272.4433309
2013-12-11,1261.900024,1261.900024,1252.099976,1258.5,147,1241.371425,1269.5533325333333
2013-12-12,1253.5,1255.400024,1225.900024,1226.0,609,1241.9857177142856,1265.4533325333332
2013-12-13,1226.699951,1239.0,1222.199951,1235.699951,446,1240.2000034285716,1262.5233317
2013-12-16,1238.400024,1250.599976,1228.900024,1245.5,242,1241.9571532857142,1260.2699991666668
2013-12-17,1237.0,1240.400024,1231.199951,1231.199951,22,1242.0857107142858,1257.4899983333335
2013-12-18,1231.5,1245.099976,1217.0,1236.099976,114,1242.199986,1255.0933308666667
2013-12-19,1226.599976,1226.599976,1188.699951,1195.0,124,1232.5714111428572,1251.0033325000002
2013-12-20,1190.900024,1207.800049,1190.900024,1205.099976,204,1224.9428362857143,1247.5599975666667
2013-12-23,1205.199951,1205.199951,1195.900024,1198.400024,123,1220.9999825714287,1244.6899983666667
2013-12-24,1199.800049,1205.599976,1197.699951,1205.099976,184,1216.6285575714285,1242.1599975666666
2013-12-26,1207.099976,1215.900024,1207.099976,1214.099976,140,1212.1428398571427,1240.2599975666667
2013-12-27,1213.400024,1218.5,1212.900024,1216.099976,278,1209.9857005714287,1238.5199951333334
2013-12-30,1215.0,1215.0,1194.400024,1203.099976,351,1205.2714148571429,1235.7499959666666
2013-12-31,1196.400024,1212.400024,1182.0,1201.900024,124,1206.2571325714287,1232.9033284666666
2014-01-02,1204.300049,1227.300049,1204.300049,1225.0,209,1209.099993142857,1231.3299967666667
2014-01-03,1221.699951,1239.0,1221.699951,1238.400024,142,1214.8142788571427,1230.1633301
2014-01-06,1232.800049,1247.0,1221.900024,1237.800049,127,1219.4857178571426,1229.4933309333333
2014-01-07,1239.300049,1242.400024,1226.300049,1229.400024,73,1221.671439,1229.0233317333332
2014-01-08,1227.5,1227.5,1218.599976,1225.300049,189,1222.985735142857,1228.4000000333333
2014-01-09,1225.800049,1229.300049,1225.800049,1229.300049,7,1226.7286027142857,1228.0066691333334
2014-01-10,1235.0,1246.800049,1234.0,1246.699951,58,1233.1285922857144,1228.1833333666666
2014-01-13,1250.599976,1252.699951,1245.5,1250.900024,46,1236.8285957142857,1228.6199992
2014-01-14,1251.0,1251.300049,1242.0,1245.199951,37,1237.8000138571426,1228.4399983666667
2014-01-15,1243.099976,1243.199951,1238.099976,1238.099976,68,1237.8428605714287,1228.9666626
2014-01-16,1239.300049,1242.800049,1239.0,1240.0,48,1239.357142857143,1229.5766642333333
2014-01-17,1239.699951,1254.300049,1239.699951,1251.699951,101,1243.1285574285716,1229.6933309
2014-01-21,1256.400024,1257.5,1240.0,1242.300049,224,1244.9857002857145,1229.9966674999998
2014-01-22,1241.699951,1242.0,1239.0,1239.0,58,1243.8857072857143,1230.2866658666667
2014-01-23,1235.199951,1264.199951,1235.199951,1262.599976,40,1245.557129,1231.1966634333335
2014-01-24,1258.300049,1269.400024,1258.300049,1264.5,38,1248.3142788571427,1231.2666626333335
2014-01-27,1259.800049,1264.400024,1254.400024,1263.599976,92,1251.9571360000002,1231.4366618333333
2014-01-28,1257.900024,1258.400024,1251.0,1251.0,20,1253.5285645714287,1232.2699951666666
2014-01-29,1262.199951,1262.199951,1262.199951,1262.199951,137028,1255.0285645714284,1233.1533285
2014-01-30,1267.0,1267.699951,1237.5,1242.199951,45276,1255.014264857143,1233.0433268666666
2014-01-31,1243.599976,1254.5,1238.400024,1240.099976,5820,1255.1714042857145,1233.3399943666666
2014-02-03,1242.400024,1266.300049,1241.199951,1260.400024,2914,1254.8571254285714,1234.1499959666664
2014-02-04,1258.400024,1260.699951,1247.800049,1251.699951,1745,1253.0285470000001,1236.0399943333332
2014-02-05,1254.0,1273.699951,1253.099976,1257.300049,1616,1252.1285574285716,1237.7799967666665
2014-02-06,1258.0,1267.0,1253.5,1257.599976,274,1253.0714111428572,1239.7533285
2014-02-07,1258.300049,1271.400024,1257.900024,1263.300049,436,1253.228568,1241.6933309333333
2014-02-10,1269.599976,1277.300049,1265.699951,1274.800049,742,1257.8857248571428,1243.7166666999997
2014-02-11,1274.0,1292.0,1273.800049,1290.099976,562,1265.0285820000001,1246.1833333666666
2014-02-12,1290.5,1296.199951,1285.5,1295.300049,140,1270.0142998571428,1249.2566691333334
2014-02-13,1293.300049,1303.5,1287.5,1300.400024,877,1276.971453142857,1252.5400024666667
2014-02-14,1301.699951,1320.699951,1301.699951,1319.0,308,1285.7857318571428,1255.6733358
2014-02-18,1322.900024,1330.599976,1313.900024,1324.699951,373,1295.3714425714284,1258.5500000333334
2014-02-19,1318.300049,1321.599976,1309.099976,1320.599976,193,1303.5571464285715,1261.3099976
2014-02-20,1310.699951,1323.5,1309.599976,1317.099976,116,1309.599993142857,1264.2333293333334
2014-02-21,1320.0,1328.300049,1317.400024,1323.900024,171,1314.4285714285713,1267.5199951666666
2014-02-24,1324.300049,1339.0,1321.400024,1338.300049,93,1320.5714285714287,1271.1533285
2014-02-25,1336.400024,1343.900024,1333.099976,1343.0,290,1326.6571394285713,1274.3633301333332
2014-02-26,1341.199951,1342.0,1325.599976,1328.199951,485,1327.9714181428571,1276.939994366667
2014-02-27,1329.300049,1335.0,1324.599976,1331.599976,369,1328.9571359999998,1279.8199952
2014-02-28,1329.800049,1332.599976,1321.099976,1321.400024,239,1329.0714285714287,1282.5966634666668
2014-03-03,1335.900024,1354.099976,1332.900024,1350.099976,232,1333.7857142857142,1286.2666626666667
2014-03-04,1350.400024,1350.400024,1332.199951,1337.800049,80,1335.771432142857,1289.1366659333332
2014-03-05,1334.800049,1341.0,1334.800049,1340.199951,32,1336.0428467142858,1292.399996
2014-03-06,1338.0,1351.699951,1333.300049,1351.699951,59,1337.285696857143,1296.1566610333334
2014-03-07,1349.5,1352.699951,1329.199951,1338.099976,97,1338.6999861428571,1298.6733276999998
2014-03-10,1336.0,1344.699951,1330.5,1341.400024,97,1340.099993,1301.2366618333333
2014-03-11,1340.0,1352.400024,1338.099976,1346.5,53,1343.685703857143,1303.9999959666668
2014-03-12,1349.099976,1370.5,1348.699951,1370.300049,58,1346.5714285714287,1307.9766642666666
2014-03-13,1366.800049,1374.5,1366.5,1372.199951,23,1351.4857002857145,1311.6433309333333
2014-03-14,1376.099976,1386.599976,1371.099976,1379.0,91,1357.0285644285716,1316.2033325666669
2014-03-17,1386.099976,1391.400024,1372.199951,1372.900024,29,1360.057146285714,1320.6300008333333
2014-03-18,1359.300049,1361.800049,1353.400024,1359.0,35,1363.0428640000002,1323.9166666999997
2014-03-19,1357.099976,1358.0,1332.699951,1341.400024,57,1363.0428639999998,1326.9066691333333
2014-03-20,1333.699951,1333.699951,1325.800049,1330.5,72,1360.7571497142856,1329.3466674999997
2014-03-21,1339.099976,1339.099976,1335.800049,1336.0,3,1355.8571427142856,1331.9600016333331
2014-03-24,1333.0,1333.0,1310.5,1311.199951,103,1347.142857,1333.5566650333335
2014-03-25,1315.5,1315.5,1307.5,1311.400024,46,1337.4857175714285,1334.7766642000001
2014-03-26,1315.199951,1315.199951,1303.400024,1303.400024,4,1327.5571461428572,1335.2199991333332
2014-03-27,1294.699951,1294.699951,1294.699951,1294.699951,185016,1318.371424857143,1335.1999958666668
2014-03-28,1292.199951,1299.400024,1285.900024,1293.800049,65486,1311.5714284285714,1334.9799967
2014-03-31,1294.300049,1298.800049,1282.400024,1283.400024,4121,1304.8428604285714,1333.7933308333334
2014-04-01,1285.099976,1287.900024,1277.300049,1279.599976,884,1296.7857141428572,1332.2899983333334
2014-04-02,1280.199951,1294.099976,1280.199951,1290.5,1099,1293.8285782857145,1331.2866657999998
2014-04-03,1290.800049,1293.5,1282.699951,1284.400024,775,1289.9714354285713,1330.1966674
2014-04-04,1285.5,1306.099976,1284.400024,1303.199951,976,1289.9428535714287,1329.5066649666667
2014-04-07,1301.400024,1304.0,1296.300049,1298.0,361,1290.414289142857,1328.16333
2014-04-08,1296.599976,1314.099976,1296.599976,1308.699951,264,1292.5428465714285,1327.0199950333333
2014-04-09,1309.5,1313.599976,1301.099976,1305.5,191,1295.6999859999999,1326.26333
2014-04-10,1311.800049,1323.800049,1311.199951,1320.099976,127,1301.4857002857145,1325.8799966666668
2014-04-11,1319.0,1322.800049,1316.300049,1318.699951,76,1305.5142647142857,1325.7899942333331
2014-04-14,1320.099976,1330.0,1320.099976,1327.199951,328,1311.62854,1325.0266600666666
2014-04-15,1322.699951,1322.699951,1291.5,1300.0,238,1311.1714041428572,1323.7666584333335
2014-04-16,1302.699951,1303.5,1295.0,1303.099976,177,1311.8999721428572,1322.5299926
2014-04-17,1300.099976,1303.0,1292.5,1293.400024,124,1309.714268285714,1320.5866617
2014-04-21,1290.0,1299.199951,1283.800049,1288.0,100,1307.214268285714,1318.9166625
2014-04-22,1289.199951,1291.599976,1276.0,1280.599976,100,1301.5714111428572,1316.8899942333333
2014-04-23,1284.300049,1287.699951,1282.400024,1284.199951,176,1296.6428397142856,1314.8133259333333
2014-04-24,1284.599976,1297.900024,1272.400024,1290.5,522,1291.3999895714285,1312.1533243000001
2014-04-25,1293.800049,1304.599976,1293.800049,1300.699951,274,1291.4999825714287,1309.7699909666667
2014-04-28,1305.400024,1305.400024,1293.0,1298.900024,388,1290.8999894285714,1307.0999917666666
2014-04-29,1295.5,1300.5,1289.099976,1296.0,904,1291.2714145714287,1304.5366576333333
2014-04-30,1296.0,1296.5,1286.599976,1295.599976,181,1292.3571254285714,1302.4233235000002
2014-05-01,1288.699951,1288.699951,1278.0,1283.099976,25,1292.7142682857143,1300.4799885666666
2014-05-02,1276.699951,1302.699951,1276.699951,1302.599976,90,1295.3428432857143,1299.5499877666666
2014-05-05,1305.599976,1314.199951,1305.5,1309.0,31,1297.9857004285714,1298.6499877666668
2014-05-06,1309.400024,1309.400024,1306.900024,1308.300049,14,1299.0714287142857,1298.5533243666666
2014-05-07,1310.300049,1312.0,1288.0,1288.599976,21,1297.5999932857142,1297.7933227666667
2014-05-08,1291.5,1291.5,1285.5,1287.400024,65,1296.3714252857142,1297.2599894333334
2014-05-09,1287.300049,1287.300049,1287.300049,1287.300049,3,1295.1857214285715,1297.0133260333334
2014-05-12,1282.099976,1295.900024,1281.199951,1295.599976,19,1296.9714357142857,1297.0733236
2014-05-13,1295.5,1295.5,1292.0,1294.599976,20,1295.8285785714286,1297.4466553333332
2014-05-14,1292.800049,1306.900024,1292.800049,1305.699951,25,1295.357143,1298.3166545
2014-05-15,1302.5,1302.5,1292.800049,1293.5,27,1293.2428502857142,1298.4166545
2014-05-16,1293.300049,1293.300049,1293.300049,1293.300049,8,1293.9142892857144,1298.7133219999998
2014-05-19,1293.699951,1293.699951,1293.699951,1293.699951,44,1294.8142788571427,1298.3966553333332
2014-05-20,1290.699951,1294.5,1290.099976,1294.5,8,1295.8428432857145,1298.2799886666664
2014-05-21,1287.400024,1288.0,1287.400024,1288.0,2,1294.7571324285714,1297.5899903
2014-05-22,1294.199951,1295.0,1294.199951,1294.900024,4,1294.7999964285716,1297.2366577666667
2014-05-23,1293.199951,1293.400024,1291.599976,1291.599976,3,1292.7857142857142,1296.2866577666666
2014-05-27,1291.900024,1291.900024,1265.400024,1265.400024,25,1288.771432,1294.5099935333335
2014-05-28,1259.300049,1259.300049,1259.300049,1259.300049,168825,1283.9142891428571,1292.2466634666666
2014-05-29,1258.300049,1260.599976,1250.900024,1256.300049,38045,1278.571446,1290.7899984333335
2014-05-30,1255.099976,1259.599976,1241.800049,1245.599976,3839,1271.5857282857141,1288.8733317666668
2014-06-02,1250.0,1250.699951,1240.900024,1243.699951,774,1265.2571498571428,1287.2166626666667
2014-06-03,1244.099976,1247.5,1240.5,1244.300049,654,1258.0285820000001,1285.7599976333333
2014-06-04,1245.099976,1248.800049,1242.699951,1244.0,604,1251.2285854285713,1284.5399984333335
2014-06-05,1244.0,1256.599976,1241.199951,1253.0,1317,1249.4571534285715,1283.5000000666666
2014-06-06,1253.400024,1256.599976,1246.300049,1252.099976,381,1248.4285715714286,1282.2199992666667
2014-06-09,1252.699951,1256.099976,1252.599976,1253.5,97,1248.0285645714287,1280.6466675666666
2014-06-10,1252.400024,1262.300049,1251.0,1259.800049,1007,1250.0571464285713,1279.3433350666667
2014-06-11,1259.900024,1264.400024,1259.099976,1260.800049,128,1252.5000175714285,1278.1700033666668
2014-06-12,1260.0,1274.5,1260.0,1273.599976,129,1256.6857214285715,1277.4366700333333
2014-06-13,1272.5,1274.699951,1271.300049,1273.699951,145,1260.9285715714286,1277.1233358666666
2014-06-16,1279.800049,1282.099976,1270.800049,1274.900024,334,1264.0571464285713,1276.2000041333333
2014-06-17,1272.800049,1272.800049,1260.900024,1271.699951,819,1266.857142857143,1274.9566691666666
2014-06-18,1269.900024,1272.699951,1267.400024,1272.400024,143,1269.5571462857145,1273.7600016666665
2014-06-19,1277.199951,1321.0,1277.199951,1313.699951,601,1277.2571322857143,1274.5966674999997
2014-06-20,1321.400024,1321.400024,1306.800049,1316.199951,254,1285.1714040000002,1275.5566650666665
2014-06-23,1312.300049,1318.0,1312.300049,1318.0,142,1291.5142645714284,1276.5799967666667
2014-06-24,1315.599976,1325.599976,1315.599976,1320.900024,223,1298.257132142857,1277.4233317
2014-06-25,1315.300049,1323.400024,1312.0,1322.199951,294,1305.0142645714284,1278.343330866667
2014-06-26,1319.599976,1319.599976,1312.400024,1316.099976,1204,1311.3571252857143,1278.6899983666667
2014-06-27,1317.400024,1320.900024,1313.300049,1319.0,625,1318.0142647142857,1279.5399983666669
2014-06-30,1315.300049,1328.699951,1311.800049,1321.800049,744,1319.1714215714285,1280.4899983666667
2014-07-01,1326.699951,1331.400024,1326.199951,1326.400024,51,1320.628574857143,1281.5800008
2014-07-02,1326.800049,1330.699951,1326.800049,1330.699951,226,1322.4428535714287,1282.7866658333335
2014-07-03,1327.300049,1327.699951,1313.0,1320.400024,40,1322.3714249999998,1283.8666666333334
2014-07-07,1318.699951,1320.300049,1313.199951,1316.5,93,1321.5571462857145,1284.5866658333332
2014-07-08,1318.400024,1323.5,1316.0,1316.0,6,1321.5428640000002,1285.3999999666667
2014-07-09,1324.0,1330.400024,1323.800049,1323.800049,16,1322.2285852857144,1287.3466674666668
2014-07-10,1330.5,1343.699951,1328.0,1338.699951,28,1324.642857,1289.9933308666666
2014-07-11,1337.900024,1339.0,1336.199951,1337.0,112,1326.1571392857143,1292.683329233333
2014-07-14,1332.800049,1332.800049,1304.699951,1306.300049,103,1322.671439,1294.7066650000002
2014-07-15,1307.400024,1311.900024,1294.099976,1296.900024,368,1319.314296142857,1296.4800007666668
2014-07-16,1298.400024,1303.099976,1296.900024,1299.599976,34,1316.900007,1298.3233316666667
2014-07-17,1303.099976,1323.800049,1303.099976,1316.699951,16,1317.0,1300.7466633666666
2014-07-18,1322.699951,1322.699951,1306.199951,1309.199951,27,1314.9142717142859,1302.6199950666667
2014-07-21,1311.0,1315.5,1311.0,1313.699951,18,1311.342843142857,1304.6733275666668
2014-07-22,1306.099976,1306.099976,1306.099976,1306.099976,2,1306.9285539999998,1306.4266601000002
2014-07-23,1304.5,1304.5,1304.5,1304.5,0,1306.6714041428572,1307.9166584666668
2014-07-24,1297.5,1297.5,1290.599976,1290.599976,1,1305.7713972857143,1308.9099893666667
2014-07-25,1294.800049,1303.099976,1294.800049,1303.099976,8,1306.2713972857143,1309.8933227000002
2014-07-28,1307.400024,1308.0,1303.300049,1303.300049,52,1304.3571255714285,1310.8799926333334
2014-07-29,1310.900024,1310.900024,1298.300049,1298.300049,181554,1302.7999967142857,1311.6599934666667
2014-07-30,1298.599976,1303.0,1291.0,1294.900024,36189,1300.1142928571428,1312.4333292333333
2014-07-31,1295.099976,1297.300049,1280.599976,1281.300049,5663,1296.5714461428572,1312.7299967333333
2014-08-01,1284.099976,1296.599976,1279.699951,1293.599976,1985,1295.0142998571428,1312.0599975666667
2014-08-04,1294.400024,1295.0,1285.900024,1287.699951,917,1294.6000105714286,1311.1099975666666
2014-08-05,1288.0,1292.699951,1282.599976,1284.0,825,1291.8714425714284,1309.9766642333334
2014-08-06,1288.099976,1309.0,1287.800049,1306.699951,706,1292.357142857143,1309.5033284666667
2014-08-07,1305.300049,1313.099976,1302.5,1310.800049,225,1294.142857142857,1309.123331733333
2014-08-08,1310.800049,1321.400024,1308.0,1308.900024,586,1296.142857142857,1308.8833333333334
2014-08-11,1308.400024,1309.699951,1305.300049,1308.5,194,1300.0285644285716,1308.5333333333333
2014-08-12,1306.199951,1315.800049,1305.800049,1308.800049,438,1302.2000034285716,1308.1
2014-08-13,1308.800049,1312.800049,1305.0,1312.800049,238,1305.7857317142857,1307.6466675
2014-08-14,1311.800049,1316.400024,1309.699951,1313.900024,320,1310.0571637142857,1307.0866699333333
2014-08-15,1311.699951,1312.800049,1292.0,1304.5,199,1309.742885,1306.5566691333333
2014-08-18,1301.400024,1302.099976,1295.699951,1297.699951,100,1307.8714424285715,1305.9300008333335
2014-08-19,1298.800049,1301.599976,1294.0,1295.099976,144,1305.900007,1305.2333333666668
2014-08-20,1295.400024,1295.800049,1288.400024,1293.400024,332,1303.7428675714286,1304.2199991999998
2014-08-21,1290.0,1290.0,1272.0,1273.699951,264,1298.728567857143,1302.0533325333336
2014-08-22,1276.0,1280.0,1275.0,1278.599976,119,1293.8428431428572,1300.1066650666667
2014-08-25,1277.300049,1277.599976,1273.699951,1277.300049,251,1288.6142752857143,1299.1399983999997
2014-08-26,1289.400024,1289.5,1281.099976,1283.800049,74,1285.6571394285713,1298.7033325666669
2014-08-27,1281.5,1282.300049,1281.5,1281.900024,783,1283.400007,1298.1133341666666
2014-08-28,1284.5,1293.699951,1284.300049,1288.699951,817,1282.4857177142858,1297.1800008333335
2014-08-29,1289.5,1289.699951,1284.800049,1285.800049,116,1281.400007,1296.4000041
2014-09-02,1284.5,1286.400024,1262.5,1263.699951,280,1279.9714355714284,1294.7333374333332
2014-09-03,1266.300049,1271.099976,1263.099976,1268.900024,279,1278.5857281428573,1293.4933390333333
2014-09-04,1268.699951,1272.699951,1260.400024,1265.099976,290,1276.8428605714287,1292.1800049
2014-09-05,1263.199951,1268.099976,1263.199951,1265.800049,123,1274.271432,1291.3533406666668
2014-09-08,1268.400024,1268.400024,1252.699951,1252.699951,2,1270.099993,1289.6733398333333
2014-09-09,1246.800049,1246.800049,1246.800049,1246.800049,0,1264.1142927142857,1287.7900065
2014-09-10,1256.699951,1256.699951,1243.5,1243.5,95,1258.0714285714287,1285.9633382
2014-09-11,1237.400024,1237.400024,1237.400024,1237.400024,0,1254.314296142857,1284.0466715333334
2014-09-12,1227.0,1229.900024,1227.0,1229.900024,47,1248.7428675714286,1282.333337366667
2014-09-15,1226.699951,1235.0,1226.699951,1233.599976,21,1244.2428675714286,1280.333337366667
2014-09-16,1238.300049,1238.300049,1235.199951,1235.199951,3,1239.871425,1278.583337366667
2014-09-17,1236.199951,1236.199951,1221.900024,1234.400024,10,1237.2571497142856,1276.9300048333332
2014-09-18,1216.199951,1225.699951,1216.199951,1225.699951,5,1234.24285,1274.2300048333334
2014-09-19,1218.300049,1218.300049,1215.300049,1215.300049,4,1230.2142855714285,1271.0466715
2014-09-22,1214.900024,1216.800049,1212.400024,1216.800049,7,1227.2714319999998,1267.9766723333335
2014-09-23,1221.0,1221.0,1221.0,1221.0,5,1226.0,1265.0600056666667
2014-09-24,1218.599976,1218.599976,1216.800049,1218.599976,2,1223.857142857143,1262.0533365666668
2014-09-25,1209.5,1221.199951,1209.5,1221.199951,11,1221.857142857143,1258.9999999666668
2014-09-26,1214.099976,1214.099976,1214.099976,1214.099976,19497,1218.9571359999998,1255.6733317
2014-09-29,1216.300049,1222.199951,1214.800049,1217.5,6344,1217.7857144285715,1252.7733317
2014-09-30,1214.800049,1218.199951,1204.0,1210.5,680,1217.0999931428573,1249.8666666666666
2014-10-01,1207.699951,1217.800049,1205.5,1214.599976,178,1216.7856969999998,1247.1833333333334
2014-10-02,1215.300049,1219.5,1210.300049,1214.199951,176,1215.8142614285714,1244.5433309
2014-10-03,1212.400024,1212.400024,1191.0,1192.199951,499,1212.0428292857143,1241.8266642333333
2014-10-06,1187.699951,1208.0,1182.800049,1206.699951,415,1209.971400714286,1239.4299967333332
2014-10-07,1209.099976,1211.699951,1205.300049,1211.699951,272,1209.62854,1237.2433268
2014-10-08,1210.199951,1217.900024,1205.300049,1205.300049,9,1207.885689857143,1234.6266601333332
2014-10-09,1223.900024,1229.0,1223.900024,1224.599976,19,1209.8999721428572,1232.7166585333334
2014-10-10,1223.5,1223.5,1217.0,1221.0,186,1210.8142612857143,1230.4599935
2014-10-13,1229.800049,1234.0,1227.0,1229.300049,103,1212.9714181428571,1228.5766601666667
2014-10-14,1235.900024,1235.900024,1233.599976,1233.599976,73,1218.8857074285713,1227.5733276666665
2014-10-15,1243.699951,1247.0,1243.699951,1244.099976,250,1224.228568142857,1226.7466593999998
2014-10-16,1242.099976,1243.0,1236.699951,1240.5,6,1228.3428608571428,1225.9266601999998
2014-10-17,1237.400024,1238.300049,1232.599976,1238.300049,356,1233.0571465714286,1225.0099935333335
2014-10-20,1237.300049,1244.0,1235.400024,1244.0,105,1235.8285785714286,1224.7199951666666
2014-10-21,1251.0,1251.0,1251.0,1251.0,48,1240.1142928571428,1224.8599935333334
2014-10-22,1244.800049,1244.800049,1244.800049,1244.800049,2,1242.3285785714286,1224.9033285
2014-10-23,1228.0,1228.5,1227.900024,1228.5,2,1241.6000105714286,1224.6066610333332
2014-10-24,1229.400024,1232.699951,1229.400024,1231.199951,71,1239.757149857143,1224.6499919333332
2014-10-27,1230.199951,1230.199951,1227.300049,1229.099976,282,1238.1285750000002,1224.4999919333334
2014-10-28,1224.900024,1231.0,1224.699951,1229.199951,46,1236.828561,1224.2999919333333
2014-10-29,1224.300049,1224.300049,1224.300049,1224.300049,631,1234.0142822857142,1223.9633261000001
2014-10-30,1213.699951,1214.699951,1195.800049,1198.099976,521,1226.4571359999998,1223.0433269333332
2014-10-31,1199.599976,1199.699951,1161.400024,1171.099976,260,1215.9285541428574,1221.5699911666668
2014-11-03,1166.400024,1172.300049,1163.099976,1169.400024,60,1207.4857004285716,1219.989990333333
2014-11-04,1166.900024,1171.0,1165.0,1167.400024,40,1198.371425142857,1218.2033244666666
2014-11-05,1168.099976,1168.699951,1137.800049,1145.400024,157,1186.4142891428571,1215.7633260666667
2014-11-06,1141.099976,1147.5,1137.900024,1142.300049,137,1174.0000174285713,1213.1333293333332
2014-11-07,1139.900024,1169.699951,1133.0,1169.599976,97,1166.1857212857144,1211.6499959999999
2014-11-10,1171.0,1171.0,1150.699951,1159.599976,40,1160.6857212857142,1209.7199952
2014-11-11,1155.0,1170.5,1151.599976,1162.800049,22,1159.5000174285715,1208.1299968333333
2014-11-12,1162.5,1168.099976,1157.5,1158.900024,17,1158.0000174285713,1206.2733317666668
2014-11-13,1163.699951,1164.5,1155.0,1161.099976,1047,1157.1000105714286,1204.5033326
2014-11-14,1155.199951,1191.0,1148.0,1185.0,486,1162.75715,1204.2633342333331
2014-11-17,1183.099976,1186.900024,1180.599976,1183.0,17,1168.5714287142857,1203.4733358666667
2014-11-18,1197.099976,1197.099976,1193.900024,1196.699951,2,1172.4428537142855,1202.9733358666667
2014-11-19,1196.5,1198.300049,1190.599976,1193.599976,23,1177.2999965714287,1202.5833334333333
2014-11-20,1191.800049,1191.900024,1190.699951,1190.699951,3,1181.285696857143,1201.4533325999998
2014-11-21,1191.0,1202.400024,1189.0,1197.5,20,1186.7999791428572,1200.6699992666665
2014-11-24,1197.699951,1197.900024,1195.5,1195.5,17,1191.7142682857143,1199.5433309666666
2014-11-25,1197.099976,1197.099976,1197.099976,1197.099976,210753,1193.4428362857143,1198.3266643
2014-11-26,1200.5,1201.0,1193.699951,1196.599976,75297,1195.3856899999998,1196.7433309666667
2014-11-28,1197.0,1198.199951,1163.800049,1175.199951,11175,1192.3142614285714,1194.5666626666668
2014-12-01,1160.0,1220.400024,1141.699951,1218.0,5524,1195.7999791428572,1193.8899943666665
2014-12-02,1212.300049,1212.300049,1191.300049,1199.199951,1236,1197.014264857143,1192.3966594
2014-12-03,1198.099976,1213.699951,1196.099976,1208.5,440,1198.5856934285714,1190.9799927333333
2014-12-04,1208.199951,1213.0,1201.599976,1207.5,358,1200.2999791428572,1189.7366577666667
2014-12-05,1203.099976,1206.0,1186.699951,1190.099976,560,1199.2999791428572,1188.4566569666667
2014-12-08,1190.599976,1207.0,1187.199951,1194.699951,183,1199.0285470000001,1187.2399903
2014-12-09,1202.0,1238.0,1202.0,1231.5,314,1207.0714111428572,1187.3199911000002
2014-12-10,1231.199951,1234.599976,1226.599976,1228.900024,306,1208.6285574285716,1187.3099935333332
2014-12-11,1226.599976,1231.199951,1216.199951,1225.099976,264,1212.328561,1187.3366577666668
2014-12-12,1227.800049,1227.800049,1216.199951,1222.0,203,1214.2571324285714,1188.1333252333336
2014-12-15,1223.099976,1223.099976,1198.400024,1207.199951,77,1214.214268285714,1189.3366577333331
2014-12-16,1197.199951,1222.0,1192.699951,1193.900024,223,1214.7571322857143,1190.1533244
2014-12-17,1198.199951,1199.599976,1184.0,1194.300049,94,1214.7000034285713,1191.0499919
2014-12-18,1189.699951,1207.300049,1189.699951,1194.699951,197,1209.4428535714285,1192.6933228
2014-12-19,1198.0,1200.800049,1195.900024,1195.900024,96,1204.728567857143,1194.4799886333335
2014-12-22,1198.0,1198.0,1172.699951,1179.699951,223,1198.24285,1194.816654466667
2014-12-23,1179.300049,1180.300049,1175.0,1177.900024,232,1191.9428534285714,1195.4266560666665
2014-12-24,1177.0,1179.300049,1173.5,1173.5,23,1187.1285747142858,1195.7833211
2014-12-26,1177.199951,1195.300049,1177.199951,1195.300049,124,1187.3285782857142,1196.9966552666665
2014-12-29,1186.5,1186.5,1181.300049,1181.699951,180,1185.5285642857143,1197.6833211
2014-12-30,1181.400024,1210.300049,1181.400024,1200.199951,191,1186.3142785714285,1198.1899861333334
2014-12-31,1199.199951,1199.199951,1182.699951,1183.900024,92,1184.599992857143,1198.2199869333335
2015-01-02,1184.0,1194.5,1169.5,1186.0,138,1185.4999998571427,1197.8633219
2015-01-05,1180.300049,1206.900024,1180.099976,1203.900024,470,1189.2142855714285,1198.2066568333332
2015-01-06,1203.5,1220.0,1203.5,1219.300049,97,1195.7571497142858,1199.1599934333333
2015-01-07,1219.199951,1219.199951,1210.599976,1210.599976,29,1197.9428535714287,1199.5966593
2015-01-08,1207.0,1215.699951,1206.300049,1208.400024,92,1201.7571497142858,1200.0266601
2015-01-09,1211.099976,1220.199951,1210.300049,1216.0,43,1204.0142995714284,1200.6566609000001
2015-01-12,1224.199951,1234.400024,1219.099976,1232.699951,100,1210.9857177142858,1201.8599934000001
2015-01-13,1239.199951,1239.300049,1230.300049,1234.300049,20,1217.8857247142857,1203.8299966666668
2015-01-14,1229.599976,1243.800049,1225.599976,1234.400024,21,1222.2428675714286,1204.3766641333334
2015-01-15,1231.5,1265.0,1227.300049,1264.699951,130,1228.728567857143,1206.5599974666666
2015-01-16,1256.099976,1279.699951,1256.099976,1276.900024,44,1238.2000032857143,1208.8399982666667
2015-01-20,1278.900024,1297.300049,1273.800049,1294.199951,157,1250.4571357142856,1211.7299966333333
2015-01-21,1295.199951,1303.5,1286.699951,1293.699951,78,1261.557128714286,1215.1833291333335
2015-01-22,1293.199951,1302.099976,1283.5,1300.699951,131,1271.2714144285715,1218.7166624666668
2015-01-23,1299.800049,1299.800049,1292.599976,1292.599976,23,1279.5999754285715,1220.7533283333332
2015-01-26,1289.5,1290.599976,1279.400024,1279.400024,26,1286.028546857143,1222.4366616666669
2015-01-27,1277.199951,1291.699951,1277.199951,1291.699951,20,1289.8856897142857,1224.6566608333333
2015-01-28,1285.900024,1286.800049,1285.900024,1285.900024,180387,1291.1714040000002,1226.7866616333333
2015-01-29,1283.300049,1285.400024,1251.0,1254.599976,67983,1285.5142647142857,1228.3666624666666
2015-01-30,1258.0,1284.300049,1257.0,1278.5,8626,1283.342843142857,1231.1866616666666
2015-02-02,1284.099976,1284.099976,1266.0,1276.199951,1654,1279.8428431428572,1233.9166584000002
2015-02-03,1273.5,1284.699951,1255.300049,1259.699951,2380,1275.1428395714286,1236.0833250666667
2015-02-04,1262.0,1271.599976,1256.800049,1263.800049,668,1272.9142717142859,1238.3466592333332
2015-02-05,1271.800049,1272.599976,1257.800049,1262.0,133,1268.6714215714285,1241.0899941999999
2015-02-06,1265.0,1267.599976,1228.0,1233.900024,432,1261.2428501428572,1242.9566608666669
2015-02-09,1237.5,1242.300049,1235.400024,1240.800049,319,1259.271432,1245.1999958333333
2015-02-10,1237.5,1245.0,1231.199951,1231.599976,231,1252.5714285714287,1246.4099933999998
2015-02-11,1233.300049,1237.400024,1219.0,1219.0,102,1244.400007,1247.6533283666665
2015-02-12,1217.900024,1229.800049,1217.900024,1220.099976,99,1238.7428677142857,1248.3166625333333
2015-02-13,1222.199951,1232.800049,1222.199951,1226.5,65,1233.4142892857142,1249.7366617333332
2015-02-17,1227.699951,1234.0,1203.0,1208.099976,204,1225.7142858571428,1250.4733276
2015-02-18,1207.099976,1210.199951,1197.800049,1199.699951,147,1220.828561142857,1250.3333251666668
2015-02-19,1216.5,1220.0,1205.0,1207.099976,65,1216.014265,1249.9266560666665
2015-02-20,1206.5,1213.099976,1199.099976,1204.400024,51,1212.1285575714287,1249.7199910000002
2015-02-23,1201.300049,1203.300049,1191.599976,1200.300049,268,1209.4571360000002,1249.4499918333333
2015-02-24,1203.400024,1203.5,1193.800049,1196.900024,151,1206.142857142857,1248.8133259666668
2015-02-25,1204.300049,1204.599976,1201.0,1201.0,570,1202.5,1247.7566609333335
2015-02-26,1204.800049,1219.0,1204.800049,1209.599976,560,1202.7142857142858,1246.9333251666665
2015-02-27,1207.699951,1217.800049,1204.5,1212.599976,195,1204.5571464285713,1246.2066569
2015-03-02,1214.300049,1222.699951,1204.900024,1207.699951,124,1204.642857142857,1244.3066569
2015-03-03,1201.5,1212.0,1195.0,1204.0,51,1204.5857108571429,1241.8766561
2015-03-04,1204.800049,1206.900024,1198.0,1200.599976,27,1204.6285575714287,1238.7566569333333
2015-03-05,1201.699951,1205.400024,1195.900024,1195.900024,29,1204.4857004285714,1235.4966593666666
2015-03-06,1195.0,1195.699951,1163.699951,1164.099976,168,1199.2142684285714,1230.9433268666664
2015-03-09,1169.400024,1174.199951,1166.300049,1166.400024,45,1193.0428467142858,1226.7366618
2015-03-10,1166.400024,1168.400024,1156.5,1160.099976,94,1185.5428467142858,1222.7599935333333
2015-03-11,1162.0,1162.0,1147.699951,1150.699951,74,1177.3999895714285,1218.0599935333335
2015-03-12,1155.400024,1160.5,1149.699951,1152.099976,63,1169.9857004285714,1213.5999919333333
2015-03-13,1158.199951,1159.199951,1152.599976,1152.599976,44,1163.1285575714285,1210.1999919333334
2015-03-16,1159.699951,1162.300049,1150.099976,1153.300049,56,1157.0428468571429,1206.0266602333334
2015-03-17,1153.599976,1158.199951,1144.300049,1148.300049,71,1154.7857144285715,1201.7633301666667
2015-03-18,1148.699951,1174.300049,1147.0,1151.400024,112,1152.6428572857142,1198.1533325999999
2015-03-19,1171.599976,1171.599976,1159.300049,1169.099976,39,1153.9285715714286,1194.9966634999998
2015-03-20,1171.0,1185.400024,1171.0,1184.800049,54,1158.800014142857,1192.4233318000001
2015-03-23,1181.599976,1188.0,1181.199951,1188.0,5,1163.9285889999999,1190.893331
2015-03-24,1188.0,1193.0,1186.0,1191.699951,411,1169.514299714286,1189.2566610666665
2015-03-25,1192.5,1199.199951,1192.5,1197.300049,11,1175.800014,1188.1133301666669
2015-03-26,1198.199951,1213.699951,1198.199951,1205.099976,68,1183.9142892857144,1187.6499960333335
2015-03-27,1197.0,1199.800049,1196.300049,1199.800049,172260,1190.8285785714286,1186.9733317999999
2015-03-30,1198.0,1198.5,1181.599976,1184.800049,37990,1193.0714461428572,1185.583333433333
2015-03-31,1185.800049,1190.099976,1178.199951,1183.099976,3409,1192.8285785714286,1184.7500001
2015-04-01,1182.900024,1208.199951,1181.0,1208.099976,1632,1195.7000037142857,1185.0300009333332
2015-04-02,1204.0,1205.699951,1194.800049,1200.900024,1684,1197.0142998571428,1184.8233358666666
2015-04-06,1209.900024,1224.199951,1209.900024,1218.599976,343,1200.0571465714286,1185.2966675999999
2015-04-07,1214.800049,1214.800049,1208.199951,1210.599976,406,1200.8428608571428,1185.6399984999998
2015-04-08,1208.900024,1211.400024,1197.599976,1203.099976,236,1201.314279,1185.8466635666666
2015-04-09,1201.699951,1202.5,1193.0,1193.599976,521,1202.5714114285713,1185.5999961
2015-04-10,1195.800049,1209.599976,1195.800049,1204.599976,202,1205.64284,1185.4333294333333
2015-04-13,1208.099976,1208.099976,1198.300049,1199.300049,424,1204.3857075714284,1184.9899985333334
2015-04-14,1198.800049,1200.599976,1184.099976,1192.800049,546,1203.2285682857143,1184.4933351333334
2015-04-15,1194.599976,1203.099976,1188.599976,1201.5,196,1200.7857145714286,1184.4100018
2015-04-16,1204.300049,1208.5,1194.599976,1198.0,199,1198.985718,1184.3233359333333
2015-04-17,1200.199951,1206.0,1200.199951,1202.900024,21,1198.9571534285715,1184.5566692666666
2015-04-20,1205.699951,1206.900024,1191.0,1193.5,67,1198.942871142857,1185.5366700666668
2015-04-21,1193.199951,1202.900024,1192.800049,1202.900024,33,1198.7000208571428,1186.7533367333333
2015-04-22,1199.099976,1202.599976,1185.199951,1186.900024,93,1196.9285887142858,1187.6466716666666
2015-04-23,1187.199951,1197.0,1186.099976,1194.400024,331,1197.1571565714287,1189.1033407666666
2015-04-24,1192.300049,1194.699951,1174.599976,1175.199951,52,1193.4000067142858,1189.8733399333332
2015-04-27,1182.300049,1206.699951,1181.400024,1203.300049,194,1194.1571565714287,1191.5633423666666
2015-04-28,1199.699951,1214.0,1199.699951,1214.0,401,1195.7428674285713,1193.5866740666668
2015-04-29,1211.199951,1212.599976,1201.900024,1209.800049,114,1198.071445857143,1195.6366740666667
2015-04-30,1203.099976,1205.900024,1176.699951,1182.400024,143,1195.1428744285713,1196.6700074
2015-05-01,1178.099976,1178.099976,1170.0,1174.5,23,1193.3714424285715,1196.8500082
2015-05-04,1177.5,1189.400024,1177.5,1186.800049,38,1192.2857317142857,1196.9166748666664
2015-05-05,1187.5,1198.699951,1186.900024,1193.199951,48,1194.8571602857141,1197.0900065666667
2015-05-06,1194.5,1194.599976,1189.900024,1190.300049,14,1193.0000174285717,1197.0433431666668
2015-05-07,1181.5,1186.0,1179.699951,1182.400024,44,1188.485735142857,1196.5466756666667
2015-05-08,1183.300049,1189.099976,1182.900024,1189.099976,51,1185.5285818571429,1196.0133423333332
2015-05-11,1189.699951,1190.5,1179.300049,1183.199951,26,1185.642857142857,1195.4600057333334
2015-05-12,1194.599976,1194.800049,1189.699951,1192.599976,10,1188.228568,1195.7200033000001
2015-05-13,1192.699951,1218.400024,1191.0,1218.400024,34,1192.7428501428572,1196.8966715666668
2015-05-14,1214.5,1225.599976,1214.5,1225.400024,35,1197.3428605714284,1197.4733398333333
2015-05-15,1218.5,1225.5,1214.800049,1225.5,12,1202.371425,1198.2933390333333
2015-05-18,1224.5,1228.099976,1222.599976,1227.800049,8,1208.857142857143,1198.6000081333334
2015-05-19,1223.900024,1223.900024,1206.0,1206.900024,9,1211.400006857143,1198.4766764
2015-05-20,1205.099976,1210.800049,1205.099976,1208.900024,11,1215.0714458571426,1198.6700113333332
2015-05-21,1204.5,1204.5,1203.699951,1204.400024,43,1216.757167,1199.0300129333334
2015-05-22,1211.599976,1211.900024,1204.300049,1204.300049,8,1214.7428848571428,1199.0200153666667
2015-05-26,1193.599976,1193.599976,1186.0,1187.199951,40,1209.2857315714286,1198.6166787666666
2015-05-27,1185.900024,1185.900024,1185.900024,1185.900024,200216,1203.628592142857,1198.3866779333334
2015-05-28,1187.099976,1192.0,1179.599976,1188.099976,52705,1197.9571531428571,1197.9400104666668
2015-05-29,1187.800049,1193.300049,1185.699951,1189.400024,4748,1195.4571531428571,1197.6533446
2015-06-01,1190.599976,1204.0,1184.300049,1188.300049,1236,1192.5142995714284,1197.1666787666666
2015-06-02,1189.0,1194.300049,1186.0,1194.099976,1003,1191.042864142857,1197.1866779666666
2015-06-03,1193.900024,1193.900024,1179.099976,1184.699951,630,1188.2428501428572,1196.5800088666667
2015-06-04,1184.900024,1185.300049,1173.0,1174.900024,447,1186.4857177142858,1196.1800088666666
2015-06-05,1176.400024,1177.300049,1164.0,1167.800049,390,1183.900007,1195.2933430333333
2015-06-08,1169.5,1176.099976,1169.099976,1173.199951,173,1181.771432,1195.2266763666669
2015-06-09,1172.900024,1180.300049,1172.699951,1177.300049,144,1180.042864142857,1194.3600097
2015-06-10,1176.099976,1190.099976,1175.599976,1186.099976,295,1179.728568,1193.4300088999998
2015-06-11,1183.199951,1183.199951,1174.400024,1179.900024,69,1177.7000034285716,1192.4333414
2015-06-12,1180.400024,1181.199951,1176.199951,1178.800049,141,1176.8571602857141,1192.3133422333333
2015-06-15,1179.900024,1188.5,1172.699951,1185.300049,102,1178.3428781428572,1192.6733438666665
2015-06-16,1186.5,1186.5,1175.900024,1180.5,29,1180.1571568571428,1192.4633422333332
2015-06-17,1177.599976,1186.300049,1174.900024,1176.400024,168,1180.614310142857,1191.9033446666665
2015-06-18,1183.400024,1202.0,1183.400024,1201.5,130,1184.071446,1192.2766763666666
2015-06-19,1199.699951,1203.099976,1199.699951,1201.5,142,1186.2714494285715,1192.9133422333332
2015-06-22,1197.800049,1197.800049,1182.699951,1183.699951,30,1186.814296142857,1192.7333414
2015-06-23,1183.800049,1186.0,1176.199951,1176.199951,60,1186.4428535714287,1192.5000080666664
2015-06-24,1176.599976,1176.599976,1170.699951,1172.599976,263,1184.6285574285716,1191.8333414
2015-06-25,1175.800049,1175.900024,1171.5,1171.5,95,1183.3428431428572,1190.2700072666667
2015-06-26,1170.5,1172.900024,1170.5,1172.900024,308,1182.842843142857,1188.5200072666669
2015-06-29,1185.099976,1186.0,1173.800049,1178.5,174,1179.5571288571427,1186.9533406000003
2015-06-30,1176.300049,1176.400024,1166.599976,1171.5,223,1175.2714145714285,1185.0766723
2015-07-01,1173.099976,1173.099976,1166.599976,1169.0,455,1173.1714215714287,1183.8133381666669
2015-07-02,1166.400024,1168.099976,1155.5,1163.0,316,1171.2857142857142,1182.2833373666667
2015-07-06,1171.099976,1173.0,1162.199951,1172.900024,634,1171.3285782857145,1181.2333373666665
2015-07-07,1166.800049,1166.800049,1149.5,1152.400024,469,1168.6000102857142,1179.5033365333334
2015-07-08,1152.599976,1163.300049,1146.400024,1163.300049,65,1167.2285852857142,1178.7066731333332
2015-07-09,1154.800049,1163.599976,1154.800049,1159.0,65,1164.442871,1177.8100056666667
2015-07-10,1160.099976,1161.400024,1157.5,1157.699951,27,1162.4714354285716,1176.7966715
2015-07-13,1159.0,1159.0,1151.199951,1155.199951,14,1160.499999857143,1175.6566690666668
2015-07-14,1157.199951,1157.199951,1153.0,1153.300049,39,1159.1142925714285,1174.4900024
2015-07-15,1154.0,1154.0,1144.800049,1147.199951,15,1155.4428535714285,1172.9266682333334
2015-07-16,1146.199951,1146.199951,1142.900024,1143.800049,14,1154.2142857142858,1171.5633381666667
2015-07-17,1144.0,1144.0,1130.199951,1131.800049,120,1149.7142857142858,1170.1266723333333
2015-07-20,1130.400024,1130.699951,1095.099976,1106.699951,189,1142.2428501428572,1168.0900024
2015-07-21,1097.099976,1106.400024,1097.099976,1103.400024,118,1134.4857177142856,1165.763338166667
2015-07-22,1093.0,1095.0,1086.0,1091.400024,46,1125.3714424285715,1162.9000039999999
2015-07-23,1097.400024,1097.599976,1087.800049,1094.0,64,1116.900006857143,1159.8300047999999
2015-07-24,1078.599976,1100.699951,1078.599976,1085.599976,52,1108.1000104285715,1156.6866698666668
2015-07-27,1100.0,1102.5,1093.900024,1096.5,19,1101.3428605714287,1153.9433349
2015-07-28,1097.199951,1097.699951,1096.300049,1096.300049,31,1096.271432,1150.9766682333334
2015-07-29,1096.400024,1096.900024,1092.699951,1092.699951,159142,1094.271432,1148.0499999333335
2015-07-30,1096.099976,1097.5,1081.0,1088.400024,49298,1092.128574857143,1145.1166666
2015-07-31,1087.699951,1102.800049,1079.099976,1094.900024,5700,1092.628574857143,1141.5633340666668
2015-08-03,1095.5,1097.099976,1085.0,1089.400024,2418,1091.9714354285716,1137.8266682
2015-08-04,1085.099976,1093.900024,1080.5,1090.699951,1139,1092.7000032857143,1134.7266682
2015-08-05,1086.5,1090.599976,1082.5,1085.699951,1207,1091.1571391428572,1131.7100015333335
2015-08-06,1084.400024,1092.199951,1083.599976,1090.199951,269,1090.2856965714286,1128.9633340333335
2015-08-07,1088.900024,1098.300049,1081.699951,1094.099976,614,1090.4857001428572,1126.3833332333334
2015-08-10,1093.199951,1107.599976,1089.5,1104.199951,900,1092.7428325714286,1124.0933307999999
2015-08-11,1103.800049,1116.699951,1094.0,1107.599976,997,1094.5571114285715,1121.7299966666667
2015-08-12,1106.0,1124.5,1101.5,1123.199951,797,1099.3856724285713,1120.1199950333332
2015-08-13,1124.300049,1124.300049,1113.0,1115.699951,441,1102.957101,1118.3433267333335
2015-08-14,1113.900024,1118.800049,1112.5,1112.900024,908,1106.8428257142857,1116.6733275333333
2015-08-17,1113.800049,1122.0,1113.800049,1118.599976,399,1110.8999721428572,1114.8633259333333
2015-08-18,1118.199951,1118.400024,1110.0,1117.099976,475,1114.1856864285714,1113.6866576666666
2015-08-19,1117.0,1134.300049,1116.800049,1128.099976,348,1117.5999757142856,1112.5133219000002
2015-08-20,1132.800049,1153.300049,1132.800049,1153.0,409,1124.0856934285714,1112.3133219000001
2015-08-21,1154.099976,1166.5,1150.5,1159.599976,261,1129.285697,1112.3766560666666
2015-08-24,1164.0,1169.0,1147.5,1153.400024,299,1134.6714217142858,1112.3166585
2015-08-25,1151.5,1155.5,1134.0,1138.199951,217,1138.285697,1111.8133219000001
2015-08-26,1139.199951,1143.0,1119.599976,1124.599976,116,1139.1428398571427,1111.0599894
2015-08-27,1127.199951,1127.400024,1118.400024,1122.400024,564,1139.8999895714285,1110.3466552333334
2015-08-28,1125.300049,1139.0,1123.599976,1133.099976,279,1140.6142752857143,1110.3899861333334
2015-08-31,1131.099976,1134.0,1124.800049,1131.599976,194,1137.557129,1111.2199869666665
2015-09-01,1133.5,1144.699951,1133.5,1138.699951,375,1134.5714111428572,1112.3966512
2015-09-02,1137.300049,1140.400024,1130.800049,1132.5,201,1131.5856934285714,1113.7666504
2015-09-03,1130.300049,1132.900024,1120.300049,1123.699951,122,1129.514264857143,1114.7566487666666
2015-09-04,1123.400024,1125.199951,1116.199951,1120.599976,51,1128.9428362857143,1115.9233154333333
2015-09-08,1119.800049,1124.300049,1116.400024,1120.400024,138,1128.657122,1116.7199828999999
2015-09-09,1123.5,1123.5,1102.099976,1102.199951,150,1124.242832714286,1116.9166463
2015-09-10,1107.300049,1113.5,1105.5,1109.5,56,1121.0856932857143,1117.4766479333334
2015-09-11,1110.800049,1111.699951,1098.199951,1103.5,81,1116.0571288571427,1117.9799804666666
2015-09-14,1107.800049,1108.599976,1104.099976,1107.699951,19,1112.5142647142857,1118.4066447
2015-09-15,1104.5,1104.5,1102.800049,1102.800049,8,1109.5285644285716,1118.8533122000001
2015-09-16,1109.800049,1119.900024,1109.800049,1119.199951,31,1109.328560857143,1119.8033122000002
2015-09-17,1118.599976,1130.5,1117.099976,1117.300049,14,1108.8857072857143,1120.8566488
2015-09-18,1128.300049,1141.199951,1127.800049,1138.099976,59,1114.0142822857142,1122.4533163
2015-09-21,1137.599976,1138.5,1130.800049,1133.099976,17,1117.3857074285713,1123.7533163
2015-09-22,1132.599976,1135.0,1122.5,1125.0,43,1120.4571359999998,1124.4466512666665
2015-09-23,1128.599976,1132.199951,1128.300049,1131.599976,33,1123.8714252857142,1125.2466512666665
2015-09-24,1133.0,1155.900024,1133.0,1153.800049,37,1131.1571395714286,1126.2666545333334
2015-09-25,1149.800049,1149.800049,1143.400024,1146.0,56,1134.985718,1127.2766561666665
2015-09-28,1133.199951,1133.199951,1132.0,1132.0,4346,1137.085711,1127.9133220333335
2015-09-29,1132.199951,1134.400024,1124.300049,1127.099976,2417,1135.5142824285715,1128.1966553666666
2015-09-30,1124.300049,1126.0,1112.099976,1115.5,865,1133.0000001428573,1128.1433228333333
2015-10-01,1115.199951,1119.0,1113.300049,1114.199951,1181,1131.4571360000002,1127.6799886666668
2015-10-02,1112.199951,1141.199951,1105.800049,1137.099976,323,1132.2428502857142,1127.1499878666666
2015-10-05,1137.099976,1141.699951,1132.5,1138.099976,226,1129.9999827142856,1126.4333212
2015-10-06,1136.300049,1150.0,1136.300049,1146.800049,145,1130.1142754285713,1126.2133220333335
2015-10-07,1147.599976,1152.900024,1143.0,1149.0,104,1132.5428468571429,1126.5733236666667
2015-10-08,1142.699951,1146.699951,1138.699951,1144.699951,138,1135.057129,1127.2433228333332
2015-10-09,1151.599976,1157.199951,1151.599976,1156.300049,22,1140.8857074285713,1128.3733236666667
2015-10-12,1155.900024,1166.800049,1155.900024,1164.900024,40,1148.1285750000002,1129.4333252666665
2015-10-13,1163.5,1166.199951,1154.900024,1165.800049,132,1152.2285854285715,1130.5733277
2015-10-14,1172.400024,1189.0,1167.300049,1180.099976,143,1158.2285854285713,1131.9533285333334
2015-10-15,1184.199951,1188.300049,1177.800049,1187.900024,143,1164.1000104285715,1133.7999960000002
2015-10-16,1182.5,1184.099976,1176.199951,1183.599976,243,1169.042864142857,1135.7966635
2015-10-19,1176.5,1177.800049,1169.300049,1173.300049,62,1173.1285924285714,1137.5533326000002
2015-10-20,1168.699951,1179.099976,1168.699951,1178.0,19,1176.2285854285713,1139.4733318
2015-10-21,1175.900024,1176.400024,1164.900024,1167.599976,41,1176.6142928571428,1141.6533326333333
2015-10-22,1166.199951,1168.599976,1163.5,1166.599976,48,1176.728568142857,1143.5566651666666
2015-10-23,1166.199951,1178.699951,1163.300049,1163.300049,38,1174.3285785714286,1145.5500001333335
2015-10-26,1165.099976,1170.0,1163.800049,1167.0,176,1171.3428608571428,1147.5266684333333
2015-10-27,1164.5,1166.800049,1162.0,1166.800049,302,1168.9428712857143,1149.6600017666667
2015-10-28,1175.099976,1182.699951,1175.099976,1177.099976,217,1169.485718,1151.5900025999997
2015-10-29,1158.0,1162.0,1144.900024,1147.199951,329,1165.085711,1152.586666
2015-10-30,1147.5,1147.599976,1139.199951,1141.5,249,1161.357143,1152.7000001333333
2015-11-02,1137.900024,1138.699951,1132.599976,1135.800049,180,1156.9571534285715,1152.7900025666668
2015-11-03,1133.300049,1134.699951,1114.199951,1114.199951,185,1149.9428537142858,1152.4300009333335
2015-11-04,1119.0,1121.900024,1106.5,1106.5,141,1141.2999965714284,1151.5933350666667
2015-11-05,1107.900024,1110.699951,1104.400024,1104.400024,84,1132.3857072857143,1149.9466675666667
2015-11-06,1105.199951,1109.5,1084.800049,1087.599976,78,1119.599993,1148.0000001
2015-11-09,1088.599976,1088.599976,1087.900024,1087.900024,5,1111.128574857143,1146.5300009
2015-11-10,1090.099976,1091.300049,1085.0,1088.199951,18,1103.5142821428572,1145.2333334
2015-11-11,1091.400024,1091.400024,1084.199951,1084.699951,15,1096.2142681428572,1144.2066651
2015-11-12,1086.0,1086.599976,1080.800049,1080.800049,4,1091.4428535714285,1143.0933350333332
2015-11-13,1083.099976,1085.900024,1080.800049,1080.800049,23,1087.771432,1141.2166708000002
2015-11-16,1092.0,1092.400024,1083.699951,1083.699951,11,1084.8142787142856,1139.403336633333
2015-11-17,1075.5,1075.800049,1065.099976,1068.699951,6,1082.1142751428572,1136.8000000333334
2015-11-18,1064.0,1071.900024,1064.0,1068.800049,5,1079.3857072857143,1134.1266683333333
2015-11-19,1077.400024,1082.400024,1077.400024,1078.0,10,1077.9285714285713,1131.903336633333
2015-11-20,1082.900024,1082.900024,1076.400024,1076.400024,5,1076.7428675714286,1129.2400024666667
2015-11-23,1070.0,1071.5,1066.800049,1066.800049,57,1074.7428675714286,1125.9700033
2015-11-24,1073.199951,1079.400024,1073.199951,1074.300049,222,1073.814296142857,1122.9200033000002
2015-11-25,1070.199951,1072.0,1068.5,1070.5,148662,1071.9285888571428,1119.2666707666665
2015-11-27,1070.699951,1074.199951,1051.099976,1056.199951,52133,1070.1428745714286,1114.8766683333333
2015-11-30,1056.5,1068.400024,1052.099976,1065.800049,4601,1069.714303142857,1110.9500041
2015-12-01,1064.599976,1074.599976,1063.400024,1063.800049,3441,1067.6857387142857,1107.3000041
2015-12-02,1068.699951,1069.5,1049.599976,1054.199951,503,1064.514299714286,1103.1733358
2015-12-03,1054.400024,1064.599976,1046.199951,1061.699951,1161,1063.7857142857142,1099.6433349666665
2015-12-04,1063.0,1088.800049,1058.699951,1084.5,889,1065.2428501428572,1096.9066691
2015-12-07,1084.900024,1086.5,1067.400024,1076.400024,656,1066.0857107142858,1094.0100016000001
2015-12-08,1071.0,1078.400024,1069.599976,1076.300049,306,1068.9571532857142,1090.9866699000002
2015-12-09,1075.099976,1086.0,1070.599976,1077.599976,386,1070.642857142857,1088.0133341333333
2015-12-10,1073.0,1076.300049,1071.699951,1073.099976,226,1071.9714181428571,1084.5466674666666
2015-12-11,1067.800049,1079.400024,1064.400024,1076.900024,410,1075.2142857142858,1082.2033365666666
2015-12-14,1074.0,1076.699951,1060.0,1064.699951,509,1075.642857142857,1079.6433349333333
2015-12-15,1064.599976,1066.199951,1061.800049,1062.900024,220,1072.5571462857145,1077.2133340999999
2015-12-16,1064.800049,1078.699951,1064.300049,1078.0,81,1072.7857142857142,1076.0066690666667
2015-12-17,1072.599976,1072.599976,1050.5,1050.800049,56,1069.142857142857,1074.1500040333333
2015-12-18,1053.699951,1070.300049,1052.699951,1066.199951,253,1067.5142821428574,1072.8766682666667
2015-12-21,1070.199951,1081.900024,1070.199951,1081.900024,26,1068.771431857143,1072.6866698666665
2015-12-22,1078.599976,1078.599976,1073.800049,1074.800049,106,1068.4714354285713,1072.2500040333334
2015-12-23,1074.5,1074.800049,1069.400024,1069.400024,202,1069.1428744285715,1071.6233398
2015-12-24,1074.300049,1077.800049,1073.5,1077.199951,24,1071.1857211428573,1071.3733398
2015-12-28,1077.900024,1098.800049,1070.5,1070.5,361,1070.1142925714287,1071.0300048333334
2015-12-29,1079.099976,1079.699951,1077.5,1077.5,252,1073.9285712857143,1070.9200032
2015-12-30,1068.599976,1070.199951,1059.699951,1060.099976,71,1073.0571462857142,1070.1333373666666
2015-12-31,1061.900024,1062.0,1058.5,1060.300049,10,1069.9714355714284,1069.8533406333333
2016-01-04,1063.400024,1082.5,1063.199951,1075.099976,143,1070.0142822857144,1070.0633382
2016-01-05,1075.599976,1081.5,1075.300049,1078.400024,82,1071.2999965714284,1070.0766723333334
2016-01-06,1081.599976,1093.699951,1081.599976,1091.900024,52,1073.400007,1070.593339
2016-01-07,1091.599976,1109.400024,1091.599976,1107.699951,122,1078.7142857142858,1071.9566690666666
2016-01-08,1111.099976,1111.099976,1093.0,1097.800049,98,1081.6142927142857,1072.7400024
2016-01-11,1105.699951,1107.900024,1096.5,1096.5,43,1086.814296142857,1073.6066690666667
2016-01-12,1093.800049,1098.5,1084.0,1085.599976,87,1090.4285714285713,1074.5866699
2016-01-13,1081.5,1093.900024,1081.5,1087.5,50,1092.2000034285716,1075.3100016
2016-01-14,1091.5,1091.5,1073.699951,1073.900024,59,1091.5571462857142,1075.6466674333333
2016-01-15,1085.0,1095.800049,1081.800049,1091.5,44,1091.5,1076.8900024
2016-01-19,1089.800049,1094.400024,1084.900024,1089.900024,17,1088.9571532857142,1077.8300048333333
2016-01-20,1099.800049,1109.800049,1099.800049,1107.099976,30,1090.2857142857142,1078.5833373666667
2016-01-21,1103.599976,1103.599976,1094.099976,1099.099976,16,1090.6571394285713,1079.3400024333334
2016-01-22,1098.0,1103.199951,1097.199951,1097.199951,4,1092.3142787142858,1080.0366658333332
2016-01-25,1099.300049,1109.300049,1099.300049,1106.199951,8,1094.9857002857145,1080.9899983333335
2016-01-26,1115.099976,1121.699951,1114.300049,1121.699951,181,1101.8142612857143,1082.6099975
2016-01-27,1117.800049,1117.800049,1115.800049,1116.099976,168706,1105.3285435714286,1083.9166625666667
2016-01-28,1125.400024,1125.699951,1109.800049,1115.599976,52861,1108.9999652857143,1085.6133300666665
2016-01-29,1114.400024,1118.599976,1108.800049,1116.400024,6955,1110.3285435714286,1087.3966634
2016-02-01,1116.699951,1130.0,1115.300049,1127.900024,1682,1114.4428361428572,1089.0599975333332
2016-02-02,1128.300049,1131.400024,1123.0,1127.300049,1230,1118.7428501428572,1091.6099975333334
2016-02-03,1128.5,1146.0,1125.0,1141.300049,1630,1123.7571498571428,1094.1133341333334
2016-02-04,1142.5,1157.599976,1141.0,1157.599976,771,1128.8857248571428,1096.6366658666666
2016-02-05,1155.599976,1174.800049,1146.0,1157.800049,877,1134.8428781428572,1099.4033325333332
2016-02-08,1173.5,1200.400024,1165.0,1197.900024,931,1146.6000278571428,1103.6866658666665
2016-02-09,1188.699951,1199.199951,1186.699951,1198.699951,700,1158.3571602857141,1107.7366658666665
2016-02-10,1189.800049,1197.699951,1182.099976,1194.699951,671,1167.900007,1111.8766642333333
2016-02-11,1205.599976,1260.800049,1204.599976,1247.900024,995,1185.128574857143,1117.5566650333335
2016-02-12,1247.800049,1247.800049,1233.5,1239.099976,250,1199.099993,1123.5233317
2016-02-16,1233.099976,1233.599976,1193.599976,1207.900024,422,1206.2857141428572,1128.4433308666667
2016-02-17,1196.5,1212.900024,1196.5,1211.099976,53,1213.8999894285714,1132.9766642
2016-02-18,1209.599976,1239.199951,1201.599976,1226.099976,315,1217.9285539999998,1137.8999959333335
2016-02-19,1230.800049,1232.800049,1221.800049,1230.400024,76,1222.457135857143,1142.5166625999998
2016-02-22,1226.099976,1226.099976,1203.0,1209.5,280,1224.5714285714287,1145.9099975666666
2016-02-23,1207.400024,1226.099976,1207.400024,1222.300049,351,1220.9142892857142,1150.0599975666667
2016-02-24,1230.0,1250.099976,1230.0,1238.699951,111,1220.857142857143,1154.799995933333
2016-02-25,1239.400024,1241.5,1235.0,1238.199951,1349,1225.185703857143,1159.8866617666667
2016-02-26,1232.400024,1239.099976,1212.199951,1219.800049,656,1226.4285714285713,1164.2966634
2016-02-29,1218.599976,1241.0,1218.599976,1233.900024,580,1227.5428640000002,1169.6299967333332
2016-03-01,1240.5,1248.400024,1229.0,1230.300049,477,1227.5285818571429,1174.256665033333
2016-03-02,1232.800049,1242.599976,1226.0,1241.099976,267,1232.042864142857,1179.2966634333336
2016-03-03,1238.400024,1267.900024,1238.0,1257.400024,123,1237.0571462857145,1184.3066650333333
2016-03-04,1263.0,1279.900024,1250.900024,1269.900024,268,1241.5142995714284,1189.9999999666666
2016-03-07,1259.800049,1272.300049,1259.699951,1263.199951,67,1245.0857281428573,1195.5333333
2016-03-08,1268.699951,1276.300049,1261.0,1262.099976,43,1251.128574857143,1200.7300008
2016-03-09,1254.5,1260.0,1244.800049,1256.599976,79,1254.371425142857,1205.2266683
2016-03-10,1250.0,1273.0,1237.5,1272.0,119,1260.328561,1210.4233357666667
2016-03-11,1270.0,1280.699951,1249.400024,1258.699951,87,1262.8428431428572,1215.1933349333333
2016-03-14,1256.0,1258.0,1234.5,1244.400024,58,1260.985700285714,1219.4600016000002
2016-03-15,1228.300049,1236.0,1228.0,1230.400024,37,1255.3428431428572,1222.8766682666667
2016-03-16,1229.5,1263.800049,1228.900024,1229.300049,45,1250.5,1226.2766682666668
2016-03-17,1261.5,1270.099976,1255.900024,1264.5,27,1250.8428605714287,1230.3833333
2016-03-18,1257.099976,1264.400024,1251.5,1253.800049,542,1250.442871,1233.5900024
2016-03-21,1256.199951,1256.199951,1243.400024,1243.800049,1061,1246.4143065714286,1236.4566690666666
2016-03-22,1244.0,1252.400024,1243.800049,1248.199951,20,1244.9143065714286,1238.1333333
2016-03-23,1247.699951,1247.699951,1218.599976,1223.699951,28,1241.9571532857142,1238.9666666333333
2016-03-24,1214.199951,1221.400024,1214.199951,1221.400024,13,1240.671439,1239.8566690666667
2016-03-28,1211.5,1222.199951,1210.0,1219.900024,33,1239.3285782857145,1238.9233357333333
2016-03-29,1217.800049,1235.599976,1217.699951,1235.599976,189732,1235.2000034285716,1238.8066690666667
2016-03-30,1241.400024,1245.0,1223.400024,1226.900024,48248,1231.3571427142856,1239.4400024
2016-03-31,1225.599976,1239.599976,1224.5,1234.199951,3377,1229.9857001428572,1240.2100015666667
2016-04-01,1232.300049,1235.199951,1209.199951,1222.199951,1602,1226.2714144285715,1240.0800007333335
2016-04-04,1221.699951,1222.300049,1215.0,1218.0,2038,1225.4571357142856,1239.6666665999999
2016-04-05,1215.400024,1236.699951,1215.400024,1228.400024,477,1226.4571357142856,1240.2966674000002
2016-04-06,1230.400024,1230.400024,1217.599976,1222.5,248,1226.8285608571427,1240.3033324333333
2016-04-07,1224.800049,1242.900024,1224.599976,1236.199951,375,1226.9142715714286,1240.2199991000002
2016-04-08,1241.0,1242.800049,1232.0,1242.5,409,1229.1428395714286,1240.3633340666668
2016-04-11,1241.5,1258.699951,1241.5,1256.699951,437,1232.3571252857143,1241.5933308
2016-04-12,1260.0,1261.699951,1253.699951,1259.400024,185,1237.6714214285714,1242.4433308
2016-04-13,1256.5,1256.900024,1241.300049,1246.800049,203,1241.7857141428572,1242.9933308000002
2016-04-14,1231.400024,1243.699951,1224.5,1225.0,264,1241.2999964285716,1242.4566649333333
2016-04-15,1225.699951,1235.0,1225.699951,1233.099976,97,1242.8142787142858,1241.6466633333334
2016-04-18,1238.699951,1241.099976,1232.199951,1233.599976,304,1242.4428537142855,1240.4366617333333
2016-04-19,1231.599976,1256.199951,1228.800049,1253.0,386,1243.9428537142855,1240.0966633666665
2016-04-20,1256.099976,1256.099976,1243.0,1253.199951,180,1243.4428537142855,1239.7999958666667
2016-04-21,1247.699951,1270.599976,1247.599976,1249.0,124,1241.9571359999998,1239.5466633333335
2016-04-22,1248.5,1248.5,1228.0,1228.699951,188,1239.3714077142856,1238.1033283666668
2016-04-25,1231.599976,1240.900024,1231.599976,1238.900024,442,1241.3571254285714,1237.4433308
2016-04-26,1239.800049,1244.199951,1233.0,1242.199951,97,1242.6571218571428,1237.3699950333332
2016-04-27,1248.599976,1249.5,1248.599976,1249.199951,547,1244.8856897142857,1237.996659266667
2016-04-28,1245.900024,1270.099976,1238.5,1265.5,887,1246.6714040000002,1239.2033243
2016-04-29,1267.300049,1295.5,1267.199951,1289.199951,464,1251.8142611428573,1240.0266559999998
2016-05-02,1292.099976,1304.400024,1290.400024,1294.699951,192,1258.3428255714284,1241.3899860666668
2016-05-03,1292.699951,1301.5,1284.5,1290.699951,151,1267.1999684285713,1242.9533161333336
2016-05-04,1286.900024,1290.0,1273.0,1273.300049,109,1272.1142577142857,1243.7899860666666
2016-05-05,1282.900024,1286.0,1270.800049,1271.400024,330,1276.2856967142857,1245.3799885
2016-05-06,1278.599976,1295.599976,1276.900024,1292.900024,305,1282.5285642857143,1247.7633218333333
2016-05-09,1286.5,1286.5,1262.300049,1265.599976,341,1282.5428465714285,1249.2866535666667
2016-05-10,1265.099976,1267.400024,1258.699951,1263.900024,23,1278.9285712857143,1250.2299885
2016-05-11,1266.900024,1279.199951,1266.900024,1274.599976,50,1276.057146285714,1251.8199869000002
2016-05-12,1267.0,1281.199951,1264.0,1270.300049,101,1273.1428745714286,1253.0233235
2016-05-13,1271.400024,1275.699951,1264.599976,1271.900024,66,1272.942871,1254.6799926
2016-05-16,1272.800049,1287.800049,1272.800049,1273.400024,44,1273.2285852857144,1256.5266600666666
2016-05-17,1272.5,1281.599976,1270.800049,1276.199951,16,1270.8428605714284,1258.1199909666668
2016-05-18,1276.400024,1276.400024,1256.800049,1273.699951,17,1271.9999998571427,1259.8266560000002
2016-05-19,1248.0,1255.5,1247.5,1254.199951,69,1270.6142751428572,1260.4266559999999
2016-05-20,1256.599976,1256.599976,1252.400024,1252.400024,44,1267.4428534285714,1260.7566568
2016-05-23,1251.599976,1251.599976,1247.5,1251.099976,56,1264.699985857143,1260.5699909666664
2016-05-24,1240.0,1240.0,1228.199951,1228.900024,20,1258.557128714286,1259.5533243
2016-05-25,1219.300049,1223.5,1218.599976,1223.5,5,1251.4285538571428,1258.7766559999998
2016-05-26,1232.599976,1232.599976,1220.099976,1220.099976,199778,1243.4142717142859,1258.6133218666664
2016-05-27,1220.300049,1223.199951,1206.400024,1213.800049,63739,1234.857142857143,1257.9699909666667
2016-05-31,1212.5,1217.599976,1199.0,1214.800049,6432,1229.2285854285713,1257.3433267333335
2016-06-01,1215.699951,1219.800049,1205.400024,1211.900024,2717,1223.442871142857,1255.9733275333335
2016-06-02,1212.400024,1217.0,1209.599976,1209.800049,1627,1217.5428815714283,1254.5266641333333
2016-06-03,1209.099976,1244.5,1206.400024,1240.099976,1622,1219.1428747142857,1254.2299966666665
2016-06-06,1244.400024,1247.300049,1240.0,1244.599976,1135,1222.1571569999999,1254.7599975
2016-06-07,1244.0,1244.900024,1236.5,1244.400024,281,1225.6285924285714,1254.9433308333332
2016-06-08,1247.599976,1264.0,1247.300049,1259.800049,406,1232.200021,1255.5300007666667
2016-06-09,1262.5,1271.400024,1258.099976,1270.199951,381,1240.1142927142857,1256.2300007666665
2016-06-10,1267.599976,1278.0,1265.300049,1273.400024,397,1248.900007,1256.4933348999998
2016-06-13,1276.199951,1287.300049,1273.0,1284.400024,328,1259.5571462857145,1256.3333373333335
2016-06-14,1281.800049,1289.699951,1277.800049,1285.599976,554,1266.0571462857145,1256.0300048333334
2016-06-15,1284.599976,1296.199951,1278.800049,1285.800049,162,1271.942871,1255.8666747666664
2016-06-16,1296.300049,1316.400024,1281.099976,1296.099976,251,1279.3285784285713,1256.6266723333333
2016-06-17,1280.300049,1300.099976,1280.300049,1292.5,129,1284.0,1257.3300048666667
2016-06-20,1288.900024,1291.199951,1280.300049,1290.0,153,1286.8285784285713,1257.2333374000002
2016-06-21,1293.900024,1293.900024,1266.300049,1270.5,134,1286.4142892857142,1257.3966715333333
2016-06-22,1267.0,1269.199951,1264.900024,1268.0,53,1284.0714287142857,1257.5333374000002
2016-06-23,1263.400024,1270.5,1255.199951,1261.199951,218,1280.5857108571429,1257.0866698999998
2016-06-24,1253.699951,1355.599976,1253.699951,1320.0,694,1285.4714181428571,1258.7433349333332
2016-06-27,1330.0,1331.699951,1320.0,1322.5,92,1289.2428501428572,1260.4300007999998
2016-06-28,1314.800049,1315.599976,1314.099976,1315.300049,1072,1292.5,1261.8266683000002
2016-06-29,1311.599976,1327.400024,1311.599976,1323.900024,414,1297.3428605714287,1263.4166707333331
2016-06-30,1315.800049,1323.5,1314.5,1318.400024,560,1304.1857211428573,1264.9066731666667
2016-07-01,1324.5,1344.199951,1321.900024,1336.699951,137,1313.9999998571427,1267.656673166667
2016-07-05,1342.199951,1356.800049,1339.699951,1356.400024,90,1327.6000102857142,1271.1233398333331
2016-07-06,1359.0,1374.900024,1359.0,1364.900024,130,1334.0142994285713,1274.9166747666668
2016-07-07,1366.800049,1368.599976,1350.5,1360.099976,207,1339.3857245714285,1279.2900065
2016-07-08,1361.300049,1365.800049,1335.0,1356.599976,249,1345.2857141428572,1283.7266723666667
2016-07-11,1371.699951,1371.800049,1353.0,1355.0,26,1349.7285678571427,1288.2233398333335
2016-07-12,1353.599976,1356.0,1330.300049,1334.099976,252,1351.9714181428571,1292.2333374
2016-07-13,1341.5,1342.400024,1336.699951,1342.400024,7,1352.7857142857142,1296.4866699000002
2016-07-14,1341.400024,1341.400024,1322.699951,1331.300049,20,1349.2000035714284,1300.4666707333333
2016-07-15,1333.699951,1333.699951,1322.900024,1326.5,52,1343.7142858571428,1304.3566691
2016-07-18,1327.5,1335.0,1326.199951,1328.400024,54,1339.1857212857142,1307.3000040333334
2016-07-19,1328.5,1333.199951,1326.400024,1331.5,322,1335.6000104285715,1310.1966715
2016-07-20,1331.0,1337.5,1315.5,1318.800049,751,1330.428588857143,1312.6766723333335
2016-07-21,1312.800049,1330.5,1312.800049,1330.5,318,1329.9143065714286,1315.0333373666665
2016-07-22,1330.699951,1330.699951,1320.400024,1323.099976,55,1327.1571568571428,1316.7966715333334
2016-07-25,1315.699951,1319.300049,1313.800049,1319.300049,548,1325.442871142857,1318.3266723666668
2016-07-26,1315.199951,1320.699951,1315.199951,1320.699951,63,1324.6142927142857,1319.536669933333
2016-07-27,1326.0,1326.599976,1326.0,1326.599976,215388,1324.357143,1320.9033366
2016-07-28,1339.5,1344.300049,1330.099976,1332.300049,56908,1324.4714357142857,1322.4533366
2016-07-29,1333.199951,1353.300049,1325.800049,1349.0,6076,1328.7857144285715,1324.2166707333333
2016-08-01,1348.800049,1353.5,1345.599976,1351.400024,1257,1331.771432142857,1326.1800048666666
2016-08-02,1352.099976,1366.0,1346.599976,1364.400024,2941,1337.671439,1328.6600056666664
2016-08-03,1362.400024,1364.699951,1353.300049,1356.099976,715,1342.9285714285713,1331.5133382
2016-08-04,1354.400024,1361.599976,1347.0,1358.800049,381,1348.3714425714284,1334.5400065
2016-08-05,1357.599976,1360.800049,1333.699951,1336.400024,1107,1349.7714494285715,1337.0466756
2016-08-08,1330.0,1335.400024,1327.800049,1333.400024,587,1349.9285887142858,1337.4933430666667
2016-08-09,1331.800049,1339.400024,1328.5,1339.0,620,1348.5000172857144,1338.0433430666667
2016-08-10,1344.800049,1354.199951,1344.300049,1344.300049,110,1347.485735142857,1339.0100097333334
2016-08-11,1341.599976,1350.400024,1334.800049,1342.5,666,1344.3571602857141,1339.6300089333336
2016-08-12,1336.800049,1351.800049,1333.199951,1335.800049,113,1341.4571707142857,1340.2100097666666
2016-08-15,1336.5,1340.599976,1333.599976,1340.300049,62,1338.8143135714288,1340.3300130333332
2016-08-16,1342.199951,1355.0,1341.0,1350.5,338,1340.8285958571428,1340.1333455666668
2016-08-17,1345.5,1347.300049,1338.599976,1342.699951,135,1342.1571568571428,1339.3933431333332
2016-08-18,1351.300049,1354.400024,1348.199951,1351.199951,140,1343.900007,1339.0966756333335
2016-08-19,1350.099976,1350.099976,1338.599976,1340.400024,197,1343.3428605714287,1338.5566772333332
2016-08-22,1334.400024,1337.699951,1333.300049,1337.699951,117,1342.6571392857145,1337.9800089333332
2016-08-23,1337.0,1341.199951,1334.300049,1340.599976,551,1343.3428431428572,1338.1966756
2016-08-24,1337.199951,1337.199951,1322.900024,1324.400024,262,1341.0714110000001,1337.5966756
2016-08-25,1321.400024,1324.0,1317.0,1320.099976,58,1336.7285504285715,1337.2233398333333
2016-08-26,1323.800049,1340.5,1320.099976,1321.5,141,1333.6999859999999,1337.0566731666665
2016-08-29,1315.0,1323.0,1315.0,1322.900024,437,1329.6571392857145,1336.8733398333331
2016-08-30,1322.0,1322.099976,1308.0,1311.699951,705,1325.5571288571427,1336.2133382
2016-08-31,1310.300049,1313.699951,1306.300049,1306.900024,214,1321.1571392857145,1335.8166706999998
2016-09-01,1305.300049,1313.099976,1301.5,1312.199951,225,1317.099992857143,1335.2066690666666
2016-09-02,1309.599976,1326.699951,1309.199951,1322.099976,55,1316.7714145714287,1335.1733357333333
2016-09-06,1323.300049,1349.400024,1323.199951,1349.400024,46,1320.9571357142856,1336.1766682333332
2016-09-07,1348.400024,1350.5,1343.900024,1344.300049,14,1324.2142855714285,1336.9633381666667
2016-09-08,1344.800049,1345.400024,1335.699951,1336.800049,30,1326.2000034285716,1337.3033406
2016-09-09,1338.5,1338.5,1328.0,1330.099976,35,1328.8285784285713,1337.2300048333334
2016-09-12,1327.0,1329.300049,1319.900024,1321.0,177,1330.8428607142855,1336.2966715
2016-09-13,1324.599976,1324.599976,1315.0,1319.0,79,1331.8142962857144,1335.2166707
2016-09-14,1319.199951,1322.300049,1319.199951,1321.5,73,1331.7285854285713,1333.7866699
2016-09-15,1320.699951,1320.699951,1310.800049,1313.5,37,1326.6000105714286,1332.3666707
2016-09-16,1312.199951,1312.599976,1305.800049,1305.800049,4,1321.1000105714286,1330.6000040333333
2016-09-19,1313.5,1313.5,1313.5,1313.5,20,1317.7714321428573,1329.8366698999998
2016-09-20,1313.699951,1313.699951,1313.699951,1313.699951,97,1315.4285714285713,1329.1800008
2016-09-21,1326.300049,1326.900024,1324.0,1326.900024,76,1316.271432,1328.7766682666668
2016-09-22,1338.599976,1340.400024,1338.199951,1340.400024,23,1319.3285782857145,1328.646667433333
2016-09-23,1337.199951,1337.199951,1337.199951,1337.199951,40,1321.5714284285714,1328.4699991333332
2016-09-26,1335.199951,1341.800049,1335.199951,1339.699951,24,1325.3142785714285,1328.5999958666666
2016-09-27,1328.0,1328.699951,1325.900024,1325.900024,48,1328.1857035714288,1328.1199950333335
2016-09-28,1319.400024,1319.400024,1319.400024,1319.400024,10551,1329.0285641428575,1327.0833291666668
2016-09-29,1321.199951,1325.0,1314.699951,1321.699951,6108,1330.1714212857144,1326.3833291666667
2016-09-30,1320.599976,1327.699951,1312.900024,1313.300049,868,1328.2285677142859,1325.1199990999999
2016-10-03,1313.5,1316.800049,1308.199951,1309.0,299,1323.74285,1324.0733316333333
2016-10-04,1307.599976,1310.199951,1266.300049,1266.300049,1893,1313.6142925714285,1321.6933348999999
2016-10-05,1272.099976,1274.0,1261.300049,1265.199951,246,1302.9714354285716,1319.1800007333334
2016-10-06,1265.300049,1265.300049,1249.800049,1249.800049,114,1292.1000104285715,1316.6933348999999
2016-10-07,1253.900024,1263.599976,1248.900024,1248.900024,169,1282.0285818571429,1314.3200031666668
2016-10-11,1258.900024,1258.900024,1253.0,1253.0,26,1272.214303142857,1312.0366698333335
2016-10-12,1251.699951,1254.0,1251.099976,1251.099976,127,1263.3285784285713,1309.6433349
2016-10-13,1258.699951,1259.0,1255.0,1255.0,315,1255.6142927142857,1307.7533365333331
2016-10-14,1253.900024,1253.900024,1250.599976,1253.099976,311,1253.7285680000002,1305.9600016000002
2016-10-17,1249.900024,1255.0,1249.900024,1254.400024,41,1252.1857212857142,1304.0333373666667
2016-10-18,1260.900024,1261.699951,1260.800049,1260.800049,11,1253.757149857143,1301.9900064666667
2016-10-19,1262.900024,1271.5,1262.900024,1267.900024,219,1256.4714355714284,1299.2733398000003
2016-10-20,1270.0,1270.5,1265.5,1265.599976,415,1258.271432142857,1296.6500040333335
2016-10-21,1265.900024,1265.900024,1265.900024,1265.900024,224,1260.3857247142857,1294.2866698666664
2016-10-24,1269.199951,1269.199951,1261.800049,1262.0,42,1261.3857247142857,1292.0166706666666
2016-10-25,1264.099976,1274.099976,1264.099976,1271.900024,61,1264.071445857143,1290.3800048
2016-10-26,1274.0,1274.0,1264.800049,1264.800049,279,1265.5571637142857,1288.5733397666665
2016-10-27,1269.400024,1269.400024,1267.900024,1267.900024,338,1266.571445857143,1286.7866738999999
2016-10-28,1270.300049,1281.5,1262.0,1275.5,560,1267.6571567142855,1285.5200072333332
2016-10-31,1276.599976,1276.599976,1271.5,1271.5,58,1268.5000172857144,1284.3766722666667
2016-11-01,1279.300049,1290.699951,1279.0,1286.400024,49,1271.4285887142855,1283.4733397333334
2016-11-02,1288.300049,1307.0,1288.300049,1306.800049,30,1277.8285957142855,1283.2433429999999
2016-11-03,1296.400024,1303.099976,1287.300049,1302.099976,73,1282.1428745714286,1282.4166747333331
2016-11-04,1300.0,1303.300049,1296.699951,1303.300049,11,1287.6428745714288,1281.1800089
2016-11-07,1292.0,1294.5,1278.300049,1278.300049,34,1289.1285924285714,1279.2166788333334
2016-11-08,1284.099976,1289.400024,1273.199951,1273.400024,50,1288.8285958571428,1277.0066812666666
2016-11-09,1272.199951,1318.599976,1270.0,1272.599976,108,1288.9857352857143,1275.2300129999999
2016-11-10,1274.400024,1287.5,1253.300049,1265.5,63,1286.0000175714285,1273.4333455333333
2016-11-14,1227.800049,1229.5,1210.400024,1221.199951,216,1273.771432142857,1270.0833455333334
2016-11-15,1224.300049,1226.0,1222.5,1224.0,20,1262.614292714286,1267.1066772333334
2016-11-16,1229.300049,1229.300049,1223.0,1223.400024,66,1251.2000034285716,1264.2533446999998
2016-11-17,1224.599976,1225.0,1211.0,1216.5,1139,1242.371425,1262.5933430666666
2016-11-18,1211.900024,1211.900024,1207.199951,1208.5,607,1233.099993,1260.7033447
2016-11-21,1209.599976,1209.599976,1209.599976,1209.599976,19,1224.099993,1259.363342266667
2016-11-22,1210.400024,1211.099976,1207.599976,1211.0,19,1216.3142787142858,1258.1000081333334
2016-11-23,1212.800049,1213.800049,1186.800049,1189.099976,309,1211.728568,1255.9700073333333
2016-11-25,1177.0,1189.300049,1177.0,1178.199951,14,1205.185703857143,1253.5400065
2016-11-28,1188.0,1190.599976,1188.0,1190.599976,189914,1200.4999827142856,1251.3933390333332
2016-11-29,1193.199951,1194.800049,1179.400024,1187.900024,42124,1196.4142718571427,1249.2200073
2016-11-30,1187.099976,1193.300049,1167.900024,1170.800049,7158,1191.0285645714284,1246.4333414666664
2016-12-01,1172.699951,1174.599976,1160.0,1166.900024,1588,1184.9285714285713,1243.3033406333334
2016-12-02,1172.300049,1177.300049,1166.400024,1175.099976,1521,1179.7999965714284,1240.2100056999998
2016-12-05,1181.800049,1186.699951,1157.0,1174.0,358,1177.642857142857,1237.1566731666667
2016-12-06,1170.900024,1174.5,1167.099976,1167.599976,652,1176.128575,1233.8800048999997
2016-12-07,1167.699951,1178.5,1166.400024,1175.0,182,1173.9000070000002,1230.9800048999998
2016-12-08,1173.800049,1177.800049,1169.099976,1169.800049,322,1171.3142962857144,1227.5766724
2016-12-09,1166.599976,1168.800049,1156.0,1159.400024,365,1169.6857212857144,1224.0633382333333
2016-12-12,1158.300049,1163.900024,1153.0,1163.5,331,1169.2000035714286,1220.5833374333333
2016-12-13,1163.5,1164.0,1155.400024,1156.699951,637,1166.5714285714287,1216.6233358
2016-12-14,1159.800049,1164.0,1142.0,1161.300049,487,1164.7571498571428,1212.9500041
2016-12-15,1139.800049,1143.300049,1123.900024,1127.800049,244,1159.071446,1207.6633382666666
2016-12-16,1126.900024,1140.900024,1126.900024,1135.300049,146,1153.4000244285714,1201.9466716
2016-12-19,1139.400024,1140.699951,1137.900024,1140.5,249,1149.214303142857,1196.5600057333334
2016-12-20,1133.5,1133.5,1126.5,1131.5,46,1145.2285854285715,1190.8333374333333
2016-12-21,1136.099976,1136.099976,1130.0,1131.099976,50,1140.6000105714286,1185.9266683333333
2016-12-22,1131.199951,1132.800049,1128.300049,1128.800049,104,1136.6143102857143,1181.1066691666667
2016-12-23,1130.900024,1132.800049,1130.300049,1131.900024,70,1132.4143067142857,1176.4166707666666
2016-12-27,1134.300049,1142.199951,1134.300049,1137.300049,84,1133.7714495714285,1172.1433390666668
2016-12-28,1141.199951,1141.199951,1138.0,1139.400024,1570,1134.3571602857141,1169.4166748333332
2016-12-29,1143.800049,1158.800049,1143.599976,1156.400024,950,1136.6285922857144,1167.1633422999998
2016-12-30,1162.0,1162.0,1150.0,1150.0,16,1139.2714494285715,1164.7166748333334
2017-01-03,1155.199951,1160.800049,1146.5,1160.400024,52,1143.4571705714286,1162.8466756333335
2017-01-04,1156.300049,1165.0,1156.300049,1163.800049,36,1148.4571705714286,1161.3566772666668
2017-01-05,1172.0,1183.300049,1171.5,1179.699951,500,1155.2857315714286,1160.3600097666667
2017-01-06,1176.5,1176.5,1171.900024,1171.900024,16,1160.2285851428571,1159.0566772333332
2017-01-09,1173.900024,1183.599976,1173.0,1183.5,62,1166.5285817142856,1158.8700113666666
2017-01-10,1184.300049,1188.900024,1182.300049,1184.199951,8,1170.4999998571427,1159.0700113666667
2017-01-11,1187.5,1197.0,1176.5,1195.599976,20,1177.0142821428574,1159.2366780333332
2017-01-12,1192.699951,1204.300049,1192.300049,1198.900024,110,1182.514282142857,1159.6033447
2017-01-13,1195.699951,1196.0,1187.699951,1195.300049,65,1187.0142821428574,1160.4200113666666
2017-01-17,1205.5,1214.599976,1200.800049,1212.0,79,1191.6285748571427,1161.9233438999997
2017-01-18,1213.599976,1214.699951,1203.099976,1211.300049,114,1197.2571498571428,1163.1300130000002
2017-01-19,1200.5,1204.0,1195.800049,1200.900024,26,1199.7428675714286,1164.0266804666667
2017-01-20,1202.800049,1212.099976,1202.800049,1204.300049,38,1202.614310142857,1165.2500162333336
2017-01-23,1212.0,1215.0,1210.0,1215.0,16,1205.385742142857,1166.5833495666668
2017-01-24,1219.0,1219.0,1207.699951,1210.300049,24,1207.0143171428572,1167.9333495666665
2017-01-25,1202.0,1202.800049,1194.900024,1197.300049,403,1207.3000314285714,1169.1966837333334
2017-01-26,1199.699951,1199.699951,1185.599976,1189.5,19,1204.0857457142858,1170.0633504
2017-01-27,1187.900024,1188.300049,1187.900024,1188.099976,234352,1200.7714495714285,1171.1100179
2017-01-30,1191.699951,1198.5,1187.099976,1193.199951,50503,1199.6714391428573,1172.1733479666666
2017-01-31,1194.900024,1214.699951,1193.5,1208.599976,3212,1200.2857144285715,1174.8666788666667
2017-02-01,1211.900024,1211.900024,1197.900024,1205.599976,1145,1198.9428538571428,1177.2100097666666
2017-02-02,1209.699951,1224.199951,1208.900024,1216.699951,1512,1199.8571255714285,1179.7500081333335
2017-02-03,1214.900024,1220.599976,1206.199951,1218.5,865,1202.8856900000003,1182.6500081333334
2017-02-06,1221.900024,1235.400024,1218.5,1230.0,908,1208.6714042857145,1185.9466756000002
2017-02-07,1234.199951,1236.199951,1228.5,1234.199951,1177,1215.257115,1189.4600056666666
2017-02-08,1232.099976,1243.900024,1231.0,1237.599976,288,1221.5999757142856,1192.9833374000002
2017-02-09,1239.400024,1243.5,1226.900024,1235.099976,885,1225.3856899999998,1196.2433349666667
2017-02-10,1227.599976,1234.400024,1221.5,1234.400024,391,1229.4999825714287,1199.4100016333334
2017-02-13,1230.5,1231.099976,1219.0,1224.400024,398,1230.599993,1201.6766682999998
2017-02-14,1225.900024,1233.5,1222.099976,1223.900024,159,1231.371425,1204.1400024333334
2017-02-15,1225.5,1231.699951,1217.300049,1231.699951,175,1231.6142751428572,1206.5166666666667
2017-02-16,1234.5,1240.699951,1233.199951,1240.0,87,1232.4428535714285,1209.0566650333335
2017-02-17,1240.699951,1241.199951,1234.800049,1237.599976,301,1232.4428535714287,1210.9866658666665
2017-02-21,1237.300049,1237.5,1228.099976,1237.5,119,1232.7857141428572,1213.1733317333335
2017-02-22,1236.099976,1238.599976,1231.800049,1232.0,36,1232.4428535714287,1214.7899984
2017-02-23,1236.099976,1250.300049,1236.099976,1250.199951,112,1236.1285574285714,1216.9899984
2017-02-24,1250.0,1258.800049,1250.0,1256.900024,1264,1240.8428431428572,1219.0333333333333
2017-02-27,1254.699951,1263.099976,1250.400024,1257.400024,544,1244.514282142857,1220.9833333333333
2017-02-28,1253.599976,1257.300049,1247.199951,1252.599976,721,1246.3142787142856,1222.8933309
2017-03-01,1247.800049,1248.900024,1236.900024,1248.900024,138,1247.9285712857143,1224.1233317
2017-03-02,1247.199951,1247.599976,1230.699951,1231.900024,79,1247.1285747142858,1224.8099975333332
2017-03-03,1231.699951,1235.199951,1222.900024,1225.5,121,1246.2000032857143,1225.6299967333334
2017-03-06,1235.199951,1235.199951,1224.5,1224.5,29,1242.5285817142856,1226.3033284333333
2017-03-07,1224.300049,1225.400024,1213.699951,1215.099976,53,1236.5571462857145,1226.3066609666666
2017-03-08,1212.199951,1212.199951,1206.699951,1208.5,24,1229.5714285714287,1226.2466593333334
2017-03-09,1204.5,1205.599976,1202.300049,1202.400024,37,1222.400006857143,1226.4166585
2017-03-10,1196.199951,1203.300049,1196.199951,1200.699951,3,1215.514282142857,1226.7899902
2017-03-13,1206.199951,1210.0,1202.300049,1202.400024,35,1211.2999964285716,1227.2666584666665
2017-03-14,1203.099976,1205.900024,1196.800049,1201.900024,22,1207.9285712857143,1227.5566609000002
2017-03-15,1198.199951,1221.199951,1197.699951,1200.099976,36,1204.4428535714287,1227.2733275666665
2017-03-16,1222.199951,1231.400024,1222.199951,1226.5,47,1206.0714284285714,1227.9699950333334
2017-03-17,1227.099976,1230.900024,1227.099976,1229.800049,26,1209.1142925714287,1228.4066649666668
2017-03-20,1229.300049,1234.400024,1229.300049,1233.599976,23,1213.5714285714287,1228.9099975
2017-03-21,1226.400024,1246.099976,1226.400024,1246.099976,11,1220.0571464285713,1229.4466633666666
2017-03-22,1247.900024,1249.5,1247.699951,1249.300049,3,1226.75715,1229.9499999666666
2017-03-23,1246.400024,1247.5,1244.800049,1246.900024,16,1233.1857214285715,1230.2600015666665
2017-03-24,1248.0,1248.300049,1247.599976,1248.199951,3,1240.0571464285713,1230.6966674
2017-03-27,1255.800049,1257.699951,1253.800049,1255.400024,72,1244.1857212857142,1231.3966674
2017-03-28,1255.900024,1255.900024,1255.300049,1255.300049,19,1247.8285784285715,1232.4266682333334
2017-03-29,1252.199951,1253.400024,1252.099976,1253.400024,190678,1250.6571567142857,1233.4100015666666
2017-03-30,1253.099976,1253.599976,1241.099976,1245.0,51328,1250.5000172857144,1233.853336533333
2017-03-31,1242.099976,1248.800049,1238.699951,1247.300049,8223,1250.2143030000002,1234.0966715
2017-04-03,1247.5,1252.400024,1243.599976,1250.800049,1160,1250.7714494285715,1234.5366739333333
2017-04-04,1253.099976,1260.300049,1253.0,1255.0,724,1251.742885,1235.1200072666666
2017-04-05,1255.400024,1255.400024,1243.0,1245.400024,907,1250.3143135714286,1235.5666747333335
2017-04-06,1256.099976,1257.5,1249.0,1250.300049,169,1249.6000278571428,1235.5700113333332
2017-04-07,1249.5,1269.099976,1249.5,1254.300049,445,1249.728602857143,1235.4833455
2017-04-10,1252.699951,1255.199951,1246.800049,1251.099976,182,1250.600028,1235.2733439
2017-04-11,1254.5,1273.5,1254.5,1271.199951,401,1254.0142997142855,1235.8933430666666
2017-04-12,1275.0,1285.099976,1272.0,1275.300049,492,1257.514299714286,1236.7733439
2017-04-13,1285.300049,1287.599976,1282.0,1285.900024,915,1261.928588857143,1238.5733438999998
2017-04-17,1291.800049,1294.800049,1284.300049,1289.400024,73,1268.214303142857,1240.7033447
2017-04-18,1283.900024,1291.699951,1278.599976,1291.699951,394,1274.128574857143,1242.9433430666666
2017-04-19,1288.0,1288.0,1274.0,1281.400024,194,1277.9999998571427,1245.1533446666667
2017-04-20,1279.699951,1281.900024,1276.199951,1281.900024,127,1282.4000067142858,1247.6000121333334
2017-04-21,1279.800049,1287.400024,1279.199951,1287.400024,474,1284.714302857143,1250.4333454666667
2017-04-24,1275.0,1276.400024,1265.0,1275.800049,605,1284.7857314285716,1252.9366820666667
2017-04-25,1275.599976,1276.900024,1262.099976,1265.599976,356,1281.8857245714285,1255.0433471333333
2017-04-26,1266.0,1266.0,1262.099976,1262.099976,1156,1277.9857177142856,1257.0500122
2017-04-27,1266.699951,1267.199951,1262.199951,1263.699951,206,1273.9857177142858,1259.1700113666666
2017-04-28,1265.900024,1267.199951,1264.699951,1266.099976,85,1271.7999965714284,1260.4900105666668
2017-05-01,1268.699951,1269.300049,1253.300049,1253.300049,34,1267.7142858571428,1261.2733438999999
2017-05-02,1256.199951,1256.199951,1251.199951,1255.099976,90,1263.0999932857142,1261.9900105666666
2017-05-03,1255.099976,1255.800049,1238.699951,1246.400024,195,1258.8999897142858,1262.0000121666667
2017-05-04,1239.800049,1239.800049,1224.199951,1226.5,72,1253.3142788571429,1261.2400105333334
2017-05-05,1227.0,1233.699951,1224.800049,1224.800049,16,1247.9857178571426,1260.5033446999998
2017-05-08,1224.0,1234.0,1224.0,1225.300049,43,1242.5000175714285,1259.7400146333334
2017-05-09,1226.099976,1226.199951,1214.0,1214.300049,55,1235.100028,1258.3700154666667
2017-05-10,1219.800049,1220.199951,1217.300049,1217.300049,23,1229.9571708571427,1257.1033487999998
2017-05-11,1218.5,1222.699951,1218.300049,1222.699951,13,1225.3285958571428,1256.0800130333334
2017-05-12,1228.0,1229.5,1226.099976,1226.199951,29,1222.442871142857,1255.4533447333336
2017-05-15,1227.5,1232.699951,1227.5,1228.599976,13,1222.7428677142857,1254.8300089666666
2017-05-16,1230.400024,1237.300049,1230.400024,1235.0,20,1224.2000035714284,1254.3033406666666
2017-05-17,1241.0,1259.199951,1240.699951,1257.5,26,1228.7999965714287,1254.386674
2017-05-18,1254.800049,1260.0,1245.800049,1251.699951,43,1234.1428397142859,1254.5966715666666
2017-05-19,1252.699951,1252.699951,1252.699951,1252.699951,14,1239.1999685714286,1254.6766682999998
2017-05-22,1251.699951,1260.699951,1251.699951,1260.699951,14,1244.62854,1254.8899983666668
2017-05-23,1261.5,1261.599976,1250.599976,1254.800049,20,1248.714268285714,1255.0133341333333
2017-05-24,1251.900024,1257.800049,1249.699951,1252.400024,14,1252.1142751428572,1254.3866699
2017-05-25,1257.099976,1258.300049,1255.800049,1255.800049,11,1255.0857107142858,1253.7366699
2017-05-26,1267.599976,1267.599976,1267.599976,1267.599976,271457,1256.5285644285716,1253.1266683000001
2017-05-30,1267.400024,1270.0,1258.400024,1262.099976,129819,1258.0142822857142,1252.2166667
2017-05-31,1262.400024,1273.199951,1258.5,1272.0,2712,1260.771432142857,1251.5600016666665
2017-06-01,1268.0,1269.199951,1260.800049,1267.0,825,1261.6714391428573,1251.0800008666668
2017-06-02,1265.199951,1279.0,1259.0,1276.800049,1732,1264.8142962857144,1250.9100016999998
2017-06-05,1279.199951,1282.0,1277.0,1279.300049,433,1268.6571569999999,1250.6400025333335
2017-06-06,1279.400024,1295.199951,1279.400024,1294.400024,942,1274.1714391428573,1251.2600017
2017-06-07,1291.599976,1293.099976,1284.300049,1290.099976,641,1277.3857248571428,1252.0766683666668
2017-06-08,1285.400024,1287.599976,1268.099976,1276.300049,319,1279.4143067142857,1252.5500041333332
2017-06-09,1277.900024,1277.900024,1264.599976,1268.5,467,1278.9143067142857,1252.7100057666664
2017-06-12,1266.400024,1269.300049,1263.199951,1266.099976,255,1278.7857318571428,1252.7100057666664
2017-06-13,1264.099976,1266.900024,1259.699951,1265.800049,150,1277.2143032857143,1253.1266724333334
2017-06-14,1269.400024,1278.0,1256.800049,1272.800049,336,1276.2857318571428,1253.7166748666668
2017-06-15,1263.199951,1264.199951,1250.300049,1252.199951,743,1270.25715,1253.9100057666667
2017-06-16,1252.800049,1255.300049,1251.300049,1254.0,34,1265.1000105714286,1254.8266724333334
2017-06-19,1252.099976,1252.199951,1241.900024,1244.199951,108,1260.5142822857144,1255.4733358333333
2017-06-20,1242.199951,1245.5,1240.5,1241.0,75,1256.585710857143,1255.9966675333333
2017-06-21,1244.099976,1245.0,1240.0,1243.400024,205,1253.3428605714287,1256.9666667
2017-06-22,1251.0,1252.699951,1246.300049,1247.599976,156,1250.7428501428572,1257.9766642666666
2017-06-23,1250.0,1273.599976,1249.800049,1256.199951,269,1248.3714075714286,1259.0933309333334
2017-06-26,1260.199951,1260.199951,1241.599976,1246.300049,194,1247.5285644285711,1259.7633342
2017-06-27,1251.599976,1251.800049,1245.900024,1246.400024,111,1246.4428535714285,1260.3566691333333
2017-06-28,1248.5,1248.5,1248.0,1248.0,370,1246.9857177142858,1260.7900024666667
2017-06-29,1248.199951,1250.699951,1238.099976,1244.199951,540,1247.4428535714287,1260.3466675000002
2017-06-30,1243.699951,1243.699951,1239.099976,1240.699951,43,1247.0571288571427,1259.9800008333332
2017-07-03,1236.0,1236.0,1217.900024,1217.900024,33,1242.8142785714285,1258.8200032666668
2017-07-05,1222.5,1225.0,1217.099976,1220.400024,40,1237.7000032857143,1257.4766723666667
2017-07-06,1225.099976,1225.099976,1222.199951,1222.199951,5,1234.257132142857,1256.3900024333334
2017-07-07,1219.099976,1220.400024,1208.599976,1208.599976,116,1228.8571252857143,1254.9300008333335
2017-07-10,1211.400024,1212.099976,1209.599976,1212.099976,28,1223.7285504285715,1253.4733317333335
2017-07-11,1208.699951,1214.900024,1208.699951,1213.599976,12,1219.3571254285714,1251.6733317333333
2017-07-12,1218.300049,1219.400024,1217.900024,1218.099976,7,1216.1285575714285,1250.2066650666668
2017-07-13,1221.400024,1221.400024,1216.300049,1216.300049,7,1215.8999897142858,1248.3500000333333
2017-07-14,1214.900024,1227.5,1214.800049,1226.599976,23,1216.785697142857,1247.0033325666666
2017-07-17,1229.900024,1233.400024,1229.900024,1232.800049,7,1218.2999968571428,1245.5366659000001
2017-07-18,1236.199951,1241.199951,1236.199951,1241.099976,29,1222.9428540000001,1244.2633301333333
2017-07-19,1240.400024,1241.199951,1240.099976,1241.199951,3,1227.0999932857142,1242.489994366667
2017-07-20,1236.599976,1244.800049,1236.599976,1244.800049,5,1231.5571465714286,1240.9799968
2017-07-21,1250.699951,1254.300049,1250.5,1254.300049,16,1236.7285855714285,1240.2466634666666
2017-07-24,1256.0,1256.0,1253.900024,1253.900024,8,1242.1000105714286,1239.7599976
2017-07-25,1252.699951,1253.599976,1249.199951,1251.699951,18,1245.6857212857142,1239.2799967666667
2017-07-26,1244.800049,1249.0,1244.800049,1249.0,7,1248.0,1238.7199951333334
2017-07-27,1259.599976,1259.599976,1259.599976,1259.599976,220309,1250.642857142857,1238.2799927
2017-07-28,1258.400024,1270.0,1256.900024,1268.400024,64180,1254.5285818571429,1238.8199951333334
2017-07-31,1268.900024,1270.800049,1265.800049,1266.599976,7780,1257.642857142857,1239.2399943333332
2017-08-01,1268.400024,1273.300049,1262.0,1272.599976,1061,1260.2571324285714,1240.1866618333333
2017-08-02,1268.5,1272.099976,1262.900024,1271.800049,393,1262.8142788571427,1241.2133301333336
2017-08-03,1265.900024,1269.800049,1256.599976,1267.800049,878,1265.1142928571428,1242.0266643
2017-08-04,1269.0,1269.599976,1253.900024,1258.300049,521,1266.442871285714,1242.3833334
2017-08-07,1258.699951,1259.099976,1255.300049,1258.199951,260,1266.2428677142857,1242.4500000666667
2017-08-08,1256.900024,1264.099976,1251.400024,1256.400024,555,1264.5285820000001,1242.7866659000001
2017-08-09,1260.199951,1277.800049,1260.199951,1273.0,574,1265.442871142857,1243.6733317666667
2017-08-10,1276.599976,1287.400024,1274.900024,1283.699951,608,1267.0285818571429,1244.8633301333332
2017-08-11,1286.300049,1291.099976,1282.0,1287.699951,139,1269.2999964285716,1246.3133301333332
2017-08-14,1288.400024,1288.400024,1278.800049,1284.199951,338,1271.6428395714286,1247.7633301333335
2017-08-15,1280.5,1280.5,1267.400024,1273.699951,188,1273.8428255714284,1249.6233277
2017-08-16,1271.300049,1282.599976,1269.400024,1276.900024,110,1276.5142645714284,1251.5066610333333
2017-08-17,1283.800049,1288.5,1283.199951,1286.400024,43,1280.7999788571428,1253.646663466667
2017-08-18,1288.599976,1300.699951,1284.300049,1285.699951,358,1282.6142575714287,1256.2166626333333
2017-08-21,1285.199951,1290.800049,1284.699951,1290.800049,18,1283.6285572857144,1258.8399984
2017-08-22,1287.199951,1288.400024,1283.199951,1285.099976,100,1283.2571322857143,1261.2233317333335
2017-08-23,1289.400024,1289.400024,1286.900024,1288.900024,250,1283.9285712857143,1263.5833333333333
2017-08-24,1288.699951,1288.699951,1284.0,1286.5,550,1285.7571497142858,1265.9233317
2017-08-25,1285.400024,1292.699951,1280.300049,1292.5,280,1287.9857177142856,1268.1199991666667
2017-08-28,1293.5,1311.300049,1293.5,1309.699951,145,1291.3142787142858,1270.683329233333
2017-08-29,1318.800049,1323.800049,1313.099976,1313.099976,1178,1295.228568,1273.0833292333334
2017-08-30,1308.199951,1312.5,1304.900024,1308.099976,1178,1297.6999861428571,1275.3133300666666
2017-08-31,1306.599976,1322.300049,1301.699951,1316.199951,373,1302.1428397142859,1277.6933268
2017-09-01,1320.199951,1327.699951,1316.900024,1324.5,313,1307.2285505714285,1280.0333251666668
2017-09-05,1335.199951,1339.199951,1328.599976,1339.199951,39,1314.757115,1282.8766560666666
2017-09-06,1340.0,1340.300049,1332.599976,1333.900024,20,1320.6714041428572,1285.6166584999999
2017-09-07,1336.400024,1349.0,1336.400024,1345.099976,26,1325.7285505714285,1288.819991033333
2017-09-08,1351.0,1355.800049,1345.599976,1346.0,37,1330.428554,1291.6999918333333
2017-09-11,1331.0,1331.0,1327.300049,1331.0,9,1333.699986,1293.7866576999998
2017-09-12,1327.0,1328.0,1325.199951,1328.0,15,1335.3857072857143,1295.8333251666666
2017-09-13,1323.400024,1323.400024,1323.400024,1323.400024,16,1335.228567857143,1297.5266601
2017-09-14,1319.599976,1329.300049,1319.599976,1324.699951,316,1333.1571392857143,1299.2899901666667
2017-09-15,1320.599976,1321.199951,1319.800049,1320.400024,15,1331.228567857143,1301.0433226666667
2017-09-18,1309.800049,1310.400024,1306.0,1306.300049,129,1325.6857211428573,1302.6433226666668
2017-09-19,1307.900024,1310.300049,1305.099976,1306.199951,20,1319.9999998571427,1304.2433226666665
2017-09-20,1312.0,1312.0,1298.699951,1312.0,12,1317.2857141428572,1306.0966551999998
2017-09-21,1299.099976,1304.099976,1290.300049,1290.599976,336,1311.9428535714287,1306.6833210666666
2017-09-22,1295.0,1295.699951,1293.300049,1293.300049,209,1307.642857142857,1307.0033243333335
2017-09-25,1293.099976,1309.199951,1291.0,1306.800049,51,1305.0857282857141,1307.6399942666665
2017-09-26,1304.5,1305.599976,1297.0,1297.0,39,1301.7428677142857,1308.0666625666665
2017-09-27,1283.400024,1283.400024,1283.400024,1283.400024,19488,1298.4714355714289,1308.3899983333333
2017-09-28,1283.099976,1288.0,1277.0,1285.5,5226,1295.5142997142855,1308.6766642
2017-09-29,1284.199951,1289.400024,1281.5,1281.5,492,1291.1571568571428,1308.5133300666666
2017-10-02,1275.0,1276.099976,1270.400024,1272.699951,136,1288.6000104285715,1308.0799967333335
2017-10-03,1269.699951,1273.300049,1268.599976,1271.5,192,1285.4857177142858,1307.4366617666667
2017-10-04,1273.800049,1280.800049,1270.0,1273.699951,218,1280.7571322857143,1307.0566609333332
2017-10-05,1277.800049,1277.800049,1267.599976,1269.900024,36,1276.8857071428572,1306.4233276
2017-10-06,1267.599976,1272.0,1260.5,1271.599976,46,1275.199986,1305.9266601333331
2017-10-09,1280.599976,1284.0,1279.0,1281.800049,19,1274.6714215714287,1305.5699951
2017-10-10,1282.599976,1293.0,1281.699951,1290.599976,18,1275.9714181428571,1304.9333292666668
2017-10-11,1287.300049,1292.0,1284.900024,1285.800049,21,1277.8428607142855,1304.0233316999997
2017-10-12,1291.5,1294.5,1289.300049,1293.300049,14,1280.9571534285715,1303.5300008000002
2017-10-13,1293.300049,1301.699951,1291.699951,1301.5,74,1284.9285889999999,1303.0400024333333
2017-10-16,1302.0,1303.800049,1291.900024,1299.900024,173,1289.2143032857143,1302.2200032333333
2017-10-17,1295.099976,1295.099976,1283.0,1283.0,571,1290.8428781428572,1300.3466715333334
2017-10-18,1279.900024,1279.900024,1279.900024,1279.900024,163,1290.5714460000002,1298.5466715333334
2017-10-19,1286.400024,1286.900024,1285.099976,1286.900024,134,1290.0428814285715,1296.6066731333335
2017-10-20,1279.599976,1279.599976,1277.400024,1277.400024,304,1288.8428778571429,1294.3200072666666
2017-10-23,1274.699951,1280.800049,1271.5,1277.699951,115,1286.6142924285716,1292.5433389666666
2017-10-24,1275.5,1275.5,1273.699951,1275.0,111,1282.8285781428572,1290.7766723
2017-10-25,1269.900024,1275.400024,1269.900024,1275.400024,105,1279.3285781428572,1289.1766723
2017-10-26,1273.5,1273.5,1264.699951,1266.300049,39,1276.942870857143,1287.2300088999998
2017-10-27,1268.400024,1268.5,1267.099976,1268.5,567,1275.314296,1285.5000081
2017-10-30,1270.0,1274.099976,1267.900024,1274.099976,222,1273.4857177142856,1284.4266723333333
2017-10-31,1273.099976,1274.599976,1266.099976,1267.0,235,1272.0,1283.1200073
2017-11-01,1272.199951,1274.800049,1270.300049,1274.099976,78,1271.4857178571426,1281.8566731666667
2017-11-02,1274.900024,1274.900024,1274.900024,1274.900024,70,1271.4714355714284,1281.333341433333
2017-11-03,1265.300049,1267.900024,1265.300049,1266.5,75,1270.2000035714284,1280.4400064666665
2017-11-06,1269.0,1280.5,1269.0,1279.400024,128,1272.0714285714287,1279.5266723
2017-11-07,1276.800049,1276.800049,1270.400024,1273.699951,11,1272.8142787142858,1278.7500040000002
2017-11-08,1275.900024,1284.900024,1274.699951,1281.599976,15,1273.8857072857143,1278.6900024
2017-11-09,1279.699951,1286.900024,1279.699951,1285.599976,18,1276.5428467142858,1278.6933349333333
2017-11-10,1283.5,1283.5,1272.400024,1272.400024,10,1276.2999964285716,1278.3900024
2017-11-13,1277.300049,1277.300049,1277.0,1277.300049,3,1276.642857142857,1278.5433389999998
2017-11-14,1276.900024,1281.5,1276.900024,1281.5,4,1278.7857142857142,1278.876672333333
2017-11-15,1281.400024,1284.699951,1275.900024,1276.5,13,1278.371425142857,1278.9700073
2017-11-16,1277.5,1277.5,1277.400024,1277.400024,43,1278.900007,1279.2200073
2017-11-17,1288.300049,1295.800049,1288.300049,1295.800049,1,1280.928588857143,1280.0266764
2017-11-20,1274.599976,1275.900024,1274.599976,1274.599976,1,1279.3571602857141,1279.7866739666667
2017-11-21,1281.099976,1281.099976,1281.099976,1281.099976,4,1280.6000105714286,1279.4700073
2017-11-22,1284.699951,1291.599976,1282.900024,1291.599976,4,1282.6428572857144,1279.6633382
2017-11-24,1286.699951,1286.699951,1286.699951,1286.699951,0,1283.3857074285713,1279.4433349333333
2017-11-27,1293.800049,1293.800049,1293.800049,1293.800049,1,1285.857143,1279.1866698999997
2017-11-28,1294.699951,1294.699951,1294.699951,1294.699951,275442,1288.328561142857,1279.0133341333335
2017-11-29,1293.400024,1296.199951,1281.099976,1282.099976,47244,1286.371407857143,1278.9833333333333
2017-11-30,1283.099976,1284.5,1269.699951,1273.199951,3049,1286.1714042857145,1278.7599975666667
2017-12-01,1274.099976,1288.599976,1271.0,1278.800049,823,1285.8428432857143,1278.4899983999999
2017-12-04,1272.5,1276.099976,1270.300049,1274.300049,850,1283.3714251428573,1278.3866659000003
2017-12-05,1275.400024,1275.800049,1260.0,1261.599976,1499,1279.7857144285715,1277.8500000666668
2017-12-06,1264.900024,1267.800049,1261.599976,1262.800049,373,1275.357143,1277.4433350333334
2017-12-07,1262.300049,1262.400024,1243.900024,1249.800049,358,1268.942871285714,1276.5900025333333
2017-12-08,1246.300049,1249.300049,1241.5,1245.199951,157,1263.6714391428573,1275.8866659333332
2017-12-11,1248.400024,1249.199951,1239.900024,1243.699951,146,1259.4571534285715,1275.0599976333333
2017-12-12,1241.300049,1244.400024,1236.5,1238.5,692,1253.7000035714286,1273.8733317666668
2017-12-13,1241.900024,1254.5,1239.800049,1245.400024,349,1249.5714285714287,1273.153332566667
2017-12-14,1252.900024,1257.699951,1250.300049,1253.800049,139,1248.4571532857142,1272.4766683333332
2017-12-15,1253.099976,1260.300049,1253.099976,1254.300049,578,1247.2428675714286,1271.7900025000001
2017-12-18,1256.199951,1262.400024,1255.699951,1262.199951,45,1249.0142821428574,1271.6466675333334
2017-12-19,1261.099976,1264.300049,1259.5,1260.699951,329,1251.228567857143,1271.0233317666668
2017-12-20,1261.300049,1266.599976,1261.300049,1266.099976,63,1254.4285714285713,1270.7699992666667
2017-12-21,1266.400024,1267.400024,1264.300049,1267.300049,226,1258.542864142857,1270.2933350333333
2017-12-22,1266.300049,1276.300049,1266.300049,1275.400024,119,1262.8285784285713,1269.9533366333335
2017-12-26,1282.400024,1284.099976,1281.800049,1284.099976,84,1267.1571394285716,1270.3433350333332
2017-12-27,1284.0,1287.0,1284.0,1287.0,456,1271.828561,1270.6666667333334
2017-12-28,1288.199951,1294.099976,1288.199951,1294.099976,245,1276.3857074285713,1271.0866659333335
2017-12-29,1294.199951,1306.300049,1294.0,1306.300049,65,1282.900007142857,1272.0800009000002
2018-01-02,1302.300049,1317.599976,1302.300049,1313.699951,68,1289.7000035714286,1273.2899984666667
2018-01-03,1320.0,1320.099976,1312.099976,1316.199951,42,1296.685703857143,1273.9699952
2018-01-04,1319.400024,1322.0,1319.400024,1319.400024,2,1302.9714181428571,1275.4633301333333
2018-01-05,1320.300049,1320.300049,1320.300049,1320.300049,1,1308.142857142857,1276.7699992333332
2018-01-08,1319.900024,1319.900024,1314.599976,1318.599976,41,1312.6571394285713,1277.6699992333336
2018-01-09,1309.599976,1311.699951,1309.599976,1311.699951,16,1315.1714215714287,1278.5033325666666
2018-01-10,1320.300049,1320.699951,1315.300049,1317.400024,70,1316.7571322857143,1279.2899984
2018-01-11,1317.099976,1320.599976,1316.300049,1320.599976,9,1317.742850142857,1280.1533325666667
2018-01-12,1327.800049,1338.199951,1327.800049,1333.400024,14,1320.2000034285716,1281.8633341666668
2018-01-16,1331.099976,1335.400024,1331.0,1335.400024,13,1322.4857177142856,1283.9366699333334
2018-01-17,1334.400024,1338.0,1326.800049,1338.0,27,1325.0142821428574,1285.9100016333334
2018-01-18,1328.900024,1328.900024,1326.0,1326.0,211,1326.0714284285714,1287.6333333333334
2018-01-19,1330.099976,1333.0,1330.099976,1331.900024,50,1328.9571531428571,1289.9766682666666
2018-01-22,1328.400024,1330.900024,1328.400024,1330.900024,162,1330.8857245714285,1292.2466674333334
2018-01-23,1335.800049,1335.900024,1335.699951,1335.699951,47,1333.042863857143,1295.1099975
2018-01-24,1355.900024,1357.199951,1355.900024,1355.900024,18,1336.2571495714287,1298.7999999333333
2018-01-25,1356.300049,1362.400024,1346.699951,1362.400024,4,1340.1142924285716,1302.7566690333333
2018-01-26,1351.599976,1352.0,1350.900024,1351.599976,280546,1342.0571461428572,1306.5266682333333
2018-01-30,1338.699951,1347.800049,1332.800049,1335.400024,52100,1343.4000067142858,1309.5266682333333
2018-01-31,1337.5,1346.900024,1331.800049,1339.0,4881,1344.414289,1312.3666666
2018-02-01,1343.800049,1350.599976,1336.800049,1344.300049,1680,1346.3285782857145,1315.3666666
2018-02-02,1348.5,1352.099976,1327.699951,1333.699951,2841,1346.0428639999998,1317.7499999333334
2018-02-05,1331.099976,1340.199951,1329.0,1333.0,641,1342.771432,1320.1600015666666
2018-02-06,1338.199951,1343.699951,1319.5,1326.099976,529,1337.5857108571429,1322.1600015666666
2018-02-07,1325.400024,1331.099976,1310.5,1311.599976,491,1331.871425142857,1323.6366658000002
2018-02-08,1317.099976,1321.099976,1307.0,1316.900024,459,1329.228568,1325.0199991333332
2018-02-09,1320.900024,1322.0,1311.900024,1313.099976,451,1325.5285645714284,1325.9866658
2018-02-12,1323.800049,1325.5,1318.0,1324.199951,140,1322.657122,1327.2266641666668
2018-02-13,1324.5,1329.599976,1323.400024,1328.099976,71,1321.8571255714285,1328.3599975
2018-02-14,1332.800049,1355.5,1324.0,1355.5,400,1325.0714112857142,1329.9999958666667
2018-02-15,1352.0,1355.900024,1349.699951,1352.099976,111,1328.7856969999998,1331.2799966999999
2018-02-16,1354.0,1361.400024,1344.900024,1353.199951,110,1334.7285505714285,1332.5133300333334
2018-02-20,1348.400024,1350.199951,1328.5,1328.800049,283,1336.428554142857,1332.8266642
2018-02-21,1326.800049,1331.5,1324.400024,1330.0,119,1338.8428432857145,1333.1499959
2018-02-22,1322.0,1331.400024,1322.0,1330.599976,70,1339.7571325714287,1333.5499958999999
2018-02-23,1328.0,1332.099976,1327.699951,1328.199951,427,1339.7714147142858,1334.0999959
2018-02-26,1335.0,1340.5,1330.699951,1330.699951,652,1336.2285505714285,1334.5433268000002
2018-02-27,1331.699951,1332.599976,1312.699951,1315.5,710,1330.9999825714287,1334.3733276
2018-02-28,1315.400024,1321.0,1315.400024,1315.5,58,1325.6142752857143,1333.7766601333335
2018-03-01,1310.400024,1318.099976,1301.800049,1302.900024,43,1321.9142717142859,1332.6933267999998
2018-03-02,1314.300049,1323.199951,1314.300049,1321.099976,155,1320.6428397142859,1332.1299926666666
2018-03-05,1323.5,1325.900024,1318.099976,1318.099976,18,1318.8571254285714,1331.8666585333333
2018-03-06,1321.599976,1333.599976,1321.400024,1333.599976,18,1319.6285575714285,1331.9233236
2018-03-07,1338.099976,1338.099976,1326.0,1326.0,27,1318.9571359999998,1331.7599894666666
2018-03-08,1324.800049,1326.800049,1319.300049,1319.900024,62,1319.5857108571429,1331.2333252333333
2018-03-09,1316.800049,1322.400024,1313.0,1322.400024,88,1320.5714285714287,1330.1166585666667
2018-03-12,1319.400024,1319.400024,1319.400024,1319.400024,0,1322.9285714285713,1328.6833252333333
2018-03-13,1325.900024,1325.900024,1325.300049,1325.900024,13,1323.6142925714287,1327.8266601666667
2018-03-14,1322.199951,1324.400024,1322.199951,1324.400024,19,1324.5142994285713,1327.4599935
2018-03-15,1316.800049,1316.800049,1316.800049,1316.800049,0,1322.1143098571429,1326.7199951333334
2018-03-16,1310.099976,1311.300049,1310.099976,1311.300049,34,1320.0143168571428,1325.6199951333333
2018-03-19,1309.400024,1316.900024,1307.300049,1316.800049,6,1319.5714632857143,1325.0566650666667
2018-03-20,1311.099976,1311.099976,1311.099976,1311.099976,4,1317.9571707142857,1324.3266642666667
2018-03-21,1312.400024,1328.800049,1312.400024,1320.699951,34,1318.1428745714286,1324.1466634333335
2018-03-22,1326.599976,1326.599976,1326.599976,1326.599976,0,1318.2428677142857,1324.6466634333333
2018-03-23,1343.199951,1349.300049,1343.199951,1349.300049,8,1321.800014142857,1325.7266642666666
2018-03-26,1348.5,1354.400024,1345.099976,1354.400024,10,1327.1714391428573,1327.1033325333333
2018-03-27,1341.0,1341.300049,1341.0,1341.300049,290889,1331.4571534285715,1327.6733358
2018-03-28,1345.0,1346.400024,1322.400024,1324.199951,59284,1332.5142822857144,1327.5433349666666
2018-03-29,1324.0,1327.099976,1321.699951,1322.800049,5585,1334.1857212857142,1326.4533365999998
2018-04-02,1327.0,1344.199951,1324.699951,1342.099976,649,1337.2428677142857,1326.1200032666668
2018-04-03,1340.400024,1341.5,1328.5,1332.800049,702,1338.1285924285714,1325.4400065333332
2018-04-04,1331.800049,1347.300049,1331.599976,1335.800049,718,1336.200021,1325.6733398666665
2018-04-05,1333.5,1333.699951,1322.599976,1324.300049,258,1331.9000245714285,1325.4833415
2018-04-06,1326.5,1333.0,1319.0,1331.900024,348,1330.557163857143,1325.5266764333333
2018-04-09,1333.0,1337.5,1327.0,1336.300049,290,1332.2857492857142,1325.7966797000001
2018-04-10,1335.199951,1342.0,1333.0,1342.0,105,1335.0285994285714,1326.173348
2018-04-11,1340.099976,1365.400024,1340.099976,1356.5,118,1337.0857457142858,1327.5400146666666
2018-04-12,1351.199951,1351.5,1334.599976,1338.400024,34,1337.8857421428572,1328.3033487999999
2018-04-13,1335.900024,1346.0,1335.900024,1344.800049,67,1339.1714564285714,1329.7000163000002
2018-04-16,1341.0,1348.800049,1341.0,1347.5,60,1342.485735142857,1330.5800171
2018-04-17,1348.0,1348.099976,1339.0,1347.199951,409,1344.671439,1331.5500162666665
2018-04-18,1343.5,1354.199951,1343.5,1351.199951,45,1346.7999964285716,1332.1366821000001
2018-04-19,1348.599976,1355.199951,1341.599976,1346.800049,387,1347.4857177142858,1332.8300170666666
2018-04-20,1342.5,1343.400024,1335.300049,1336.699951,310,1344.6571392857145,1333.3900146333333
2018-04-23,1334.0,1334.400024,1322.5,1322.5,68,1342.3857072857143,1333.3933471666667
2018-04-24,1326.400024,1331.699951,1326.199951,1331.400024,28,1340.4714179999999,1333.7933471666668
2018-04-25,1324.0,1325.0,1320.0,1321.199951,278,1336.7142681428572,1333.6366780666665
2018-04-26,1315.699951,1316.300049,1315.699951,1316.300049,569,1332.2999964285716,1333.3666789000001
2018-04-27,1315.300049,1321.699951,1312.800049,1320.300049,622,1327.8857247142857,1333.4833455666667
2018-04-30,1309.599976,1316.199951,1309.599976,1316.199951,49,1323.5142821428574,1333.6466756333334
2018-05-01,1313.199951,1313.800049,1303.400024,1303.800049,28,1318.814296142857,1333.2133423
2018-05-02,1309.0,1309.300049,1302.599976,1302.599976,23,1315.9714355714284,1332.9300089666665
2018-05-03,1310.699951,1310.699951,1310.699951,1310.699951,4,1313.0142822857142,1332.5966756333332
2018-05-04,1312.699951,1312.699951,1312.699951,1312.699951,0,1311.7999965714284,1332.1333414666667
2018-05-07,1310.599976,1312.5,1310.199951,1312.199951,4,1311.2142682857143,1330.8966715333333
2018-05-08,1310.099976,1312.0,1308.5,1312.0,337,1310.0285470000001,1329.4833374
2018-05-09,1311.300049,1311.300049,1311.300049,1311.300049,70,1309.328561,1328.4833374000002
2018-05-10,1312.199951,1320.800049,1312.199951,1320.800049,8,1311.7571324285714,1328.3700073333334
2018-05-11,1319.0,1319.0,1319.0,1319.0,3,1314.099993,1328.2433390333333
2018-05-14,1319.900024,1319.900024,1316.5,1316.5,4,1314.9285714285713,1327.3900065
2018-05-15,1304.599976,1304.699951,1288.900024,1288.900024,8,1311.5285818571429,1325.9266723333335
2018-05-16,1290.900024,1294.0,1285.400024,1290.199951,26,1308.3857247142857,1324.4066690666666
2018-05-17,1291.300049,1291.300049,1288.199951,1288.199951,2,1304.9857177142856,1323.2033324666666
2018-05-18,1285.199951,1290.199951,1285.199951,1290.199951,2,1301.9714179999999,1321.8133300333334
2018-05-21,1287.400024,1292.099976,1287.400024,1290.199951,52,1297.5999754285715,1320.2766600999998
2018-05-22,1291.699951,1291.699951,1291.699951,1291.699951,50,1293.6999684285715,1318.5999918
2018-05-23,1289.300049,1289.300049,1289.300049,1289.300049,10,1289.8142611428573,1316.359993433333
2018-05-24,1303.699951,1303.699951,1303.699951,1303.699951,0,1291.9285364285715,1315.2033243333333
2018-05-25,1303.300049,1303.300049,1303.300049,1303.300049,1,1293.799979,1313.8199909999998
2018-05-29,1298.699951,1298.699951,1298.699951,1298.699951,386334,1295.299979,1312.1933227
2018-05-30,1298.0,1303.699951,1295.199951,1301.5,50845,1296.9142717142856,1310.669991
2018-05-31,1301.0,1306.800049,1296.599976,1300.099976,4082,1298.328561,1308.9666585
2018-06-01,1298.599976,1299.5,1288.900024,1294.800049,663,1298.771432142857,1307.2333251666669
2018-06-04,1293.900024,1297.099976,1290.0,1293.099976,144,1299.3142788571427,1305.7799926666667
2018-06-05,1292.099976,1299.800049,1289.900024,1297.5,357,1298.4285715714286,1304.9466593333334
2018-06-06,1296.099976,1300.400024,1294.099976,1297.099976,373,1297.5428468571429,1303.8033243999998
2018-06-07,1298.400024,1302.800049,1296.199951,1298.699951,79,1297.5428468571429,1303.0533244
2018-06-08,1295.300049,1299.400024,1294.800049,1298.099976,650,1297.057129142857,1302.4466552999997
2018-06-11,1299.300049,1302.0,1295.199951,1298.900024,71,1296.8857074285713,1301.7333211333332
2018-06-12,1297.800049,1298.099976,1292.699951,1295.099976,153,1296.9285541428574,1301.0299886333332
2018-06-13,1294.0,1299.400024,1290.900024,1296.900024,135,1297.4714181428571,1300.7999878
2018-06-14,1297.199951,1307.699951,1297.199951,1304.0,42,1298.3999895714285,1300.8466552666666
2018-06-15,1297.199951,1307.699951,1274.0,1274.599976,589,1295.185703857143,1299.6433227666666
2018-06-18,1280.699951,1280.699951,1276.199951,1276.199951,35,1291.9714181428571,1298.4266561
2018-06-19,1278.699951,1281.800049,1269.900024,1275.599976,34,1288.7571324285714,1297.2066569333333
2018-06-20,1274.400024,1274.400024,1271.199951,1271.199951,7,1284.7999791428572,1295.8466553
2018-06-21,1262.699951,1268.900024,1260.0,1267.199951,46,1280.8142612857143,1294.3766520333334
2018-06-22,1268.099976,1270.199951,1267.0,1267.400024,74,1276.5999755714288,1292.5966512
2018-06-25,1270.599976,1271.199951,1265.599976,1265.599976,37,1271.114257857143,1290.8166504
2018-06-26,1267.199951,1267.199951,1256.599976,1256.599976,89,1268.5428292857143,1288.8199829333332
2018-06-27,1255.5,1255.5,1252.300049,1252.800049,1162,1265.1999861428571,1287.6166504333332
2018-06-28,1251.699951,1251.699951,1244.800049,1247.800049,378,1261.2285680000002,1286.2033203666667
2018-06-29,1250.300049,1253.300049,1249.099976,1251.300049,48,1258.3857248571428,1284.9733236333334
2018-07-02,1249.900024,1249.900024,1239.800049,1239.800049,29,1254.471453142857,1283.2933268999998
2018-07-03,1238.099976,1254.099976,1237.0,1251.599976,36,1252.2143034285714,1282.0066610666668
2018-07-05,1255.5,1257.300049,1253.599976,1257.300049,9,1251.0285995714287,1280.8599976666667
2018-07-06,1255.5,1255.5,1254.300049,1254.300049,7,1250.7000385714286,1279.693331
2018-07-09,1258.199951,1262.300049,1257.699951,1258.099976,37,1251.457171,1278.1733318333334
2018-07-10,1256.199951,1256.900024,1249.300049,1253.800049,65,1252.314313857143,1276.5233318333335
2018-07-11,1253.199951,1253.199951,1242.800049,1242.800049,30,1251.1000281428571,1274.6600017666667
2018-07-12,1240.900024,1246.699951,1240.900024,1245.0,7,1251.8428782857143,1272.7766684333333
2018-07-13,1244.699951,1247.0,1239.599976,1239.599976,2,1250.1285925714287,1270.7600017666666
2018-07-16,1242.699951,1243.800049,1238.099976,1238.099976,2,1247.385725,1268.8699993333332
2018-07-17,1225.699951,1225.699951,1225.699951,1225.699951,0,1243.2999967142857,1266.6233318333334
2018-07-18,1226.699951,1226.699951,1222.199951,1226.300049,67,1238.75715,1264.2500001333333
2018-07-19,1227.199951,1228.0,1211.699951,1222.400024,33,1234.2714321428573,1261.7600017333336
2018-07-20,1229.5,1229.5,1229.5,1229.5,0,1232.371425142857,1259.4533367000001
2018-07-23,1222.0,1224.0,1222.0,1224.0,1,1229.371425142857,1256.9833375000003
2018-07-24,1223.900024,1223.900024,1223.900024,1223.900024,0,1227.128574857143,1254.4833375
2018-07-25,1231.400024,1231.400024,1231.400024,1231.400024,0,1226.171438857143,1252.3600057666667
2018-07-26,1227.800049,1227.800049,1225.300049,1225.300049,1,1226.1143099999997,1249.9733399333334
2018-07-27,1222.599976,1222.599976,1222.599976,1222.599976,254428,1225.5857281428573,1247.2600058
2018-07-30,1222.5,1223.900024,1218.099976,1221.300049,62239,1225.4285888571428,1245.4833415666667
2018-07-31,1220.400024,1228.099976,1213.0,1223.699951,2722,1224.6000104285715,1243.7333415666667
2018-08-01,1222.900024,1223.699951,1214.400024,1217.900024,1026,1223.7285852857142,1241.8100098333334
2018-08-02,1214.699951,1219.300049,1205.800049,1210.599976,411,1221.8285784285713,1239.7900106666668
2018-08-03,1206.5,1218.599976,1205.099976,1214.199951,784,1219.371425142857,1238.023344
2018-08-06,1214.400024,1214.400024,1206.599976,1208.599976,297,1216.9857004285714,1236.0633424
2018-08-07,1207.800049,1214.800049,1207.800049,1209.599976,715,1215.1285575714287,1234.1966757333332
2018-08-08,1212.0,1215.199951,1205.900024,1212.599976,209,1213.8856899999998,1232.7300090666665
2018-08-09,1214.5,1215.300049,1211.599976,1211.900024,44,1212.1999861428571,1231.3666749000001
2018-08-10,1212.5,1216.400024,1205.599976,1211.099976,75,1211.2285507142858,1230.1433391333333
2018-08-13,1207.0,1207.400024,1191.300049,1191.300049,78,1208.4714182857144,1228.1433391333333
2018-08-14,1193.099976,1197.5,1192.800049,1193.0,92,1205.4428538571428,1226.5833375
2018-08-15,1187.800049,1188.099976,1174.599976,1177.5,71,1201.0000001428573,1224.1133383
2018-08-16,1173.199951,1180.199951,1161.400024,1176.199951,123,1196.228568,1221.4100016999998
2018-08-17,1174.699951,1181.199951,1174.699951,1176.5,66,1191.0714285714287,1218.8166667333332
2018-08-20,1184.800049,1190.0,1184.400024,1186.800049,68,1187.4857178571426,1216.4400024999998
2018-08-21,1189.800049,1192.599976,1189.800049,1192.599976,22,1184.8428607142857,1214.4000000666667
2018-08-22,1194.699951,1196.300049,1194.699951,1196.300049,17,1185.5571464285713,1212.8500000666668
2018-08-23,1189.300049,1190.300049,1184.900024,1187.0,95,1184.7000035714284,1210.9166667333334
2018-08-24,1185.300049,1208.0,1185.300049,1206.300049,12,1188.8142962857144,1209.8066691666668
2018-08-27,1210.300049,1211.400024,1205.199951,1209.0,154,1193.5000175714285,1208.8366699666665
2018-08-28,1209.699951,1217.0,1202.300049,1207.400024,136,1197.9143067142857,1208.2266724
2018-08-29,1205.199951,1205.199951,1202.400024,1204.5,817,1200.442871142857,1207.5000040999998
2018-08-30,1205.400024,1205.599976,1196.0,1197.699951,493,1201.171439,1206.6766683333335
2018-08-31,1207.099976,1208.199951,1199.099976,1200.300049,191,1201.7428675714286,1205.7033366333335
2018-09-04,1193.800049,1193.800049,1189.900024,1192.699951,26,1202.5571462857145,1204.6600016666669
2018-09-05,1192.5,1196.0,1192.5,1194.900024,21,1200.9285712857143,1203.693335
2018-09-06,1202.0,1202.0,1197.900024,1197.900024,7,1199.3428604285714,1202.5766683333334
2018-09-07,1198.300049,1198.300049,1193.099976,1193.599976,29,1197.371425,1201.5199992333332
2018-09-10,1193.0,1193.0,1193.0,1193.0,11,1195.728567857143,1200.5333333666665
2018-09-11,1190.400024,1196.300049,1190.400024,1195.400024,21,1195.4000068571427,1199.6699992
2018-09-12,1205.0,1205.0,1204.699951,1204.699951,37,1196.0285642857143,1199.0366658666667
2018-09-13,1203.400024,1203.400024,1200.0,1202.0,22,1197.3571427142856,1198.5066650666668
2018-09-14,1195.0,1195.0,1195.0,1195.0,1,1197.371425,1197.9866658666665
2018-09-17,1199.699951,1199.699951,1199.699951,1199.699951,0,1197.6285574285714,1197.5033325333332
2018-09-18,1198.699951,1198.699951,1196.800049,1196.800049,2,1198.0857107142858,1197.1100016333335
2018-09-19,1202.199951,1202.199951,1202.199951,1202.199951,0,1199.3999894285714,1196.8633341333334
2018-09-20,1206.199951,1206.199951,1206.199951,1206.199951,0,1200.942836142857,1196.6499999666667
2018-09-21,1196.199951,1196.199951,1196.199951,1196.199951,0,1199.7285504285715,1196.1266642
2018-09-24,1199.300049,1199.300049,1199.300049,1199.300049,0,1199.3428431428572,1195.7333333
2018-09-25,1202.099976,1202.800049,1200.0,1200.0,21,1200.057128857143,1196.0233316666668
2018-09-26,1194.0,1194.0,1194.0,1194.0,17857,1199.242850142857,1196.056665
2018-09-27,1194.599976,1197.300049,1180.5,1182.300049,4947,1197.1714215714287,1196.2166666333335
2018-09-28,1181.699951,1191.900024,1180.0,1191.5,404,1195.642857142857,1196.7266682666668
2018-10-01,1191.599976,1191.599976,1185.800049,1187.099976,180,1192.9142892857142,1197.0800008
2018-10-02,1193.0,1206.0,1190.300049,1202.400024,451,1193.800014,1197.599999966667
2018-10-03,1202.599976,1202.599976,1196.599976,1198.300049,76,1193.6571568571428,1197.7900024
2018-10-04,1199.300049,1204.599976,1197.199951,1197.199951,496,1193.2571498571428,1197.8199991333333
2018-10-05,1197.099976,1205.300049,1196.900024,1201.199951,34,1194.2857142857142,1198.2933308333334
2018-10-08,1201.0,1201.0,1183.699951,1184.400024,250,1194.5857107142858,1197.5633300000002
2018-10-09,1185.599976,1189.099976,1185.599976,1187.199951,9,1193.9714179999999,1196.8366617000001
2018-10-10,1189.300049,1192.0,1189.300049,1189.300049,1078,1194.2857141428572,1196.2333292
2018-10-11,1198.099976,1224.599976,1196.300049,1223.5,126,1197.2999964285714,1196.8666625333333
2018-10-12,1221.599976,1221.599976,1216.0,1218.099976,122,1200.1285574285716,1197.5466633666665
2018-10-15,1222.400024,1232.300049,1222.400024,1226.400024,136,1204.2999964285714,1198.4166625333335
2018-10-16,1227.099976,1230.5,1227.099976,1227.300049,426,1208.0285818571429,1199.5699991333333
2018-10-17,1225.900024,1225.900024,1223.699951,1223.699951,1,1213.642857142857,1200.5299967
2018-10-18,1226.5,1226.5,1226.5,1226.5,165,1219.2571498571428,1201.4833292333335
2018-10-19,1225.300049,1225.300049,1225.300049,1225.300049,55,1224.4000070000002,1202.5399983333334
2018-10-22,1224.5,1224.5,1219.599976,1221.199951,18,1224.0714285714287,1203.4799967000001
2018-10-23,1224.800049,1237.800049,1224.800049,1233.400024,33,1226.2571497142858,1204.7466633666668
2018-10-24,1231.599976,1231.599976,1227.800049,1227.800049,36,1226.4571532857142,1205.5166666333332
2018-10-25,1238.599976,1238.599976,1229.099976,1229.099976,7,1226.7142857142858,1206.4199991666667
2018-10-26,1234.300049,1234.800049,1232.5,1232.5,20,1227.9714355714284,1207.6699991666667
2018-10-29,1224.5,1224.5,1224.5,1224.5,214,1227.6857212857142,1208.4966674666668
2018-10-30,1227.699951,1227.699951,1219.800049,1222.599976,72,1227.2999965714284,1209.3566650333335
2018-10-31,1216.0,1216.599976,1212.0,1212.300049,121,1226.0285820000001,1209.6933349666665
2018-11-01,1215.400024,1236.0,1215.400024,1236.0,14,1226.400007142857,1210.6866699333334
2018-11-02,1233.300049,1233.300049,1230.900024,1230.900024,18,1226.8428607142857,1211.8433390333332
2018-11-05,1230.599976,1231.5,1226.699951,1229.800049,15,1226.942871142857,1212.8600057
2018-11-06,1230.699951,1233.800049,1223.800049,1223.800049,4,1225.700021,1213.6533406666667
2018-11-07,1228.599976,1228.599976,1226.199951,1226.199951,1,1225.942871142857,1214.7266723666667
2018-11-08,1222.900024,1222.900024,1222.900024,1222.900024,2,1225.985735142857,1216.0800048666667
2018-11-09,1207.900024,1207.900024,1206.400024,1206.400024,14,1225.1428744285715,1216.5766723333331
2018-11-12,1201.599976,1201.599976,1201.300049,1201.300049,1,1220.1857385714286,1217.0500081
2018-11-13,1196.300049,1201.300049,1196.300049,1199.199951,5,1215.6571567142855,1216.943339
2018-11-14,1207.900024,1207.900024,1207.900024,1207.900024,0,1212.5285817142856,1217.2633381666667
2018-11-15,1212.800049,1212.800049,1212.800049,1212.800049,0,1210.9571531428571,1217.7833414333334
2018-11-16,1216.699951,1223.800049,1216.699951,1220.800049,5,1210.1857385714286,1218.4366780333332
2018-11-19,1223.099976,1223.099976,1223.099976,1223.099976,0,1210.214303142857,1219.7266764333333
2018-11-20,1225.300049,1228.800049,1219.0,1219.0,12,1212.0142997142855,1220.7866780666666
2018-11-21,1225.800049,1225.800049,1225.800049,1225.800049,0,1215.514299714286,1222.0033447333333
2018-11-23,1224.800049,1224.800049,1221.0,1221.0,1,1218.6285924285714,1221.9200114
2018-11-26,1220.199951,1222.0,1220.199951,1220.199951,2,1220.3857248571428,1221.9900105666668
2018-11-27,1221.900024,1222.0,1211.199951,1211.199951,5,1220.1571394285713,1221.4833414666666
2018-11-28,1211.5,1221.400024,1211.5,1221.400024,247168,1220.2428501428572,1221.2866739666667
2018-11-29,1221.0,1228.699951,1220.5,1224.099976,55478,1220.3857072857143,1221.3000081333332
2018-11-30,1224.099976,1225.0,1216.099976,1220.199951,2060,1220.557128857143,1221.0900064999998
2018-12-03,1222.5,1234.099976,1221.300049,1233.900024,751,1221.7142681428572,1221.3766723333333
2018-12-04,1231.0,1241.400024,1230.400024,1241.099976,474,1224.5856932857143,1222.0400065
2018-12-06,1237.5,1244.400024,1234.800049,1238.099976,434,1227.1428397142859,1222.1966715666665
2018-12-07,1238.300049,1249.800049,1237.599976,1246.800049,211,1232.228568,1222.8300049
2018-12-10,1249.599976,1249.599976,1241.699951,1243.699951,131,1235.4142718571427,1223.3166707333332
2018-12-11,1245.800049,1248.699951,1241.5,1241.900024,117,1237.957135857143,1223.6300048666667
2018-12-12,1245.300049,1245.599976,1244.099976,1244.400024,84,1241.4142891428571,1224.293339
2018-12-13,1243.5,1243.5,1241.0,1242.699951,194,1242.6714215714285,1224.963338166667
2018-12-14,1241.699951,1241.699951,1234.099976,1237.0,33,1242.0857107142858,1225.7866698666667
2018-12-17,1239.300049,1247.400024,1239.300049,1247.400024,10,1243.414289,1226.1666706666665
2018-12-18,1248.199951,1249.199951,1245.599976,1249.199951,31,1243.757132142857,1226.7766682333333
2018-12-19,1255.800049,1255.800049,1252.099976,1252.099976,268,1244.9571357142856,1227.5199991333332
2018-12-20,1243.199951,1263.599976,1243.199951,1263.599976,49,1248.057128857143,1228.846663366667
2018-12-21,1260.300049,1261.300049,1253.800049,1253.800049,96,1249.3999895714285,1229.7666666333332
2018-12-24,1260.300049,1268.5,1260.300049,1267.5,27,1252.9428537142855,1231.2533325000002
2018-12-26,1269.300049,1277.400024,1269.199951,1269.199951,63,1257.5428467142858,1233.3466634000001
2018-12-27,1276.699951,1277.300049,1276.699951,1277.300049,480,1261.8142788571427,1235.8799967333334
2018-12-28,1273.5,1280.099976,1273.5,1279.900024,805,1266.2000035714284,1238.5699991666668
2018-12-31,1278.0,1281.300049,1277.599976,1278.300049,19,1269.9428711428573,1240.9166666666667
2019-01-02,1286.0,1286.0,1277.599976,1281.0,149,1272.4285888571428,1243.1899983666667
2019-01-03,1286.800049,1292.0,1286.699951,1291.800049,10,1277.8571602857144,1245.5566650333335
2019-01-04,1294.199951,1294.199951,1275.300049,1282.699951,34,1280.0285818571429,1247.5433308666666
2019-01-07,1286.800049,1286.800049,1286.599976,1286.800049,2,1282.5428815714283,1249.8033325
2019-01-08,1280.5,1283.199951,1278.199951,1283.199951,54,1283.3857247142857,1251.7166625666666
2019-01-09,1279.400024,1289.300049,1279.199951,1289.300049,102,1284.7285854285713,1253.9933308666666
2019-01-10,1284.699951,1284.699951,1284.699951,1284.699951,0,1285.642857142857,1256.1433308666667
2019-01-11,1291.199951,1291.199951,1286.300049,1287.099976,11,1286.5142822857144,1258.6733317
2019-01-14,1292.400024,1293.900024,1289.099976,1289.099976,7,1286.1285575714285,1260.9299967666666
2019-01-15,1290.099976,1292.699951,1286.199951,1286.199951,3,1286.6285575714285,1262.9999959333334
2019-01-16,1291.599976,1291.599976,1291.599976,1291.599976,2,1287.3142614285714,1265.3799967666666
2019-01-17,1291.599976,1292.699951,1288.5,1291.0,10,1288.428554142857,1267.2833292999999
2019-01-18,1281.300049,1281.300049,1281.300049,1281.300049,3,1287.2856969999998,1268.6233317333333
2019-01-22,1282.5,1283.300049,1282.5,1282.5,7,1286.9714182857144,1270.1033325333333
2019-01-23,1281.699951,1283.900024,1278.699951,1283.099976,14,1286.3999897142858,1271.3133301
2019-01-24,1279.099976,1279.099976,1278.5,1279.099976,1,1284.9714182857144,1272.493330933333
2019-01-25,1297.400024,1297.400024,1297.400024,1297.400024,0,1286.5714287142857,1274.3433309333334
2019-01-28,1300.800049,1307.099976,1298.400024,1302.400024,54,1288.114292714286,1276.2766642666668
2019-01-29,1308.199951,1308.199951,1308.199951,1308.199951,213607,1290.5714285714287,1278.4599975999997
2019-01-30,1310.400024,1323.400024,1308.099976,1309.900024,54958,1294.6571392857145,1280.8899983999997
2019-01-31,1320.0,1325.400024,1316.699951,1319.699951,1970,1299.9714179999999,1283.2999959666668
2019-02-01,1320.300049,1320.699951,1315.400024,1316.900024,878,1304.7999962857143,1285.5566650666667
2019-02-04,1318.099976,1318.099976,1308.300049,1314.300049,675,1309.8285781428572,1287.6300008333335
2019-02-05,1311.099976,1315.099976,1311.0,1314.199951,362,1312.2285677142859,1289.3166666666666
2019-02-06,1312.5,1313.5,1305.0,1309.5,358,1313.24285,1291.1733317
2019-02-07,1302.900024,1310.400024,1302.199951,1309.400024,203,1313.414289,1292.5699991666665
2019-02-08,1309.5,1314.0,1307.800049,1313.699951,122,1313.9571357142856,1294.0533325
2019-02-11,1313.400024,1313.400024,1304.699951,1307.0,119,1312.142857,1295.0433308666666
2019-02-12,1310.0,1312.0,1307.599976,1309.199951,109,1311.0428465714285,1296.0199951
2019-02-13,1311.599976,1316.0,1308.099976,1310.800049,143,1310.5428465714285,1297.1033284333332
2019-02-14,1305.0,1311.800049,1301.599976,1309.800049,858,1309.9142891428571,1298.0633300666666
2019-02-15,1313.599976,1318.800049,1313.599976,1318.099976,190,1311.142857142857,1298.9399943
2019-02-19,1320.900024,1340.099976,1320.5,1340.099976,390,1315.5285645714284,1300.8533284666667
2019-02-20,1342.199951,1344.0,1338.0,1343.300049,581,1319.75715,1302.7366618
2019-02-21,1331.300049,1334.900024,1320.900024,1323.5,414,1322.1142928571428,1304.0799967666667
2019-02-22,1324.199951,1331.300049,1321.0,1329.199951,718,1324.9714357142857,1305.4099935000002
2019-02-25,1329.199951,1331.599976,1325.599976,1325.900024,185,1327.128575,1306.7833292666667
2019-02-26,1323.300049,1325.5,1323.300049,1325.099976,939,1329.3142788571429,1308.0499959333333
2019-02-27,1327.699951,1327.900024,1316.5,1317.699951,604,1329.2571324285714,1309.0033284333335
2019-02-28,1321.099976,1323.699951,1311.5,1312.800049,141,1325.357142857143,1309.8899983666668
2019-03-01,1312.199951,1312.199951,1288.900024,1296.400024,110,1318.6571392857145,1310.049999966667
2019-03-04,1285.5,1287.0,1281.900024,1284.800049,28,1313.128574857143,1309.8433349333334
2019-03-05,1287.0,1287.0,1282.0,1282.0,114,1306.3857247142857,1309.8666666333334
2019-03-06,1287.099976,1287.099976,1282.599976,1284.900024,14,1300.5285818571429,1309.9466674333335
2019-03-07,1281.0,1284.599976,1281.0,1283.800049,11,1294.6285922857144,1309.9700032
2019-03-08,1292.099976,1297.400024,1291.599976,1297.0,10,1291.6714564285714,1310.5666706666668
2019-03-11,1291.0,1291.0,1288.800049,1288.800049,9,1288.2428850000001,1310.2800048333334
2019-03-12,1294.699951,1296.300049,1294.699951,1296.300049,1,1288.228602857143,1310.0766723333334
2019-03-13,1307.5,1307.5,1307.5,1307.5,0,1291.471453,1310.0533406333334
2019-03-14,1293.400024,1293.400024,1293.400024,1293.400024,1,1293.100027857143,1309.5033406333334
2019-03-15,1300.900024,1304.699951,1300.5,1301.800049,26,1295.5143171428572,1308.906677233333
2019-03-18,1297.300049,1302.199951,1297.300049,1300.300049,8,1297.87146,1308.3533447333332
2019-03-19,1306.900024,1306.900024,1304.800049,1305.0,20,1299.0143171428572,1308.0433431
2019-03-20,1300.699951,1300.699951,1300.5,1300.5,2,1300.6857387142857,1307.5866780666665
2019-03-21,1306.099976,1306.099976,1306.099976,1306.099976,0,1302.0857282857144,1307.4733439333331
2019-03-22,1311.599976,1311.599976,1311.599976,1311.599976,0,1302.6714391428573,1307.5466756666667
2019-03-25,1320.699951,1322.900024,1320.699951,1321.900024,19,1306.7428677142857,1307.8200114333333
2019-03-26,1315.599976,1315.599976,1314.300049,1314.300049,1,1308.5285820000001,1308.0633463999998
2019-03-27,1309.900024,1309.900024,1309.900024,1309.900024,206263,1309.900007,1308.0866821666666
2019-03-28,1308.400024,1311.099976,1287.699951,1289.800049,87798,1307.7285854285713,1307.3866821666666
2019-03-29,1289.599976,1298.5,1286.099976,1293.0,1265,1306.6571568571428,1306.8266805333333
2019-04-01,1291.800049,1295.900024,1285.699951,1288.400024,675,1304.1285922857144,1305.8366821333332
2019-04-02,1286.300049,1290.900024,1284.5,1290.0,525,1301.0428814285715,1304.1666829333333
2019-04-03,1291.400024,1293.099976,1287.5,1289.900024,172,1296.4714528571426,1302.3866821000001
2019-04-04,1290.599976,1292.599976,1279.5,1289.0,269,1292.8571601428573,1301.2366821
2019-04-05,1292.0,1292.0,1283.599976,1290.400024,181,1290.0714458571426,1299.9433511999998
2019-04-08,1292.199951,1302.099976,1291.800049,1297.099976,63,1291.1142925714287,1298.9833495999999
2019-04-09,1298.5,1304.900024,1298.5,1303.5,30,1292.6142925714287,1298.2633504
2019-04-10,1304.0,1309.099976,1301.5,1309.099976,66,1295.5714285714287,1297.9766845666666
2019-04-11,1307.0,1307.099976,1288.599976,1288.599976,420,1295.371425142857,1297.1700154666664
2019-04-12,1293.400024,1293.400024,1289.199951,1290.599976,607,1295.4714182857144,1296.9766805333334
2019-04-15,1284.800049,1287.300049,1282.300049,1286.800049,523,1295.1571395714286,1297.0433472
2019-04-16,1285.199951,1285.199951,1272.199951,1272.599976,643,1292.6142755714284,1296.7300130666665
2019-04-17,1273.5,1273.5,1271.599976,1272.199951,308,1289.057129142857,1296.3066772999998
2019-04-18,1270.800049,1273.599976,1270.099976,1271.900024,27,1284.5428468571429,1295.9100098000001
2019-04-22,1273.5,1273.5,1273.5,1273.5,147,1279.4571360000002,1295.1266764666666
2019-04-23,1266.400024,1269.800049,1266.0,1269.300049,206,1276.7000035714284,1294.4766764666667
2019-04-24,1268.400024,1275.5,1267.800049,1275.5,518,1274.5428641428573,1293.7833415
2019-04-25,1280.599976,1280.800049,1275.800049,1275.800049,95,1272.9714355714284,1292.7266764666667
2019-04-26,1284.900024,1284.900024,1284.900024,1284.900024,804,1274.7285852857144,1292.4433431333334
2019-04-29,1284.800049,1284.900024,1277.099976,1278.599976,568,1275.6428745714286,1291.6700073666666
2019-04-30,1281.699951,1283.300049,1280.800049,1282.800049,114,1277.200021,1291.0866740333333
2019-05-01,1278.699951,1283.300049,1278.699951,1281.400024,70,1278.3285958571428,1290.3000081666664
2019-05-02,1269.199951,1270.800049,1266.599976,1269.699951,63,1278.3857247142857,1289.2733398666667
2019-05-03,1270.099976,1279.199951,1270.099976,1279.199951,15,1278.9142891428571,1288.3766723666668
2019-05-06,1282.199951,1282.199951,1280.300049,1281.699951,12,1279.7571322857143,1287.3800048666667
2019-05-07,1280.5,1283.5,1280.5,1283.5,8,1279.557128857143,1286.1000040666665
2019-05-08,1279.400024,1279.400024,1279.400024,1279.400024,5,1279.6714214285714,1284.9366699
2019-05-09,1278.900024,1285.0,1278.800049,1283.5,38,1279.7714144285715,1284.0566691
2019-05-10,1285.400024,1286.5,1283.300049,1285.699951,6,1280.3856897142857,1283.919999166667
2019-05-13,1286.699951,1300.099976,1281.800049,1300.099976,56,1284.7285504285715,1284.1566650333334
2019-05-14,1297.800049,1297.800049,1294.699951,1294.699951,6,1286.942836142857,1284.3666626000002
2019-05-15,1296.900024,1296.900024,1296.0,1296.300049,55,1289.0285644285716,1284.5766642333333
2019-05-16,1285.199951,1285.400024,1285.0,1285.0,3,1289.2428501428572,1284.4133301
2019-05-17,1280.0,1280.0,1274.5,1274.5,1,1288.5428467142858,1283.9299967666666
2019-05-20,1276.099976,1276.099976,1276.099976,1276.099976,20,1287.4857004285714,1283.4533284999998
2019-05-21,1272.0,1272.0,1272.0,1272.0,0,1285.5285645714284,1282.6166626333331
2019-05-22,1273.599976,1273.599976,1273.599976,1273.599976,0,1281.7428502857144,1281.6199951666667
2019-05-23,1284.800049,1284.800049,1284.800049,1284.800049,0,1280.3285785714286,1280.8099976
2019-05-24,1283.0,1283.0,1283.0,1283.0,9,1278.4285715714286,1280.6233317333333
2019-05-28,1276.5,1276.5,1276.5,1276.5,0,1277.2142858571428,1280.1533325333332
2019-05-29,1280.599976,1280.599976,1280.599976,1280.599976,189694,1278.085711,1279.9466634333332
2019-05-30,1279.400024,1288.300049,1273.900024,1287.099976,55573,1279.6571395714286,1280.4299967666668
2019-05-31,1287.699951,1306.400024,1287.5,1305.800049,2814,1284.485718,1281.5500000333334
2019-06-03,1307.0,1327.800049,1307.0,1322.699951,812,1291.5000001428573,1283.2433309333333
2019-06-04,1324.300049,1328.599976,1320.800049,1323.400024,302,1297.0142822857142,1284.9066650666666
2019-06-05,1328.900024,1343.300049,1326.300049,1328.300049,622,1303.4857178571426,1286.8733317333333
2019-06-06,1330.800049,1338.699951,1326.199951,1337.599976,161,1312.2142858571428,1288.9433309333333
2019-06-07,1333.099976,1347.699951,1329.800049,1341.199951,240,1320.8714251428573,1291.123327666667
2019-06-10,1335.800049,1336.5,1324.099976,1324.699951,268,1326.2428501428572,1292.4499919
2019-06-11,1328.400024,1328.400024,1319.099976,1326.400024,201,1329.1857037142856,1294.0433268333334
2019-06-12,1326.900024,1334.5,1326.900024,1331.900024,139,1330.4999998571427,1295.6799926666667
2019-06-13,1331.599976,1341.099976,1331.599976,1339.199951,157,1332.7571322857143,1297.6066569
2019-06-14,1345.400024,1355.400024,1339.300049,1340.099976,914,1334.442836142857,1299.9533244000002
2019-06-17,1339.0,1340.300049,1335.0,1338.699951,76,1334.5999754285715,1301.9366577333333
2019-06-18,1349.300049,1349.300049,1341.599976,1346.599976,29,1335.3714075714286,1304.0999919
2019-06-19,1344.0,1344.599976,1344.0,1344.599976,129,1338.214268285714,1306.1366577666668
2019-06-20,1381.5,1392.900024,1379.5,1392.900024,76,1347.7142682857143,1309.9199911
2019-06-21,1406.0,1406.0,1390.300049,1396.199951,35,1356.899972142857,1313.6766561333332
2019-06-24,1406.0,1420.599976,1402.099976,1414.300049,125,1367.6285575714285,1317.9633260666667
2019-06-25,1418.099976,1433.300049,1414.900024,1414.900024,105,1378.3142787142858,1321.7899943333332
2019-06-26,1407.199951,1413.300049,1405.800049,1411.599976,1333,1388.728568,1325.6866618333333
2019-06-27,1407.0,1410.800049,1399.800049,1408.400024,437,1397.5571462857145,1329.4233276666666
2019-06-28,1408.300049,1422.0,1408.300049,1409.699951,356,1406.8571427142858,1333.5799927
2019-07-01,1386.599976,1395.800049,1382.800049,1385.599976,214,1405.8142787142858,1337.2833252333332
2019-07-02,1391.099976,1418.400024,1390.800049,1404.599976,38,1407.0142822857142,1341.5666585666668
2019-07-03,1431.0,1434.0,1413.099976,1417.699951,46,1407.4999825714287,1346.4233236
2019-07-05,1418.300049,1418.300049,1390.199951,1396.699951,20,1404.8999721428572,1350.5266560999999
2019-07-08,1395.900024,1397.0,1393.599976,1397.0,14,1402.8142612857143,1354.2666544666668
2019-07-09,1394.5,1397.5,1386.199951,1397.5,53,1401.257115,1358.0833211333334
2019-07-10,1409.900024,1410.099976,1409.900024,1410.099976,50,1401.3142614285714,1362.5366536666666
2019-07-11,1424.0,1424.0,1404.300049,1404.300049,6,1403.9857004285714,1366.6599894333335
2019-07-12,1405.599976,1410.099976,1405.599976,1409.900024,8,1404.7428501428572,1370.7533243666664
2019-07-15,1414.400024,1415.0,1411.400024,1411.400024,25,1403.8428605714287,1374.2733235333333
2019-07-16,1413.599976,1413.699951,1405.0,1409.199951,13,1405.6285748571427,1377.1566568666667
2019-07-17,1404.599976,1421.300049,1404.599976,1421.300049,6,1409.1000104285715,1380.4199910333334
2019-07-18,1422.300049,1444.199951,1419.5,1426.099976,66,1413.1857212857142,1383.6799886
2019-07-19,1440.5,1442.0,1425.099976,1425.099976,22,1415.3285784285713,1386.5966552666666
2019-07-22,1425.300049,1425.300049,1424.0,1425.300049,1,1418.3285784285715,1389.3999918666666
2019-07-23,1418.599976,1421.300049,1416.300049,1420.099976,5,1419.7857144285715,1392.5799927
2019-07-24,1422.800049,1422.800049,1422.800049,1422.800049,20,1421.4142894285712,1395.7933268666668
2019-07-25,1413.900024,1413.900024,1413.900024,1413.900024,4,1422.0857284285717,1398.5266602
2019-07-26,1422.800049,1423.0,1418.5,1418.5,5,1421.6857214285715,1401.1699951666667
2019-07-29,1419.599976,1419.599976,1419.599976,1419.599976,224267,1420.75715,1403.8199951666668
2019-07-30,1426.300049,1433.900024,1422.099976,1429.699951,73874,1421.4142892857144,1406.8533285
2019-07-31,1431.300049,1435.800049,1411.199951,1426.099976,3294,1421.5285645714287,1409.5033285
2019-08-01,1411.300049,1445.199951,1400.900024,1420.900024,2431,1421.642857142857,1412.0466634333332
2019-08-02,1448.0,1448.0,1432.300049,1445.599976,1873,1424.8999895714285,1413.8033285
2019-08-05,1440.400024,1469.699951,1440.400024,1464.599976,1008,1432.1428398571427,1416.0833293333335
2019-08-06,1469.699951,1475.0,1457.699951,1472.400024,460,1439.8428432857143,1418.0199951666666
2019-08-07,1473.5,1509.900024,1473.199951,1507.300049,824,1452.371425142857,1421.0999960000001
2019-08-08,1498.400024,1508.5,1492.0,1497.699951,367,1462.0857108571429,1423.9699951666666
2019-08-09,1506.199951,1507.5,1495.599976,1496.599976,74,1472.1571394285713,1426.9099935666668
2019-08-12,1496.0,1514.900024,1488.099976,1505.300049,257,1484.2142858571428,1430.0966635
2019-08-13,1510.400024,1531.400024,1483.699951,1502.199951,672,1492.2999965714284,1433.9833293333334
2019-08-14,1500.0,1520.5,1497.0,1515.900024,328,1499.628574857143,1437.6933309333333
2019-08-15,1519.800049,1522.699951,1510.599976,1519.599976,87,1506.371425142857,1441.0899984333334
2019-08-16,1524.599976,1524.599976,1504.699951,1512.5,1815,1507.1142752857143,1444.9500000666667
2019-08-19,1507.199951,1507.599976,1492.900024,1500.400024,205,1507.5,1448.3966675333334
2019-08-20,1497.5,1506.099976,1497.5,1504.599976,486,1508.642857142857,1451.9666667333333
2019-08-21,1504.900024,1505.0,1498.800049,1504.599976,350,1508.5428467142858,1455.1166667333334
2019-08-22,1495.099976,1497.300049,1493.800049,1497.300049,686,1507.8428607142857,1458.2166667333333
2019-08-23,1493.5,1527.599976,1493.5,1526.599976,983,1509.3714252857142,1462.1066651333335
2019-08-26,1543.199951,1543.300049,1524.300049,1526.300049,334,1510.3285785714286,1465.9366659666666
2019-08-27,1530.5,1542.099976,1528.5,1541.0,166,1514.400007142857,1470.3300009333332
2019-08-28,1538.099976,1538.099976,1537.800049,1537.800049,2756,1519.742867857143,1474.2133342666668
2019-08-29,1537.5,1549.300049,1519.599976,1526.5,704,1522.8714427142856,1477.5600017333336
2019-08-30,1524.599976,1530.400024,1516.699951,1519.099976,276,1524.942871285714,1480.6933350666666
2019-09-03,1522.900024,1547.300049,1521.0,1545.900024,139,1531.8857248571428,1484.7133342333334
2019-09-04,1549.0,1553.199951,1534.800049,1550.300049,46,1535.2714495714285,1489.0533366666668
2019-09-05,1551.0,1551.099976,1511.099976,1515.400024,125,1533.7143031428573,1492.1400025
2019-09-06,1517.300049,1526.0,1504.5,1506.199951,54,1528.7428675714286,1495.2166667333333
2019-09-09,1509.0,1513.0,1498.0,1502.199951,69,1523.6571392857143,1498.0066651000002
2019-09-10,1498.5,1498.5,1486.900024,1490.300049,23,1518.4857177142858,1500.3633341999998
2019-09-11,1491.699951,1496.599976,1490.199951,1494.400024,8,1514.9571531428571,1502.5200033
2019-09-12,1499.5,1515.400024,1498.699951,1498.699951,27,1508.2142855714287,1504.9400024666668
2019-09-13,1490.900024,1490.900024,1486.900024,1490.900024,1,1499.7285677142859,1507.2733358
2019-09-16,1506.599976,1506.800049,1496.900024,1503.099976,21,1497.9714180000003,1509.1900024666668
2019-09-17,1497.900024,1505.099976,1497.900024,1505.099976,3,1497.8142787142858,1510.5400024666667
2019-09-18,1508.900024,1509.400024,1489.300049,1507.5,8,1498.5714285714287,1511.7100016666666
2019-09-19,1496.099976,1502.400024,1496.099976,1498.400024,10,1499.728567857143,1511.4133341666668
2019-09-20,1503.0,1507.300049,1503.0,1507.300049,2,1501.5714285714287,1511.7333374333332
2019-09-23,1515.5,1523.699951,1515.5,1523.699951,5,1505.142857142857,1512.6366699333335
2019-09-24,1515.099976,1533.0,1515.099976,1532.099976,25,1511.0285645714287,1513.5300008333334
2019-09-25,1527.599976,1527.900024,1504.599976,1504.599976,25,1511.2428502857142,1513.6100016666667
2019-09-26,1507.5,1507.5,1507.5,1507.5,8178,1511.5857108571429,1513.3300008666665
2019-09-27,1504.199951,1506.099976,1485.599976,1499.099976,7827,1510.3857074285713,1512.6466675333334
2019-09-30,1495.900024,1495.900024,1463.5,1465.699951,1078,1505.7142684285714,1511.0866658999998
2019-10-01,1468.699951,1485.5,1458.300049,1482.0,219,1502.0999757142856,1510.4733317666664
2019-10-02,1476.599976,1503.699951,1474.099976,1501.0,205,1498.8571255714285,1510.3533325666665
2019-10-03,1497.400024,1518.199951,1496.599976,1507.099976,1213,1495.2856969999998,1510.4366659000002
2019-10-04,1505.599976,1508.699951,1497.099976,1506.199951,233,1495.514264857143,1510.7333293
2019-10-07,1504.800049,1505.800049,1489.099976,1497.699951,121,1494.114257857143,1509.7699951333334
2019-10-08,1489.400024,1506.300049,1489.300049,1497.199951,46,1493.842825714286,1508.799991866667
2019-10-09,1507.699951,1507.699951,1498.400024,1506.099976,120,1499.614257857143,1507.6366577333333
2019-10-10,1511.199951,1511.199951,1490.599976,1494.800049,78,1501.4428362857143,1506.2033244
2019-10-11,1491.900024,1494.900024,1476.900024,1482.699951,57,1498.8285435714286,1504.7433227666666
2019-10-14,1484.400024,1493.5,1481.300049,1491.699951,400,1496.6285400000002,1503.8299886
2019-10-15,1488.900024,1495.400024,1476.599976,1477.599976,367,1492.5428292857143,1501.5533203333332
2019-10-16,1482.0,1488.0,1480.0,1488.0,383,1491.157122,1499.4766520333333
2019-10-17,1486.199951,1493.199951,1485.800049,1492.300049,271,1490.4571359999998,1498.7066528666664
2019-10-18,1487.300049,1489.099976,1486.599976,1488.199951,82,1487.8999895714285,1498.1066528666668
2019-10-21,1489.900024,1489.900024,1481.5,1482.400024,72,1486.1285574285716,1497.4466553
2019-10-22,1483.400024,1483.5,1481.699951,1481.699951,99,1485.9857002857145,1497.1599853666667
2019-10-23,1486.400024,1490.300049,1486.400024,1489.900024,67,1485.7285678571427,1497.0099853666666
2019-10-24,1490.5,1501.199951,1485.900024,1498.900024,115,1488.771431857143,1497.0166544666668
2019-10-25,1501.400024,1514.300049,1499.0,1499.5,93,1490.414289,1497.3033203333334
2019-10-28,1504.099976,1504.099976,1490.0,1490.0,37,1490.0857105714288,1496.8666544666667
2019-10-29,1485.900024,1487.0,1485.900024,1487.0,425,1489.914289,1496.2633219333334
2019-10-30,1487.199951,1495.400024,1481.0,1493.199951,320,1491.4571357142856,1495.7866536333333
2019-10-31,1496.099976,1513.099976,1496.099976,1511.400024,210,1495.700003285714,1496.2199869666665
2019-11-01,1511.0,1511.599976,1503.0,1508.0,235,1498.2857141428572,1496.2433186666667
2019-11-04,1511.599976,1511.599976,1508.0,1508.0,101,1499.5857107142858,1495.7199869666665
2019-11-05,1507.099976,1507.099976,1480.800049,1480.800049,31,1496.9142891428571,1494.0099894
2019-11-06,1483.199951,1491.0,1483.199951,1490.199951,567,1496.9428535714287,1493.5299885666668
2019-11-07,1489.099976,1489.099976,1464.199951,1464.199951,581,1493.6857037142856,1492.0866536
2019-11-08,1469.099976,1469.099976,1461.300049,1461.300049,21,1489.1285748571427,1490.8266560333332
2019-11-11,1461.0,1461.0,1449.300049,1455.5,22,1481.142857142857,1490.4866576666668
2019-11-12,1454.900024,1454.900024,1447.099976,1452.099976,6,1473.1571394285716,1489.4899902
2019-11-13,1456.800049,1463.300049,1456.800049,1461.699951,56,1466.5428467142858,1488.1799885666667
2019-11-14,1463.800049,1471.800049,1463.699951,1471.800049,83,1465.2571324285714,1487.0033243333332
2019-11-15,1469.099976,1469.099976,1467.300049,1467.300049,13,1461.985717857143,1485.7066609333335
2019-11-18,1472.0,1472.0,1469.699951,1470.900024,141,1462.9428711428573,1484.8133300333332
2019-11-19,1467.699951,1474.300049,1467.699951,1473.300049,18,1464.657156857143,1484.0166666333332
2019-11-20,1472.599976,1474.5,1467.300049,1473.300049,31,1467.2000209999999,1482.9233357333333
2019-11-21,1463.099976,1463.099976,1463.099976,1463.099976,16,1468.7714495714285,1481.8666666333334
2019-11-22,1468.599976,1468.599976,1463.099976,1463.099976,19,1468.9714531428574,1481.2133341333333
2019-11-25,1457.099976,1457.099976,1455.5,1456.599976,14,1466.800014142857,1480.0433349666666
2019-11-26,1459.800049,1459.800049,1459.800049,1459.800049,346362,1465.7285855714285,1479.4500040666667
2019-11-27,1461.099976,1461.900024,1452.0,1453.400024,88364,1463.2285855714285,1478.2966715333334
2019-11-29,1453.599976,1465.599976,1452.099976,1465.599976,7020,1462.128575142857,1477.4066691
2019-12-02,1462.800049,1464.400024,1453.300049,1462.300049,2172,1460.5571465714286,1476.5433390333335
2019-12-03,1461.599976,1480.400024,1459.5,1478.199951,1460,1462.7142858571426,1476.4033365999999
2019-12-04,1477.5,1483.400024,1471.199951,1474.0,613,1464.271432142857,1476.1466715666668
2019-12-05,1474.699951,1478.0,1472.300049,1476.900024,907,1467.171439,1475.7133382333334
2019-12-06,1475.0,1476.0,1458.199951,1459.099976,899,1467.0714285714287,1474.3866699666664
2019-12-09,1458.800049,1464.199951,1458.599976,1459.300049,1461,1467.9142892857142,1473.0466716
2019-12-10,1460.699951,1467.199951,1460.699951,1462.599976,367,1467.485717857143,1472.1333374666667
2019-12-11,1463.099976,1475.400024,1463.099976,1469.400024,393,1468.5,1471.5466716
2019-12-12,1475.099976,1483.900024,1463.699951,1466.699951,955,1466.857142857143,1470.6633382666666
2019-12-13,1463.099976,1475.900024,1463.099976,1475.599976,468,1467.085710857143,1469.4700033333334
2019-12-16,1473.800049,1475.300049,1473.800049,1475.0,99,1466.8142788571427,1468.3700033333334
2019-12-17,1474.099976,1476.900024,1474.0,1474.599976,410,1469.0285645714287,1467.2566692
2019-12-18,1472.599976,1472.599976,1472.599976,1472.599976,250,1470.9285541428574,1466.9833334333334
2019-12-19,1475.900024,1478.900024,1473.300049,1478.199951,319,1473.157122,1466.5833334333333
2019-12-20,1476.699951,1478.099976,1474.699951,1474.699951,118,1473.9142544285714,1466.9333334333335
2019-12-23,1482.300049,1482.5,1479.900024,1482.5,391,1476.1714042857145,1467.6399984666668
2019-12-24,1488.699951,1499.099976,1488.699951,1499.099976,52,1479.5285471428572,1469.093331
2019-12-26,1505.199951,1512.300049,1505.0,1509.300049,126,1484.4285541428574,1471.0000001
2019-12-27,1513.800049,1513.800049,1513.800049,1513.800049,839,1490.0285645714284,1472.7366700333334
2019-12-30,1512.599976,1515.099976,1510.0,1514.5,446,1496.0142822857142,1474.1600017333335
2019-12-31,1513.800049,1523.400024,1513.800049,1519.5,301,1501.9142892857142,1475.9000000999997
2020-01-02,1518.099976,1528.699951,1518.0,1524.5,214,1509.0285820000001,1477.6866659666669
2020-01-03,1530.099976,1552.699951,1530.099976,1549.199951,107,1518.5571464285715,1480.2166627
2020-01-06,1580.0,1580.0,1560.400024,1566.199951,416,1528.142857142857,1483.3133261
2020-01-07,1558.300049,1576.300049,1558.300049,1571.800049,47,1537.0714285714287,1486.9366618666668
2020-01-08,1579.699951,1604.199951,1552.300049,1557.400024,236,1543.2999964285716,1490.0799968
2020-01-09,1555.699951,1555.699951,1543.300049,1551.699951,54,1548.6142751428572,1493.2499959666668
2020-01-10,1551.199951,1558.800049,1545.400024,1557.5,16,1554.0428465714285,1496.5066610000001
2020-01-13,1557.400024,1558.0,1548.400024,1548.400024,48,1557.4571357142856,1499.6733276666666
2020-01-14,1546.699951,1546.699951,1534.900024,1542.400024,32,1556.4857175714285,1502.2333292666667
2020-01-15,1548.0,1553.900024,1545.599976,1552.099976,11,1554.4714354285713,1505.2266601666665
2020-01-16,1555.699951,1556.099976,1548.5,1549.0,98,1551.2142855714285,1507.5866618
2020-01-17,1554.099976,1558.800049,1553.599976,1558.800049,108,1551.414289142857,1510.4133301000002
2020-01-21,1559.300049,1566.199951,1551.0,1556.400024,45,1552.0857281428573,1513.0633301
2020-01-22,1549.800049,1557.099976,1549.800049,1555.300049,42,1551.7714494285715,1516.2699992000003
2020-01-23,1553.099976,1564.599976,1552.199951,1564.599976,15,1554.0857282857144,1519.7799967666665
2020-01-24,1556.300049,1571.099976,1556.300049,1571.099976,43,1558.1857214285715,1523.3966634333333
2020-01-27,1584.300049,1584.5,1576.800049,1576.800049,22,1561.7143032857143,1526.9766642666664
2020-01-28,1576.400024,1576.400024,1569.199951,1569.199951,3,1564.6000105714286,1530.3933309333333
2020-01-29,1569.800049,1569.800049,1569.800049,1569.800049,251274,1566.171439142857,1533.5333333666665
2020-01-30,1576.800049,1585.0,1571.400024,1583.5,62336,1570.0428642857144,1537.150000033333
2020-01-31,1573.400024,1589.0,1570.0,1582.900024,1095,1573.985717857143,1540.7600016333333
2020-02-03,1592.900024,1593.300049,1568.199951,1577.199951,1062,1575.7857142857142,1544.2466674666668
2020-02-04,1577.699951,1577.699951,1547.800049,1550.400024,978,1572.8285782857145,1546.6533365666667
2020-02-05,1553.199951,1560.699951,1547.699951,1557.800049,1305,1570.1142925714287,1549.4233398333333
2020-02-06,1553.599976,1565.599976,1551.599976,1565.099976,110,1569.5285818571429,1552.1766723666665
2020-02-07,1564.900024,1571.900024,1560.5,1568.599976,431,1569.357142857143,1554.493339033333
2020-02-10,1569.300049,1574.699951,1568.599976,1574.699951,128,1568.099993,1556.6733357666667
2020-02-11,1570.900024,1571.099976,1561.900024,1565.599976,440,1565.6285575714285,1558.4
2020-02-12,1565.199951,1568.699951,1561.0,1567.400024,36,1564.228568,1560.1633341333334
2020-02-13,1570.199951,1575.099976,1570.199951,1575.099976,74,1567.7571325714284,1562.0166666666667
2020-02-14,1575.800049,1582.699951,1574.800049,1582.699951,68,1571.3142614285714,1563.9566650333334
2020-02-18,1579.800049,1604.300049,1579.800049,1600.0,310,1576.2999791428572,1565.65
2020-02-19,1600.599976,1610.5,1599.699951,1607.5,542,1581.8571254285714,1567.0266683
2020-02-20,1606.5,1621.0,1603.0,1616.599976,117,1587.8428432857143,1568.5199992
2020-02-21,1619.300049,1645.0,1619.300049,1644.599976,186,1599.1285575714287,1571.4266642666666
2020-02-24,1657.0,1686.599976,1650.0,1672.400024,435,1614.1285575714285,1575.450000033333
2020-02-25,1645.099976,1653.699951,1632.300049,1646.900024,409,1624.3857072857143,1578.4300008333332
2020-02-26,1644.0,1648.099976,1636.400024,1640.0,1990,1632.5714285714287,1581.4833333666668
2020-02-27,1641.099976,1658.0,1638.5,1640.0,707,1638.2857142857142,1584.7366659
2020-02-28,1640.300049,1642.5,1564.099976,1564.099976,289,1632.0857108571429,1585.1366659000003
2020-03-02,1583.900024,1608.300049,1574.300049,1592.300049,537,1628.614292714286,1586.5800008666668
2020-03-03,1594.5,1645.300049,1594.0,1642.099976,610,1628.2571498571428,1589.3566650999999
2020-03-04,1645.400024,1645.900024,1631.300049,1641.099976,83,1623.7857144285715,1592.1799968333332
2020-03-05,1637.300049,1672.900024,1637.199951,1666.400024,154,1626.5714287142857,1595.8833293333332
2020-03-06,1670.800049,1686.199951,1647.199951,1670.800049,175,1630.9714357142857,1599.4233317666665
2020-03-09,1696.099976,1701.599976,1657.699951,1674.5,161,1635.900007142857,1602.8699992333334
2020-03-10,1671.599976,1674.599976,1643.0,1659.099976,48,1649.4714357142857,1605.6133301333332
2020-03-11,1656.599976,1666.5,1635.0,1641.400024,47,1656.485717857143,1608.0199992333332
2020-03-12,1637.0,1647.5,1566.400024,1589.300049,256,1648.942871142857,1608.6699992333333
2020-03-13,1574.900024,1589.800049,1513.800049,1515.699951,89,1631.0285818571429,1606.4099976
2020-03-16,1569.099976,1569.099976,1452.099976,1485.900024,193,1605.2428675714286,1603.1766642666666
2020-03-17,1469.300049,1537.699951,1469.300049,1524.900024,122,1584.400006857143,1601.4333333666666
2020-03-18,1537.5,1542.0,1477.300049,1477.300049,333,1556.2285852857144,1598.9966675333333
2020-03-19,1481.5,1491.599976,1471.0,1478.599976,262,1530.442871,1596.3566650999999
2020-03-20,1483.5,1484.0,1483.5,1484.0,14,1507.9571532857142,1593.6533325666667
2020-03-23,1505.300049,1567.0,1490.199951,1567.0,51,1504.771432,1593.6000000333331
2020-03-24,1592.699951,1685.5,1592.699951,1660.199951,442,1525.4142891428571,1596.4500000333333
2020-03-25,1676.5,1676.5,1631.099976,1632.300049,476,1546.3285784285713,1598.6733357999997
2020-03-26,1660.5,1660.5,1650.099976,1650.099976,3,1564.2142858571426,1601.4300008666667
2020-03-27,1623.900024,1623.900024,1623.900024,1623.900024,100638,1585.1571394285713,1603.0566691333333
2020-03-30,1641.199951,1652.800049,1607.199951,1622.0,16389,1605.642857142857,1604.3666707666666
2020-03-31,1618.699951,1621.0,1576.0,1583.400024,2874,1619.8428605714287,1603.8133382333333
2020-04-01,1570.0,1600.0,1570.0,1578.199951,2158,1621.4428535714287,1602.8366699333335
2020-04-02,1590.900024,1631.199951,1586.0,1625.699951,1294,1616.514282142857,1603.1400024333334
2020-04-03,1624.5,1636.0,1619.800049,1633.699951,643,1616.7142681428572,1602.7766682666665
2020-04-06,1629.099976,1696.699951,1625.900024,1677.0,1063,1620.557128714286,1602.9300008
2020-04-07,1695.699951,1724.400024,1658.0,1664.800049,1144,1626.3999894285714,1603.5266683
2020-04-08,1669.699951,1677.0,1662.5,1665.400024,747,1632.599992857143,1604.3733357666667
2020-04-09,1662.699951,1736.199951,1662.699951,1736.199951,825,1654.4285538571428,1607.5800008
2020-04-13,1722.0,1756.800049,1710.699951,1744.800049,696,1678.2285678571427,1613.6033365666667
2020-04-14,1756.800049,1775.0,1739.5,1756.699951,675,1696.9428535714287,1619.0833333
2020-04-15,1739.400024,1744.900024,1722.699951,1727.199951,642,1710.2999964285716,1621.9199991333335
2020-04-16,1731.0,1750.599976,1715.0,1720.400024,162,1716.4999998571427,1624.5633340666668
2020-04-17,1715.699951,1725.0,1684.900024,1689.199951,223,1719.9857001428572,1625.3233316333333
2020-04-20,1686.0,1701.599976,1680.0,1701.599976,106,1725.1571218571428,1626.3499958666666
2020-04-21,1697.0,1707.099976,1659.900024,1678.199951,666,1716.8714075714286,1626.4733275666667
2020-04-22,1696.0,1728.699951,1684.800049,1728.699951,453,1714.5713935714286,1628.7933267333333
2020-04-23,1734.0,1745.099976,1733.300049,1733.300049,482,1711.2285504285715,1631.8566609000002
2020-04-24,1744.0,1744.0,1714.5,1723.5,221,1710.699986,1636.3299926
2020-04-27,1731.900024,1731.900024,1711.900024,1711.900024,169,1709.4857002857145,1642.8699950333335
2020-04-28,1716.599976,1716.599976,1707.099976,1710.5,1255,1712.5285644285716,1650.3566609000002
2020-04-29,1710.0,1713.5,1702.0,1703.400024,373,1712.7857141428572,1656.3066609
2020-04-30,1719.300049,1719.300049,1680.800049,1684.199951,327,1713.642857,1663.2033243
2020-05-01,1686.599976,1701.5,1670.5,1694.5,337,1708.7571497142856,1670.3999917666667
2020-05-04,1702.599976,1709.0,1699.599976,1706.900024,320,1704.9857175714285,1677.8299925666668
2020-05-05,1701.5,1704.400024,1697.199951,1704.400024,82,1702.2571495714287,1682.4099933666666
2020-05-06,1704.0,1704.0,1684.199951,1684.199951,469,1698.2999962857143,1683.2099933666666
2020-05-07,1686.199951,1721.800049,1685.599976,1721.800049,853,1699.914289,1686.1933267
2020-05-08,1726.199951,1728.900024,1703.800049,1709.900024,330,1700.8428604285712,1688.1866616333332
2020-05-11,1702.300049,1704.5,1690.199951,1695.300049,749,1702.4285887142858,1690.5666624666667
2020-05-12,1699.300049,1713.099976,1699.300049,1704.400024,324,1703.8428778571429,1693.3133299333335
2020-05-13,1702.0,1721.300049,1701.900024,1713.900024,431,1704.8428778571429,1697.6633299333334
2020-05-14,1724.300049,1743.099976,1720.5,1738.099976,672,1709.6571567142855,1702.9933307666665
2020-05-15,1739.699951,1753.400024,1739.699951,1753.400024,719,1719.5428814285715,1707.2499998666667
2020-05-18,1755.699951,1770.5,1731.800049,1731.800049,229,1720.9714528571426,1710.5200031333334
2020-05-19,1744.199951,1749.5,1744.199951,1744.199951,167,1725.8714424285715,1712.7600015
2020-05-20,1751.599976,1752.099976,1745.599976,1750.599976,16,1733.7714319999998,1715.6199990666667
2020-05-21,1746.800049,1746.800049,1720.5,1720.5,528,1736.0714285714287,1717.4566649333333
2020-05-22,1726.599976,1734.599976,1726.599976,1734.599976,6,1739.0285645714287,1717.4033324333332
2020-05-26,1726.400024,1726.400024,1704.800049,1704.800049,39,1734.2714321428573,1716.0699991000001
2020-05-27,1685.599976,1710.300049,1685.599976,1710.300049,137416,1728.1142928571428,1714.5233357
2020-05-28,1709.300049,1727.800049,1705.0,1713.300049,23355,1725.471435714286,1714.060005633333
2020-05-29,1718.800049,1738.300049,1715.099976,1736.900024,1526,1724.4285889999999,1714.6100056333335
2020-06-01,1740.400024,1747.0,1727.099976,1737.800049,871,1722.6000280000003,1716.2300088999998
2020-06-02,1743.0,1745.5,1721.800049,1725.199951,741,1723.2714495714285,1717.0166747333335
2020-06-03,1726.300049,1726.300049,1684.5,1697.800049,2755,1718.0143171428572,1717.6700113333332
2020-06-04,1694.5,1718.900024,1694.5,1718.900024,807,1720.028599285714,1717.3433470999998
2020-06-05,1711.800049,1711.800049,1668.599976,1676.199951,1502,1715.1571567142857,1715.4400105
2020-06-08,1679.099976,1699.400024,1675.900024,1698.300049,587,1713.0142995714286,1714.6000121333334
2020-06-09,1694.599976,1720.900024,1692.0,1714.699951,690,1709.8428605714287,1714.6933430333333
2020-06-10,1716.099976,1740.800049,1711.900024,1713.300049,718,1706.3428605714287,1714.786678
2020-06-11,1737.199951,1744.099976,1720.0,1732.0,347,1707.314296142857,1715.7400105333334
2020-06-12,1724.900024,1743.0,1724.900024,1729.300049,318,1711.814296142857,1717.2433471333331
2020-06-15,1730.0,1730.0,1703.300049,1720.300049,188,1712.014299714286,1718.1033487666668
2020-06-16,1726.300049,1729.599976,1722.400024,1729.599976,22,1719.6428747142857,1718.8600138333334
2020-06-17,1714.699951,1729.199951,1714.699951,1729.199951,51,1724.0571464285715,1719.686678066667
2020-06-18,1730.5,1734.099976,1717.300049,1724.800049,110,1725.5000175714285,1721.0400146666666
2020-06-19,1723.699951,1750.699951,1723.5,1745.900024,1329,1730.157156857143,1721.843347166667
2020-06-22,1755.199951,1767.599976,1750.5,1756.699951,1356,1733.6857212857144,1723.4033447333334
2020-06-23,1755.400024,1776.300049,1754.199951,1772.099976,666,1739.7999965714284,1725.9633423000002
2020-06-24,1778.300049,1783.099976,1764.5,1765.800049,961,1746.2999965714284,1728.0100098
2020-06-25,1761.699951,1764.800049,1759.800049,1762.099976,207,1750.9428537142855,1729.6166748666665
2020-06-26,1766.0,1772.5,1764.699951,1772.5,640,1757.128575,1730.7633423333332
2020-06-29,1779.800049,1780.199951,1774.300049,1774.800049,584,1764.271432142857,1731.4766765
2020-06-30,1777.300049,1793.199951,1774.400024,1793.0,986,1771.0000001428573,1733.5166748666668
2020-07-01,1793.599976,1798.0,1765.800049,1773.199951,331,1773.357143,1734.4833415333333
2020-07-02,1773.400024,1784.0,1768.699951,1784.0,215,1775.0571464285713,1735.5966756666667
2020-07-06,1788.199951,1790.099976,1788.199951,1788.5,172,1778.2999965714284,1737.8633423333333
2020-07-07,1789.300049,1804.199951,1783.300049,1804.199951,751,1784.3142787142858,1740.1833415
2020-07-08,1801.5,1817.900024,1801.5,1815.5,209,1790.457135857143,1743.8733398666666
2020-07-09,1816.099976,1819.800049,1799.199951,1799.199951,396,1793.9428361428575,1746.8366699333335
2020-07-10,1805.5,1805.5,1797.699951,1798.199951,236,1794.6856862857142,1749.6666666666667
2020-07-13,1805.0,1811.0,1805.0,1811.0,164,1800.0856932857143,1752.1366658666666
2020-07-14,1791.0,1811.5,1791.0,1810.599976,339,1803.885689857143,1754.5633301000003
2020-07-15,1806.099976,1813.5,1806.099976,1811.400024,167,1807.1571218571428,1757.4366658666665
2020-07-16,1810.900024,1810.900024,1794.300049,1798.699951,146,1806.3714075714286,1760.7999959333333
2020-07-17,1798.5,1810.099976,1798.5,1808.300049,24,1805.3428431428572,1763.7799967666665
2020-07-20,1807.0,1817.300049,1807.0,1815.900024,89,1807.7285678571427,1768.4366658666665
2020-07-21,1822.0,1842.400024,1822.0,1842.400024,117,1814.0428639999998,1773.2399983666667
2020-07-22,1858.099976,1867.0,1854.699951,1864.099976,213,1821.628574857143,1778.2199991999998
2020-07-23,1868.699951,1890.300049,1868.5,1889.099976,133,1832.8428605714284,1784.0799967666667
2020-07-24,1884.300049,1897.300049,1884.300049,1897.300049,474,1845.114292714286,1789.5899984
2020-07-27,1901.699951,1938.0,1901.5,1931.0,364,1864.014299714286,1796.3133301000003
2020-07-28,1931.5,1944.699951,1928.599976,1944.699951,825,1883.5,1803.7933268333331
2020-07-29,1953.199951,1953.5,1952.599976,1953.5,209835,1903.1571394285716,1811.2566609666667
2020-07-30,1963.400024,1965.099976,1930.0,1942.300049,28853,1917.4285715714286,1818.3599975666666
2020-07-31,1948.599976,1981.099976,1948.0,1962.800049,2914,1931.5285820000001,1826.2933309
2020-08-03,1984.300049,1984.300049,1955.5,1966.0,683,1942.5142997142855,1833.6299967666666
2020-08-04,1971.0,2016.199951,1968.800049,2001.199951,2010,1957.357142857143,1841.7799967666667
2020-08-05,2024.0,2050.199951,2011.0,2031.099976,1422,1971.6571394285713,1850.4133301
2020-08-06,2045.5,2063.0,2040.0,2051.5,294,1986.9142892857142,1859.9366618
2020-08-07,2040.099976,2055.0,2009.599976,2010.099976,808,1995.0000001428568,1868.2033284666666
2020-08-10,2026.400024,2043.800049,2017.5,2024.400024,233,2006.728568,1876.5999959333335
2020-08-11,2012.400024,2016.0,1904.0,1932.599976,971,2002.4142718571427,1881.8599934999997
2020-08-12,1923.0,1946.599976,1871.599976,1934.900024,404,1997.9714181428571,1886.5899943
2020-08-13,1921.5,1957.400024,1916.900024,1956.699951,71,1991.6142752857143,1892.7066609666667
2020-08-14,1938.699951,1947.400024,1937.0,1937.0,201,1978.1714215714287,1897.8066609666669
2020-08-17,1949.599976,1985.0,1949.599976,1985.0,97,1968.6714215714287,1904.3566609666668
2020-08-18,2001.099976,2002.800049,1972.099976,1999.400024,92,1967.142857,1910.8633300666665
2020-08-19,1980.0,1980.0,1938.699951,1958.699951,347,1957.7571322857143,1915.6366617666667
2020-08-20,1941.199951,1948.300049,1922.300049,1933.800049,106,1957.9285712857143,1920.1233316999999
2020-08-21,1941.0,1945.0,1908.900024,1934.599976,184,1957.8857072857143,1924.6699992000001
2020-08-24,1930.199951,1940.0,1922.199951,1927.699951,85,1953.742850142857,1928.5599975666667
2020-08-25,1927.5,1928.5,1911.800049,1911.800049,176,1950.142857142857,1931.9333333333334
2020-08-26,1909.699951,1950.800049,1909.699951,1940.699951,287,1943.8142787142856,1936.2433309
2020-08-27,1948.900024,1972.5,1921.599976,1921.599976,2303,1932.6999861428574,1940.3399984
2020-08-28,1927.099976,1971.300049,1922.5,1964.599976,778,1933.5428468571429,1945.5499959666668
2020-08-31,1970.0,1971.300049,1953.300049,1967.599976,158,1938.3714078571427,1950.6066610333332
2020-09-01,1961.699951,1986.300049,1961.699951,1968.199951,186,1943.1714042857143,1954.7999919333333
2020-09-02,1967.300049,1967.300049,1934.400024,1934.400024,71,1944.1285575714285,1957.1433268666667
2020-09-03,1937.099976,1938.800049,1923.0,1927.599976,179,1946.3856899999998,1958.4266602
2020-09-04,1927.900024,1939.699951,1917.699951,1923.900024,607,1943.9857004285714,1959.3133260333334
2020-09-08,1930.900024,1937.900024,1903.099976,1933.0,271,1945.6142752857143,1959.3799927
2020-09-09,1926.900024,1946.199951,1924.599976,1944.699951,219,1942.7714145714287,1959.3799927
2020-09-10,1944.099976,1962.699951,1944.099976,1954.199951,722,1940.8571252857143,1959.4033244
2020-09-11,1944.0,1949.5,1937.800049,1937.800049,73,1936.5142821428574,1959.2533243999999
2020-09-14,1946.300049,1953.099976,1943.0,1953.099976,55,1939.185703857143,1958.9299886333333
2020-09-15,1955.800049,1968.5,1955.800049,1956.300049,74,1943.2857142857142,1958.6066569333334
2020-09-16,1961.300049,1961.400024,1956.699951,1960.199951,124,1948.4714181428571,1957.2399902666666
2020-09-17,1939.0,1946.0,1933.699951,1940.0,67,1949.4714181428571,1954.2033244000002
2020-09-18,1950.5,1952.099976,1949.0,1952.099976,38,1950.5285645714287,1950.8899902666667
2020-09-21,1946.199951,1946.199951,1883.400024,1901.199951,52,1942.9571360000002,1947.2599894333334
2020-09-22,1913.099976,1913.099976,1898.599976,1898.599976,331,1937.3571255714287,1943.0666545
2020-09-23,1875.5,1875.5,1859.900024,1859.900024,5,1924.0428467142858,1940.6433227666669
2020-09-24,1851.5,1868.300049,1851.5,1868.300049,365,1911.4714181428571,1938.4233236
2020-09-25,1856.300049,1857.699951,1856.300049,1857.699951,4,1896.828561,1935.1233236
2020-09-28,1872.800049,1872.800049,1872.800049,1872.800049,10455,1887.228568,1932.9833252333333
2020-09-29,1876.5,1895.400024,1872.400024,1894.300049,3283,1878.9714355714284,1929.959993533333
2020-09-30,1893.0,1899.699951,1879.800049,1887.5,600,1877.0142997142855,1926.2299927333333
2020-10-01,1884.099976,1909.599976,1882.5,1908.400024,730,1878.4143065714286,1924.5533285
2020-10-02,1893.900024,1913.0,1893.900024,1900.199951,530,1884.171439,1923.4333252333336
2020-10-05,1898.900024,1915.599976,1884.699951,1912.5,1360,1890.4857177142858,1922.6966593666666
2020-10-06,1906.599976,1918.0,1874.400024,1901.099976,968,1896.6857212857142,1921.8099935333335
2020-10-07,1874.099976,1889.800049,1873.099976,1883.599976,50,1898.228568,1920.8699910999999
2020-10-08,1893.0,1893.0,1882.699951,1888.599976,348,1897.4142718571431,1919.1333252666668
2020-10-09,1909.300049,1929.099976,1905.099976,1919.5,580,1901.9857004285716,1919.0633260666666
2020-10-12,1924.0,1926.5,1921.599976,1922.5,96,1903.9999827142856,1917.6599935333334
2020-10-13,1921.900024,1922.199951,1887.0,1888.5,191,1902.328561142857,1915.0233276666668
2020-10-14,1889.699951,1910.800049,1882.5,1901.300049,33,1900.728568142857,1912.7933309333334
2020-10-15,1897.300049,1906.300049,1889.599976,1903.199951,254,1901.0285645714284,1911.7533285
2020-10-16,1898.5,1900.800049,1898.5,1900.800049,53,1903.485717857143,1910.8599976
2020-10-19,1907.300049,1907.800049,1899.5,1906.400024,43,1906.0285818571429,1910.2766642666668
2020-10-20,1901.300049,1910.400024,1896.099976,1910.400024,329,1904.7285852857144,1909.5233317333332
2020-10-21,1913.599976,1927.300049,1913.599976,1924.599976,1202,1905.0285818571429,1908.853332566667
2020-10-22,1924.300049,1924.300049,1898.199951,1901.099976,899,1906.8285784285713,1907.0833334000001
2020-10-23,1899.900024,1913.300049,1896.199951,1902.0,287,1906.9285714285713,1905.8899984333334
2020-10-26,1895.5,1907.0,1893.5,1902.699951,242,1906.857142857143,1904.2099976
2020-10-27,1904.599976,1908.800049,1904.400024,1908.800049,176,1908.0,1902.6266642666667
2020-10-28,1870.900024,1876.199951,1870.900024,1876.199951,277,1903.685703857143,1899.8266642666667
2020-10-29,1876.099976,1879.800049,1858.800049,1865.599976,240,1897.285697,1897.3466634666665
2020-10-30,1862.800049,1886.599976,1862.800049,1877.400024,725,1890.5428467142858,1894.8566650666667
2020-11-02,1872.900024,1894.699951,1872.900024,1890.400024,190,1889.014282142857,1894.4966674999998
2020-11-03,1891.5,1908.5,1891.5,1908.5,712,1889.9428535714285,1894.8266683
2020-11-04,1893.800049,1907.0,1885.300049,1894.599976,782,1888.7857142857142,1895.9833333666668
2020-11-05,1901.699951,1948.0,1901.699951,1945.300049,135,1894.0,1898.5500000333334
2020-11-06,1940.800049,1958.800049,1940.800049,1950.300049,304,1904.5857282857144,1901.6366699666664
2020-11-09,1955.599976,1963.199951,1847.099976,1853.199951,745,1902.814296142857,1900.9833333666668
2020-11-10,1879.300049,1885.300049,1871.199951,1875.400024,276,1902.5285818571429,1900.3533325333335
2020-11-11,1878.800049,1878.800049,1855.5,1860.699951,222,1898.2857142857142,1899.4599975666667
2020-11-12,1869.0,1878.5,1866.599976,1872.599976,220,1893.1571394285716,1898.2666626333335
2020-11-13,1877.0,1890.099976,1876.800049,1885.699951,240,1891.885707285714,1897.7833292999999
2020-11-16,1874.599976,1887.300049,1871.0,1887.300049,6,1883.5999929999998,1896.9433309333333
2020-11-17,1888.400024,1888.400024,1884.5,1884.5,59,1874.199986,1896.3899984000002
2020-11-18,1873.5,1873.5,1873.5,1873.5,152,1877.0999929999998,1896.0533325333336
2020-11-19,1865.800049,1865.800049,1856.0,1861.099976,59,1875.0571290000003,1895.1366658666666
2020-11-20,1871.199951,1872.599976,1871.199951,1872.599976,1900,1876.7571325714287,1893.5733317333331
2020-11-23,1834.800049,1837.800049,1829.199951,1837.800049,843,1871.7857144285713,1890.7500000333332
2020-11-24,1829.300049,1829.300049,1799.300049,1804.800049,1041,1860.2285855714285,1887.9600016666666
2020-11-25,1801.400024,1805.699951,1801.400024,1805.699951,205754,1848.5714287142855,1884.7733317333332
2020-11-27,1806.099976,1817.0,1770.699951,1781.900024,71804,1833.9142892857144,1880.7300008333332
2020-11-30,1785.0,1787.199951,1762.300049,1775.699951,3145,1819.9428537142855,1876.5599975666667
2020-12-01,1775.0,1815.900024,1774.900024,1814.099976,1859,1813.228568,1873.4833293
2020-12-02,1811.300049,1830.0,1807.800049,1825.699951,771,1806.5285644285716,1870.6599935333334
2020-12-03,1829.199951,1842.0,1825.300049,1836.800049,1765,1806.3857072857143,1867.7333293
2020-12-04,1840.699951,1847.599976,1828.199951,1835.900024,1213,1810.828560857143,1865.5599975666667
2020-12-07,1836.5,1866.900024,1820.800049,1861.800049,1427,1818.8428605714287,1864.2199991999998
2020-12-08,1863.0,1875.800049,1861.800049,1870.800049,121,1831.542864142857,1863.156669133333
2020-12-09,1867.099976,1867.099976,1827.0,1834.599976,215,1839.9571534285715,1860.6833333666666
2020-12-10,1833.199951,1849.099976,1828.0,1833.599976,177,1842.7428677142857,1859.2633342
2020-12-11,1838.5,1846.0,1829.099976,1839.800049,109,1844.7571674285714,1858.403336633333
2020-12-14,1835.5,1835.699951,1822.699951,1828.699951,258,1843.6000105714286,1856.7800008666666
2020-12-15,1833.5,1853.599976,1833.199951,1852.300049,961,1845.942871285714,1855.5100017
2020-12-16,1856.5,1864.699951,1850.5,1856.099976,1090,1845.128575142857,1853.7633342333334
2020-12-17,1874.199951,1896.199951,1874.199951,1887.199951,414,1847.4714182857144,1853.516666733333
2020-12-18,1882.400024,1889.5,1882.300049,1885.699951,276,1854.7714147142856,1851.5299968
2020-12-21,1884.800049,1908.0,1869.099976,1879.199951,136,1861.2856968571427,1849.1599935333334
2020-12-22,1882.199951,1882.199951,1861.0,1866.599976,233,1865.114257857143,1849.6066610333332
2020-12-23,1867.0,1878.800049,1864.5,1874.699951,82,1871.6856864285712,1849.5833252666666
2020-12-24,1877.300049,1879.900024,1875.699951,1879.900024,46,1875.62854,1850.2233277000003
2020-12-28,1895.5,1895.800049,1873.699951,1877.199951,75,1878.6428221428573,1850.3766601999998
2020-12-29,1881.300049,1881.300049,1879.699951,1879.699951,343,1877.5713935714286,1850.1766602
2020-12-30,1879.900024,1895.800049,1877.300049,1891.0,444,1878.3285434285715,1850.2999919
2020-12-31,1897.0,1901.300049,1892.699951,1893.099976,127,1880.314261285714,1850.5866577666666
2021-01-04,1912.199951,1945.099976,1912.199951,1944.699951,154,1891.4714005714286,1852.9599894666667
2021-01-05,1941.699951,1952.699951,1941.300049,1952.699951,113,1902.6142577142855,1856.0133219666668
2021-01-06,1952.0,1959.900024,1901.5,1906.900024,331,1906.4714005714286,1857.1566569
2021-01-07,1922.599976,1926.699951,1912.0,1912.300049,122,1911.4857002857145,1859.6399902333333
2021-01-08,1908.0,1908.0,1834.099976,1834.099976,60,1904.9714181428571,1860.6166544666667
2021-01-11,1826.5,1849.599976,1826.5,1849.599976,20,1899.057129,1862.0799886333334
2021-01-12,1849.0,1859.699951,1839.400024,1842.900024,176,1891.8857072857143,1864.1133219666667
2021-01-13,1858.0,1858.599976,1853.599976,1853.599976,189,1878.871425142857,1866.7099894666667
2021-01-14,1836.699951,1850.699951,1836.699951,1850.300049,149,1864.2428677142855,1867.9166585666667
2021-01-15,1829.400024,1829.400024,1825.0,1829.300049,31,1853.1571569999999,1868.0366618333333
2021-01-19,1802.0,1842.900024,1802.0,1839.5,13,1842.7571499999997,1868.1266602
2021-01-20,1847.800049,1866.599976,1844.400024,1865.900024,16,1847.300014,1869.1266601999998
2021-01-21,1865.300049,1868.0,1865.300049,1865.300049,6,1849.5428815714283,1869.2433268666668
2021-01-22,1854.900024,1855.699951,1852.699951,1855.699951,8,1851.3714425714284,1868.7399902666666
2021-01-25,1864.699951,1864.699951,1851.800049,1854.900024,26,1851.5571637142857,1869.4166585333332
2021-01-26,1855.800049,1855.800049,1850.699951,1850.699951,59,1851.6142925714287,1869.9866577
2021-01-27,1844.900024,1844.900024,1844.900024,1844.900024,195540,1853.8428604285712,1870.156656866667
2021-01-28,1843.400024,1862.900024,1831.5,1837.900024,27283,1853.6142924285712,1870.4633259666666
2021-01-29,1842.0,1876.0,1838.699951,1847.300049,1634,1850.9571531428571,1870.2966593000003
2021-02-01,1866.599976,1871.900024,1850.0,1860.800049,1494,1850.314296,1870.4533284
2021-02-02,1859.599976,1861.300049,1827.599976,1830.5,1293,1846.7143030000002,1868.5633300333334
2021-02-03,1834.800049,1842.400024,1829.800049,1832.199951,1195,1843.4714354285716,1866.7799967
2021-02-04,1832.199951,1832.199951,1782.800049,1788.900024,2375,1834.6428744285713,1863.7699991333332
2021-02-05,1794.300049,1813.5,1790.900024,1810.900024,1278,1829.7857315714284,1861.9133340666667
2021-02-08,1816.300049,1836.699951,1809.0,1831.900024,254,1828.9285887142858,1860.4866698333333
2021-02-09,1841.900024,1843.300049,1830.699951,1835.300049,184,1827.214303,1859.000004
2021-02-10,1842.599976,1851.099976,1837.0,1840.599976,543,1824.3285782857142,1857.7800048333334
2021-02-11,1840.5,1845.0,1820.900024,1824.900024,602,1823.5285817142856,1855.9533406
2021-02-12,1825.0,1827.5,1809.199951,1821.599976,259,1822.0142995714286,1853.6400064666666
2021-02-16,1820.900024,1823.400024,1787.300049,1797.199951,1141,1823.2000034285716,1850.4433389666667
2021-02-17,1785.800049,1789.699951,1768.800049,1771.099976,614,1817.5142822857142,1844.6566731333332
2021-02-18,1776.099976,1784.599976,1766.0,1773.400024,587,1809.1571394285713,1838.6800088999998
2021-02-19,1764.300049,1787.599976,1764.300049,1775.800049,118,1800.6571394285713,1834.3100097333333
2021-02-22,1784.0,1807.800049,1784.0,1806.699951,165,1795.8142787142858,1830.7900064666667
2021-02-23,1809.599976,1811.300049,1796.400024,1804.400024,569,1792.8857072857143,1829.8000080666668
2021-02-24,1805.800049,1805.800049,1796.400024,1796.400024,1500,1789.2857141428572,1828.0266763333334
2021-02-25,1801.5,1802.0,1766.699951,1774.400024,1049,1786.0285817142856,1825.7433429999999
2021-02-26,1768.099976,1768.199951,1718.800049,1728.099976,1593,1779.8857245714285,1821.5600096666667
2021-03-01,1737.099976,1747.0,1720.300049,1722.5,407,1772.6142925714287,1817.3000080333334
2021-03-02,1709.400024,1733.099976,1708.699951,1733.099976,867,1766.5142821428574,1814.0933389333334
2021-03-03,1730.0,1732.400024,1703.5,1715.300049,501,1753.4571532857142,1809.9533405666666
2021-03-04,1706.5,1717.400024,1700.199951,1700.199951,521,1738.5714285714287,1804.4300048
2021-03-05,1690.599976,1701.0,1685.0,1698.0,302,1724.5142822857144,1798.8533365
2021-03-08,1704.699951,1705.400024,1673.699951,1677.699951,1290,1710.6999861428574,1792.9200031666664
2021-03-09,1686.199951,1717.5,1685.199951,1716.599976,335,1709.057129,1788.3100015666669
2021-03-10,1713.599976,1722.900024,1711.0,1721.5,412,1708.9142718571431,1784.0033365333334
2021-03-11,1725.599976,1737.5,1720.199951,1722.300049,18,1707.371425142857,1779.9166707
2021-03-12,1715.900024,1722.5,1699.0,1719.5,80,1707.9714181428571,1775.9700032333335
2021-03-15,1729.5,1731.900024,1722.800049,1728.900024,147,1712.0714285714287,1772.0233357333334
2021-03-16,1732.300049,1733.900024,1726.0,1730.599976,729,1716.728568,1767.6833333
2021-03-17,1735.300049,1750.099976,1725.599976,1726.800049,488,1723.7428677142855,1764.2266682666666
2021-03-18,1745.800049,1750.300049,1721.800049,1732.199951,138,1725.9714355714284,1760.8933349333333
2021-03-19,1742.199951,1742.199951,1733.599976,1741.400024,13,1728.814296142857,1759.3100016
2021-03-22,1737.800049,1737.800049,1737.800049,1737.800049,51,1731.0285818571429,1756.8733357666667
2021-03-23,1724.699951,1724.699951,1724.699951,1724.699951,6,1731.771432,1753.3
2021-03-24,1727.5,1732.900024,1727.5,1732.900024,26,1732.3428605714284,1749.8866658333332
2021-03-25,1732.699951,1733.199951,1724.5,1724.900024,15,1731.5285817142856,1746.0300007666667
2021-03-26,1721.300049,1732.199951,1721.300049,1732.199951,33,1732.2999962857143,1742.9399983333335
2021-03-29,1712.099976,1712.099976,1712.099976,1712.099976,135457,1729.4285712857143,1739.2899983333334
2021-03-30,1711.0,1712.599976,1676.5,1683.900024,25316,1721.2142855714285,1735.5133341
2021-03-31,1683.699951,1713.800049,1676.5,1713.800049,762,1717.7857141428572,1733.6033365333335
2021-04-01,1706.800049,1728.800049,1706.400024,1726.5,720,1718.0428639999998,1732.0400024
2021-04-05,1727.900024,1729.699951,1721.900024,1727.0,275,1717.2000034285713,1730.4133341000002
2021-04-06,1726.900024,1744.800049,1726.900024,1741.5,890,1719.5714285714287,1728.2400024
2021-04-07,1742.699951,1742.699951,1733.699951,1740.099976,557,1720.7000035714284,1726.0966674666665
2021-04-08,1736.0,1758.0,1734.599976,1756.800049,1298,1727.0857282857144,1724.7766683000002
2021-04-09,1750.800049,1750.800049,1733.300049,1743.300049,484,1735.5714461428572,1723.7400024666667
2021-04-12,1740.800049,1740.800049,1726.699951,1731.199951,40,1738.0571464285715,1723.8433349666668
2021-04-13,1733.800049,1746.900024,1722.099976,1746.199951,367,1740.8714251428573,1724.6333333333334
2021-04-14,1741.300049,1745.900024,1732.699951,1734.900024,1037,1742.0,1724.6933349333333
2021-04-15,1740.099976,1767.900024,1740.099976,1765.400024,368,1745.4142891428571,1726.3633341
2021-04-16,1770.400024,1779.5,1770.099976,1779.0,625,1750.9714354285716,1728.9900024
2021-04-19,1782.099976,1788.5,1769.400024,1769.400024,144,1752.771431857143,1731.3700032
2021-04-20,1769.300049,1777.300049,1765.5,1777.300049,1464,1757.6285747142858,1734.6900064666668
2021-04-21,1783.0,1794.099976,1777.699951,1792.300049,250,1766.357160142857,1737.2133422333332
2021-04-22,1794.199951,1794.199951,1779.5,1781.199951,159,1771.357160142857,1739.2033406
2021-04-23,1786.099976,1794.5,1772.0,1777.0,332,1777.3714424285715,1741.0266723
2021-04-26,1778.0,1779.699951,1770.800049,1779.199951,549,1779.3428605714287,1743.0166706666666
2021-04-27,1780.0,1782.0,1777.699951,1778.0,117,1779.2000034285716,1744.6533365333332
2021-04-28,1768.199951,1774.0,1764.599976,1773.199951,756,1779.742850142857,1746.0733357
2021-04-29,1781.0,1789.0,1758.599976,1768.099976,196,1778.428554,1747.4499999333334
2021-04-30,1771.800049,1771.800049,1763.900024,1767.300049,18,1774.8571254285714,1748.6200032000002
2021-05-03,1788.5,1793.0,1788.5,1791.400024,18,1776.3142787142858,1750.2866698666664
2021-05-04,1788.199951,1788.5,1774.800049,1775.800049,182,1776.142857142857,1751.5533365333333
2021-05-05,1781.5,1784.099976,1779.199951,1784.099976,57,1776.8428607142855,1753.5333373666665
2021-05-06,1788.900024,1815.5,1787.599976,1815.5,13,1782.2000035714284,1756.2866699
2021-05-07,1842.900024,1842.900024,1831.099976,1831.099976,2,1790.471435714286,1759.8266683
2021-05-10,1835.599976,1845.599976,1835.400024,1837.5,13,1800.3857248571428,1763.3366699333333
2021-05-11,1837.199951,1838.099976,1831.599976,1835.900024,420,1810.1857212857142,1767.4633382
2021-05-12,1825.199951,1825.199951,1821.699951,1822.599976,3,1814.6428572857144,1772.0866699333333
2021-05-13,1814.699951,1826.800049,1814.099976,1823.800049,100,1821.5000001428573,1775.7533366
2021-05-14,1824.5,1842.900024,1824.5,1837.900024,41,1829.1857212857144,1779.4666707333333
2021-05-17,1849.900024,1867.5,1847.199951,1867.5,13,1836.614292714286,1784.1500040666665
2021-05-18,1870.5,1870.5,1867.800049,1867.800049,3,1841.8571602857141,1788.3600057
2021-05-19,1866.400024,1884.900024,1863.599976,1881.300049,348,1848.1143101428572,1793.0666748
2021-05-20,1865.5,1885.0,1864.800049,1881.800049,85,1854.6714565714285,1797.2333414666666
2021-05-21,1872.099976,1876.699951,1872.099976,1876.699951,5,1862.4000244285714,1801.6800048666666
2021-05-24,1882.099976,1884.599976,1882.099976,1884.599976,39,1871.0857282857141,1806.7933390333333
2021-05-25,1882.5,1898.099976,1882.5,1898.099976,56,1879.6857214285717,1811.8566732000002
2021-05-26,1901.300049,1901.300049,1901.300049,1901.300049,170526,1884.514299857143,1817.4033407
2021-05-27,1896.800049,1903.900024,1888.199951,1895.699951,35794,1888.5000001428573,1821.7466716000001
2021-05-28,1897.5,1905.400024,1881.900024,1902.5,2415,1891.5285645714284,1825.8633382666667
2021-06-01,1905.099976,1916.199951,1892.800049,1902.900024,640,1894.5428467142858,1830.3133382666667
2021-06-02,1899.199951,1908.800049,1896.0,1907.5,1267,1898.9428537142855,1834.653336633333
2021-06-03,1908.800049,1908.800049,1865.0,1871.199951,1021,1897.0285644285716,1837.2833333666667
2021-06-04,1869.300049,1895.5,1854.0,1889.800049,367,1895.8428605714287,1840.903336633333
2021-06-07,1890.5,1899.699951,1883.199951,1896.800049,87,1895.2000034285713,1844.8966716
2021-06-08,1896.5,1902.900024,1890.0,1892.199951,930,1894.7000034285716,1848.6633382666666
2021-06-09,1894.900024,1897.699951,1889.199951,1893.199951,148,1893.3714249999998,1852.5033366333334
2021-06-10,1887.699951,1899.800049,1871.5,1894.199951,186,1892.1285574285716,1856.5366699666668
2021-06-11,1900.900024,1902.300049,1875.199951,1877.400024,349,1887.8285608571427,1860.1800049
2021-06-14,1866.199951,1866.599976,1846.5,1864.0,41,1886.7999964285716,1863.4033365999999
2021-06-15,1866.400024,1867.199951,1854.400024,1854.5,78,1881.7571322857143,1865.5066691333334
2021-06-16,1859.400024,1860.099976,1809.199951,1859.5,117,1876.4285538571426,1868.2966674999998
2021-06-17,1811.800049,1823.300049,1769.599976,1773.800049,1135,1859.5142821428574,1867.9533366
2021-06-18,1775.699951,1792.400024,1767.900024,1767.900024,354,1841.6142925714287,1866.3666707333332
2021-06-21,1768.800049,1785.199951,1766.800049,1781.800049,38,1825.5571637142857,1864.7233398333335
2021-06-22,1783.400024,1786.900024,1775.900024,1776.300049,101,1811.1143101428572,1862.6833414666667
2021-06-23,1780.699951,1793.199951,1780.599976,1782.300049,136,1799.4428885714283,1860.8966756333332
2021-06-24,1778.900024,1786.400024,1775.599976,1775.599976,78,1788.1714565714287,1859.3300089666668
2021-06-25,1777.699951,1788.0,1775.199951,1776.599976,35,1776.328596,1857.7566732
2021-06-28,1779.599976,1779.599976,1779.599976,1779.599976,888,1777.1571569999999,1855.8133382666667
2021-06-29,1776.800049,1777.099976,1752.099976,1762.800049,419,1776.4285891428572,1852.3233398999998
2021-06-30,1761.099976,1770.800049,1759.199951,1770.800049,51,1774.8571605714283,1849.0900065666667
2021-07-01,1775.699951,1781.199951,1768.800049,1775.900024,44,1774.800014142857,1845.5766724
2021-07-02,1778.699951,1787.900024,1778.300049,1782.599976,23,1774.8428608571428,1842.2700033
2021-07-06,1786.699951,1809.800049,1786.699951,1793.5,332,1777.4000071428568,1839.4966716000001
2021-07-07,1798.699951,1808.400024,1797.199951,1801.5,244,1780.9571534285715,1836.7266724
2021-07-08,1797.0,1818.5,1797.0,1799.599976,148,1783.8142962857144,1833.4433390666666
2021-07-09,1803.599976,1810.099976,1798.800049,1810.0,218,1790.5571464285715,1830.4000041
2021-07-12,1802.599976,1805.5,1799.5,1805.5,147,1795.5142822857144,1827.3933390666666
2021-07-13,1808.099976,1812.0,1800.599976,1809.400024,78,1800.2999965714287,1824.2900065333333
2021-07-14,1813.099976,1829.0,1813.099976,1824.300049,707,1806.2571498571428,1821.6700073666666
2021-07-15,1831.599976,1833.0,1823.400024,1828.400024,99,1811.2428675714286,1819.0333415
2021-07-16,1830.099976,1831.400024,1814.5,1814.5,78,1813.1000104285715,1817.1433431333332
2021-07-19,1803.300049,1813.400024,1803.300049,1808.699951,33,1814.4000068571427,1814.4400065333334
2021-07-20,1812.900024,1824.0,1810.900024,1810.900024,128,1814.5285817142856,1811.5766723666666
2021-07-21,1807.0,1807.0,1800.0,1802.900024,135,1814.1571565714287,1808.6000081333334
2021-07-22,1793.599976,1805.0,1793.599976,1805.0,2,1813.5285817142856,1805.6600097666667
2021-07-23,1800.0,1801.400024,1800.0,1801.400024,1,1810.2571495714287,1802.5666788666667
2021-07-26,1802.5,1802.5,1797.199951,1798.699951,17,1806.014282,1799.9433431
2021-07-27,1803.699951,1803.699951,1799.5,1799.5,1,1803.871424857143,1797.7933431
2021-07-28,1799.5,1799.5,1799.5,1799.5,209783,1802.5571461428572,1795.9600097666666
2021-07-29,1806.599976,1832.599976,1806.099976,1831.199951,30496,1805.4571357142856,1795.0166748000001
2021-07-30,1828.0,1830.5,1808.900024,1812.599976,3100,1806.842843142857,1796.3100057
2021-08-02,1812.400024,1818.699951,1804.800049,1818.099976,1334,1808.714268285714,1797.9833374333334
2021-08-03,1812.300049,1813.5,1806.0,1810.099976,3341,1809.9571185714287,1798.9266683333333
2021-08-04,1809.300049,1831.300049,1806.300049,1810.5,2860,1811.642839857143,1800.0666667
2021-08-05,1810.800049,1813.699951,1796.0,1805.099976,588,1812.4428364285716,1800.8266642666667
2021-08-06,1799.800049,1800.099976,1758.400024,1760.0,859,1806.7999792857142,1800.3066650666665
2021-08-09,1753.5,1753.800049,1692.599976,1723.400024,1621,1791.3999897142858,1798.5333333333333
2021-08-10,1728.599976,1735.199951,1720.099976,1728.800049,1363,1779.4285715714286,1796.8400024333334
2021-08-11,1727.300049,1752.199951,1727.300049,1750.400024,542,1769.7571498571428,1796.4266682666669
2021-08-12,1749.699951,1752.400024,1745.5,1749.0,739,1761.0285818571429,1795.6999999666666
2021-08-13,1758.300049,1777.300049,1757.400024,1775.199951,436,1755.9857177142856,1795.6766642000002
2021-08-16,1776.900024,1787.800049,1771.900024,1786.900024,219,1753.3857245714285,1795.8199991333333
2021-08-17,1787.699951,1794.199951,1780.0,1785.0,200,1756.9571531428571,1795.5366657999998
2021-08-18,1787.800049,1791.5,1779.0,1781.599976,263,1765.2714319999998,1794.8733316666667
2021-08-19,1780.0,1789.300049,1775.5,1780.199951,245,1772.6142751428572,1794.2266641666668
2021-08-20,1784.099976,1787.5,1778.199951,1781.0,235,1776.985700285714,1793.2599975
2021-08-23,1776.800049,1804.800049,1776.800049,1803.199951,32,1784.7285504285715,1793.1833292000001
2021-08-24,1801.0,1805.599976,1801.0,1805.599976,22,1789.0714111428572,1793.0566609333332
2021-08-25,1792.0,1792.900024,1784.0,1788.199951,812,1789.257115,1791.8533243333334
2021-08-26,1787.400024,1792.199951,1781.0,1792.199951,61,1790.2856794285715,1790.6466552333334
2021-08-27,1803.400024,1816.599976,1803.099976,1816.599976,1219,1795.2856794285713,1790.7166544333334
2021-08-30,1818.199951,1820.300049,1807.800049,1809.0,684,1799.3999721428572,1790.7266560666665
2021-08-31,1815.900024,1815.900024,1801.099976,1815.0,82,1804.257115,1790.8633219333335
2021-09-01,1813.5,1815.900024,1809.5,1813.099976,114,1805.6714042857143,1791.2033203333333
2021-09-02,1813.199951,1813.900024,1806.800049,1808.699951,26,1806.114257857143,1791.3266520333334
2021-09-03,1820.900024,1833.900024,1818.900024,1830.900024,53,1812.2142682857143,1792.3099853666668
2021-09-07,1825.699951,1825.699951,1792.699951,1795.900024,48,1812.742850142857,1792.2166544666666
2021-09-08,1781.699951,1790.699951,1781.699951,1790.699951,69,1809.0428465714285,1791.9233195000002
2021-09-09,1798.699951,1798.699951,1787.900024,1797.400024,49,1807.3857071428572,1791.8533203000002
2021-09-10,1789.599976,1789.599976,1789.599976,1789.599976,0,1803.7571322857143,1790.4666544666666
2021-09-13,1789.800049,1796.0,1784.0,1792.0,533,1800.74285,1789.7799886
2021-09-14,1791.400024,1806.199951,1783.0,1804.699951,764,1800.1714214285714,1789.3333211
2021-09-15,1803.699951,1803.699951,1792.400024,1792.400024,59,1794.6714214285714,1788.7433227
2021-09-16,1792.900024,1792.900024,1743.900024,1754.599976,1645,1788.7714145714285,1786.8799885666667
2021-09-17,1758.800049,1763.0,1749.400024,1749.400024,581,1782.871425,1785.0233235
2021-09-20,1751.800049,1761.800049,1750.900024,1761.800049,185,1777.7857142857142,1785.0833251333336
2021-09-21,1762.199951,1776.0,1759.0,1776.0,106,1775.8428605714287,1786.8366576666667
2021-09-22,1776.699951,1784.300049,1767.0,1776.699951,17,1773.6571392857145,1788.4333210666666
2021-09-23,1766.800049,1766.800049,1738.199951,1747.699951,31,1765.5142821428574,1788.3433186333334
2021-09-24,1749.699951,1749.699951,1745.0,1749.699951,76,1759.4142717142856,1788.3666503333334
2021-09-27,1751.699951,1754.400024,1747.5,1750.0,808,1758.7571322857143,1787.5266519666666
2021-09-28,1739.599976,1741.699951,1726.800049,1735.800049,15748,1756.8142787142856,1785.8233194666668
2021-09-29,1732.400024,1744.099976,1721.400024,1721.5,6634,1751.057128857143,1783.7066528
2021-09-30,1725.5,1760.300049,1724.5,1755.300049,997,1748.099993,1782.8299885666665
2021-10-01,1754.300049,1762.599976,1748.5,1757.0,2220,1745.2857142857142,1782.0566568666666
2021-10-04,1764.5,1768.900024,1749.5,1766.199951,417,1747.9285714285713,1781.5633219000001
2021-10-05,1764.300049,1764.300049,1749.0,1759.599976,98,1749.3428607142857,1780.1099894
2021-10-06,1759.300049,1762.900024,1744.699951,1760.5,56,1750.8428607142857,1778.6066568666668
2021-10-07,1762.400024,1762.400024,1752.800049,1757.900024,336,1754.0,1777.5966593
2021-10-08,1757.0,1780.0,1754.199951,1756.300049,254,1758.9714355714289,1776.3999958999998
2021-10-11,1756.599976,1757.800049,1752.199951,1754.599976,128,1758.871425142857,1774.3333292333334
2021-10-12,1751.900024,1768.0,1749.800049,1758.300049,139,1759.0571464285713,1772.6433308666667
2021-10-13,1760.800049,1794.5,1760.800049,1793.699951,150,1762.985717857143,1771.9333292333333
2021-10-14,1792.199951,1799.900024,1792.0,1796.699951,337,1768.2857142857142,1771.3866617333333
2021-10-15,1794.5,1795.400024,1766.599976,1767.199951,874,1769.242850142857,1770.0033283999999
2021-10-18,1761.599976,1770.099976,1759.5,1764.800049,266,1770.2285680000002,1767.7999958999999
2021-10-19,1777.599976,1785.0,1767.5,1769.699951,51,1772.1428397142856,1766.9266601333334
2021-10-20,1774.599976,1785.599976,1774.0,1784.099976,127,1776.3571254285714,1766.7066609666665
2021-10-21,1782.0,1785.699951,1781.0,1781.199951,146,1779.62854,1766.1666585333332
2021-10-22,1787.099976,1806.900024,1784.0,1795.5,532,1779.885689857143,1766.363326
2021-10-25,1794.300049,1809.0,1794.0,1806.0,140,1781.214268285714,1766.8299926666666
2021-10-26,1808.800049,1808.800049,1788.599976,1792.699951,359,1784.8571254285714,1766.4299926666667
2021-10-27,1791.5,1798.099976,1791.5,1797.900024,543,1789.5856932857143,1766.613326
2021-10-28,1795.5,1807.300049,1795.5,1801.599976,452,1794.1428397142859,1768.1799926666667
2021-10-29,1793.099976,1797.0,1774.599976,1783.0,583,1793.985700285714,1769.299991866667
2021-11-01,1787.5,1795.099976,1786.699951,1795.099976,142,1795.9714181428571,1770.4099894333333
2021-11-02,1790.5,1795.5,1787.699951,1788.699951,213,1794.9999825714283,1770.8333211333334
2021-11-03,1768.0,1768.0,1761.800049,1763.599976,108,1788.9428362857143,1770.3966553
2021-11-04,1776.599976,1798.199951,1776.199951,1793.0,103,1788.9857004285716,1771.9066569333334
2021-11-05,1794.900024,1817.099976,1794.900024,1816.400024,239,1791.6285575714285,1774.1299927
2021-11-08,1817.0,1827.400024,1816.900024,1827.400024,261,1795.3142787142858,1776.7099934999999
2021-11-09,1826.099976,1832.699951,1820.699951,1830.199951,170,1802.057128857143,1779.8566569
2021-11-10,1825.800049,1865.0,1824.900024,1847.599976,795,1809.5571288571427,1784.0599894333332
2021-11-11,1853.900024,1866.5,1853.900024,1863.199951,292,1820.199986,1787.6566528333335
2021-11-12,1860.800049,1867.900024,1847.599976,1867.900024,210,1835.0999928571425,1791.3533203000002
2021-11-15,1864.5,1866.900024,1864.5,1866.099976,87,1845.5428465714285,1794.6833211333333
2021-11-16,1853.599976,1853.599976,1853.599976,1853.599976,1,1850.8571254285714,1797.8166544666667
2021-11-17,1862.599976,1869.699951,1862.599976,1869.699951,2,1856.8999721428572,1801.4566528333335
2021-11-18,1861.0,1861.0,1861.0,1861.0,9,1861.2999791428572,1804.8933187
2021-11-19,1851.199951,1851.199951,1851.199951,1851.199951,21,1861.8142612857143,1808.0566487666667
2021-11-22,1841.599976,1841.599976,1805.699951,1806.0,14,1853.6428397142856,1809.7699829
2021-11-23,1795.5,1795.5,1783.5,1783.5,264,1841.5856934285714,1810.6099812666666
2021-11-24,1793.0,1793.0,1781.400024,1784.099976,188,1829.8714077142856,1810.2899820999999
2021-11-26,1791.099976,1791.400024,1785.300049,1785.300049,186800,1820.1142752857143,1809.9099853666667
2021-11-29,1791.699951,1798.900024,1779.099976,1782.300049,26926,1807.628575,1810.4133219666667
2021-11-30,1783.900024,1808.099976,1768.699951,1773.599976,4903,1795.1428572857144,1810.7066528666667
2021-12-01,1774.800049,1790.5,1772.300049,1781.599976,1128,1785.200003714286,1811.1033203666666
2021-12-02,1780.900024,1780.900024,1760.599976,1760.699951,1557,1778.7285681428568,1810.3233195333335
2021-12-03,1767.5,1785.099976,1766.5,1782.0,694,1778.514282428571,1810.3499878333334
2021-12-06,1780.199951,1783.0,1777.199951,1777.5,381,1777.5714287142857,1809.7499878333333
2021-12-07,1779.5,1786.099976,1772.300049,1782.599976,308,1777.185704,1808.9699870333332
2021-12-08,1789.900024,1789.900024,1779.0,1783.400024,1383,1777.3428432857145,1808.6599894666665
2021-12-09,1783.5,1783.5,1771.800049,1774.599976,455,1777.4857004285714,1807.8833212
2021-12-10,1773.800049,1785.400024,1769.099976,1782.900024,545,1777.6714215714285,1807.2599894666666
2021-12-13,1784.400024,1787.099976,1783.800049,1786.300049,206,1781.3285784285715,1807.3699910999999
2021-12-14,1787.0,1787.0,1769.0,1770.400024,322,1779.671439,1806.5466593666667
2021-12-15,1767.400024,1778.699951,1753.900024,1762.599976,283,1777.5428641428573,1805.6766601999998
2021-12-16,1781.0,1798.099976,1781.0,1796.599976,21,1779.542864142857,1806.7766602000002
2021-12-17,1804.0,1812.900024,1803.800049,1803.800049,654,1782.4571534285712,1807.1366618333334
2021-12-20,1796.800049,1799.800049,1792.0,1793.699951,226,1785.1857212857142,1806.3799927333334
2021-12-21,1791.400024,1796.5,1787.900024,1787.900024,575,1785.900007,1805.0633260666666
2021-12-22,1786.0,1805.199951,1785.5,1801.599976,567,1788.0857108571429,1804.1099935666668
2021-12-23,1806.0,1811.199951,1800.800049,1811.199951,193,1793.9142718571427,1802.8966594
2021-12-27,1810.0,1812.099976,1807.0,1808.099976,150,1800.4142718571427,1801.0599935666667
2021-12-28,1812.0,1818.0,1805.5,1810.199951,146,1802.3571254285714,1799.1366578
2021-12-29,1803.199951,1805.099976,1791.400024,1805.099976,623,1802.5428292857143,1797.1033244666667
2021-12-30,1801.699951,1816.0,1796.0,1812.699951,306,1805.257115,1795.7399903
2021-12-31,1825.099976,1827.800049,1821.400024,1827.5,80,1810.9142544285714,1794.3333252666666
2022-01-03,1830.099976,1830.099976,1798.800049,1799.400024,116,1810.5999755714288,1792.2799927333333
2022-01-04,1800.5,1815.300049,1800.0,1814.0,38,1810.9999825714283,1791.0399943666666
2022-01-05,1813.099976,1824.599976,1813.099976,1824.599976,8,1813.3571254285714,1791.6599935666666
2022-01-06,1787.099976,1791.300049,1787.099976,1788.699951,30,1810.2856968571427,1791.8333252666666
2022-01-07,1791.800049,1797.0,1784.400024,1797.0,17,1809.1285574285716,1792.2633260666667
2022-01-10,1794.900024,1798.699951,1790.400024,1798.400024,534,1807.0857107142856,1792.6999919000002
2022-01-11,1803.900024,1822.5,1803.0,1818.599976,743,1805.8142787142856,1793.9099894666665
2022-01-12,1819.0,1827.199951,1816.900024,1827.199951,1547,1809.785696857143,1795.6966553
2022-01-13,1819.800049,1823.0,1815.400024,1821.199951,40,1810.814261285714,1797.0166544666668
2022-01-14,1821.5,1822.0,1816.5,1816.5,816,1809.6571218571428,1798.8766561
2022-01-18,1816.800049,1820.099976,1812.300049,1812.300049,900,1813.0285644285716,1799.8866577333333
2022-01-19,1817.400024,1843.099976,1817.400024,1843.099976,4,1819.6142752857143,1802.0733236
2022-01-20,1840.599976,1843.0,1838.199951,1842.5,20,1825.9142718571431,1804.0699910666667
2022-01-21,1838.0,1842.400024,1828.900024,1831.800049,19,1827.7999965714284,1805.6833252333333
2022-01-24,1837.900024,1842.099976,1837.900024,1841.699951,8,1829.8714251428573,1807.9199910666669
2022-01-25,1843.0,1852.699951,1842.0,1852.699951,11,1834.371425142857,1810.2466553000002
2022-01-26,1829.900024,1829.900024,1829.900024,1829.900024,55,1836.2857142857142,1811.6999878
2022-01-27,1793.300049,1793.300049,1793.300049,1793.300049,196036,1833.5714285714287,1812.4633219666669
2022-01-28,1797.5,1798.400024,1778.800049,1784.900024,28521,1825.2571497142856,1813.2066569
2022-01-31,1788.5,1798.5,1785.099976,1795.0,1735,1818.4714354285716,1813.1533243666665
2022-02-01,1797.199951,1806.099976,1797.099976,1800.300049,223,1813.9714354285713,1813.0366577
2022-02-02,1797.800049,1810.099976,1795.099976,1809.199951,1690,1809.3285782857142,1813.5533243666664
2022-02-03,1805.800049,1808.099976,1787.900024,1803.0,466,1802.2285852857144,1814.0566569
2022-02-04,1806.0,1813.699951,1792.5,1806.599976,571,1798.900007,1814.2233235666667
2022-02-07,1812.199951,1821.300049,1809.099976,1820.599976,601,1802.7999965714287,1814.5366577333334
2022-02-08,1818.900024,1827.599976,1815.0,1826.599976,108,1808.7571325714287,1815.1533243999997
2022-02-09,1825.400024,1835.199951,1825.300049,1835.199951,683,1814.4999827142856,1815.9866577333335
2022-02-10,1833.300049,1842.099976,1820.800049,1836.199951,365,1819.6285401428572,1817.0233235666667
2022-02-11,1822.0,1864.800049,1822.0,1840.800049,181,1824.1428398571427,1817.9599935
2022-02-14,1861.800049,1870.599976,1854.599976,1868.0,79,1833.428554142857,1819.3099935
2022-02-15,1872.599976,1879.699951,1847.400024,1854.800049,86,1840.3142788571429,1821.156661
2022-02-16,1858.699951,1870.199951,1856.300049,1870.199951,34,1847.3999895714285,1823.0299927
2022-02-17,1876.300049,1900.699951,1876.199951,1900.699951,393,1857.985700285714,1825.5666585333336
2022-02-18,1899.400024,1899.400024,1890.699951,1898.599976,51,1867.0428467142858,1829.2299927
2022-02-22,1908.099976,1912.0,1890.800049,1906.099976,173,1877.0285645714287,1832.8666585666665
2022-02-23,1896.599976,1910.599976,1895.699951,1909.199951,73,1886.7999791428572,1836.5599894666666
2022-02-24,1911.900024,1972.5,1911.699951,1925.099976,2706,1894.9571185714287,1840.1099894666665
2022-02-25,1906.900024,1920.0,1883.599976,1886.5,586,1899.485683,1842.0866577666666
2022-02-28,1928.300049,1928.400024,1894.199951,1899.400024,390,1903.657122,1844.6933268666667
2022-03-01,1908.300049,1942.400024,1903.800049,1942.400024,547,1909.6142752857143,1848.8899943333336
2022-03-02,1945.599976,1948.199951,1919.800049,1920.900024,109,1912.7999964285714,1852.5099934999998
2022-03-03,1930.5,1940.300049,1924.800049,1934.400024,122,1916.8428604285714,1855.5533284333333
2022-03-04,1937.0,1970.900024,1935.599976,1965.099976,47,1924.8285782857142,1859.6399943
2022-03-07,1989.0,2001.099976,1963.0,1993.900024,2516,1934.6571565714287,1865.0433268000002
2022-03-08,1999.400024,2072.0,1998.0,2040.099976,1813,1956.6000102857142,1871.6566609666665
2022-03-09,2053.600098,2063.0,1980.800049,1985.900024,1022,1968.9571531428574,1876.0966634
2022-03-10,1978.099976,2010.5,1978.099976,1998.099976,670,1976.9142891428571,1881.7033284666666
2022-03-11,1985.0,1996.0,1959.900024,1982.699951,865,1985.7428501428572,1888.0166585333332
2022-03-14,1976.5,1977.699951,1959.599976,1959.599976,145,1989.3428432857143,1893.8399902666667
2022-03-15,1939.800049,1939.900024,1910.699951,1928.5,71,1984.1142752857143,1898.2899902666666
2022-03-16,1922.400024,1922.400024,1907.199951,1908.0,104,1971.8428432857143,1901.8799886333331
2022-03-17,1933.900024,1947.199951,1933.900024,1942.099976,39,1957.8428432857143,1906.3099894666668
2022-03-18,1934.5,1939.300049,1928.199951,1928.199951,28,1949.5999757142856,1910.4833211666667
2022-03-21,1925.400024,1928.599976,1925.0,1928.599976,5,1939.6714042857143,1914.5499878333333
2022-03-22,1920.699951,1920.699951,1920.699951,1920.699951,26,1930.8142614285714,1917.8866536666667
2022-03-23,1936.599976,1936.599976,1936.599976,1936.599976,204,1927.5285471428572,1921.5533203333334
2022-03-24,1963.599976,1964.0,1961.599976,1961.599976,8,1932.257115142857,1925.7666545
2022-03-25,1953.800049,1953.800049,1953.800049,1953.800049,83,1938.7999792857142,1929.6866577666665
2022-03-28,1932.599976,1939.599976,1932.599976,1939.599976,7,1938.4428364285716,1932.9799886666667
2022-03-29,1893.5,1912.0,1893.5,1912.0,128051,1936.1285577142858,1934.4466553333334
2022-03-30,1918.400024,1937.0,1914.5,1933.5,17765,1936.828561142857,1937.0699870333335
2022-03-31,1933.5,1949.900024,1919.099976,1949.199951,3617,1940.8999897142858,1939.7033203666665
2022-04-01,1935.0,1938.0,1917.0,1919.099976,1016,1938.3999897142858,1940.3166545333333
2022-04-04,1921.199951,1936.099976,1915.599976,1929.199951,371,1933.7714147142856,1941.3366537
2022-04-05,1927.099976,1943.5,1918.400024,1922.900024,412,1929.3571254285712,1941.8966553
2022-04-06,1916.699951,1931.800049,1916.699951,1918.400024,138,1926.3285608571427,1942.2033244000002
2022-04-07,1919.5,1934.800049,1919.5,1933.800049,311,1929.4428535714287,1942.4933268333334
2022-04-08,1928.800049,1947.699951,1928.800049,1941.599976,153,1930.599993,1944.3299927
2022-04-11,1946.599976,1968.400024,1941.800049,1944.300049,163,1929.900007,1945.8266602
2022-04-12,1952.5,1977.099976,1950.599976,1972.099976,246,1937.4714355714284,1946.8166586
2022-04-13,1969.5,1981.0,1969.5,1981.0,204,1944.8714425714284,1948.8199911333334
2022-04-14,1977.199951,1978.699951,1963.0,1970.900024,101,1951.7285854285715,1950.0366578
2022-04-18,1973.400024,1997.099976,1972.800049,1982.900024,196,1960.9428711428573,1950.6299927333334
2022-04-19,1973.800049,1978.300049,1945.699951,1955.699951,130,1964.0714285714287,1949.3566569666666
2022-04-20,1945.5,1953.599976,1945.5,1952.300049,621,1965.6000104285715,1946.4299927333334
2022-04-21,1942.5,1944.900024,1942.5,1944.900024,4,1965.6857211428573,1945.0633260666666
2022-04-22,1949.599976,1950.400024,1930.199951,1931.0,178,1959.814296,1942.8266602
2022-04-25,1925.0,1925.0,1889.300049,1893.199951,748,1947.271431857143,1939.8433268666668
2022-04-26,1900.5,1909.099976,1894.0,1901.400024,302,1937.3428604285714,1937.9033284666666
2022-04-27,1897.800049,1900.599976,1882.199951,1885.900024,1786,1923.4857175714285,1936.4833292666667
2022-04-28,1883.800049,1893.0,1872.900024,1888.699951,513,1913.9142889999998,1935.8399943000002
2022-04-29,1902.699951,1918.199951,1902.400024,1909.300049,132,1907.771431857143,1934.7466634
2022-05-02,1896.699951,1896.800049,1853.0,1861.800049,385,1895.9000068571427,1932.5333333333333
2022-05-03,1868.800049,1868.800049,1868.800049,1868.800049,466,1887.0142995714286,1930.5400024333333
2022-05-04,1867.0,1867.0,1867.0,1867.0,1,1883.2714494285715,1928.7500040666669
2022-05-05,1897.0,1904.300049,1874.0,1874.0,80,1879.3571602857141,1926.6633382
2022-05-06,1874.699951,1890.300049,1871.5,1881.199951,214,1878.6857212857142,1923.9833373666665
2022-05-09,1866.599976,1867.5,1854.0,1857.099976,304,1874.171439142857,1920.7600016000001
2022-05-10,1839.900024,1839.900024,1839.900024,1839.900024,1540,1864.2571498571428,1917.4366698666665
2022-05-11,1841.5,1852.599976,1841.0,1852.599976,892,1862.9428537142855,1915.4566690666666
2022-05-12,1849.800049,1851.900024,1822.199951,1823.800049,153,1856.5142822857144,1911.8000040333332
2022-05-13,1825.0,1825.0,1807.400024,1807.400024,335,1848.0,1907.0733398000002
2022-05-16,1790.5,1813.5,1787.0,1813.5,34,1839.357142857143,1903.5533406
2022-05-17,1824.900024,1828.599976,1816.699951,1818.199951,121,1830.357142857143,1899.8533406
2022-05-18,1815.0,1819.699951,1805.0,1815.900024,311,1824.4714354285716,1896.2866739333333
2022-05-19,1810.900024,1841.199951,1810.699951,1841.199951,138,1824.6571392857145,1893.7133381666667
2022-05-20,1839.099976,1841.800049,1836.300049,1841.800049,110,1823.1142925714287,1890.6466715
2022-05-23,1846.300049,1863.0,1845.800049,1847.800049,216,1826.5428639999998,1887.5200072666667
2022-05-24,1852.5,1867.0,1852.5,1865.099976,33,1834.7857142857142,1884.8800048333333
2022-05-25,1846.199951,1846.199951,1846.199951,1846.199951,0,1839.457135857143,1880.6833373333332
2022-05-26,1840.400024,1847.400024,1840.400024,1847.400024,123355,1843.628574857143,1876.2300048
2022-05-27,1848.300049,1860.699951,1845.900024,1851.300049,30091,1848.6857212857142,1872.2433389666664
2022-05-31,1850.300049,1862.099976,1832.800049,1842.699951,4073,1848.900007,1867.5700032
2022-06-01,1831.0,1847.900024,1825.300049,1843.300049,1623,1849.1142927142857,1863.8233398
2022-06-02,1845.400024,1868.699951,1842.099976,1866.5,551,1851.7857142857142,1860.9633381666667
2022-06-03,1867.599976,1871.800049,1845.400024,1845.400024,53,1848.9714354285716,1857.6466715
2022-06-06,1849.0,1854.099976,1839.199951,1839.199951,142,1847.9714354285716,1854.5866698666666
2022-06-07,1836.900024,1851.599976,1835.0,1847.5,1168,1847.9857177142856,1853.0633381666667
2022-06-08,1844.800049,1855.0,1844.400024,1851.900024,218,1848.0714284285714,1851.4133381666668
2022-06-09,1846.099976,1850.099976,1837.900024,1848.800049,159,1848.9428709999997,1850.1766723333335
2022-06-10,1842.699951,1875.599976,1823.900024,1871.5,1490,1852.9714354285716,1849.6033406333333
2022-06-13,1873.800049,1873.800049,1818.699951,1828.0,127,1847.4714354285716,1846.893339
2022-06-14,1825.0,1825.5,1805.300049,1809.5,536,1842.3428605714284,1845.1500040333335
2022-06-15,1814.099976,1839.0,1810.800049,1815.300049,108,1838.928588857143,1843.3666707
2022-06-16,1819.199951,1850.599976,1814.900024,1845.699951,136,1838.671439,1842.6566690666666
2022-06-17,1853.699951,1853.699951,1833.599976,1835.599976,170,1836.3428607142857,1841.3766682666667
2022-06-21,1835.300049,1838.599976,1830.099976,1834.599976,216,1834.3142788571429,1839.8233357666666
2022-06-22,1829.5,1842.699951,1821.599976,1834.300049,115,1829.0000001428568,1839.0633382
2022-06-23,1835.5,1841.199951,1825.699951,1825.699951,9,1828.6714217142858,1838.5900024333334
2022-06-24,1820.5,1826.5,1815.800049,1826.5,61,1831.099993142857,1837.7200032333333
2022-06-27,1830.5,1830.699951,1819.900024,1820.900024,77,1831.8999895714285,1837.6233357333333
2022-06-28,1824.199951,1826.0,1817.5,1817.5,391,1827.8714251428573,1837.9600016
2022-06-29,1818.300049,1830.300049,1812.800049,1813.699951,173,1824.742850142857,1837.9666666333333
2022-06-30,1809.599976,1817.300049,1801.0,1804.099976,328,1820.3857072857143,1837.4966674666668
2022-07-01,1795.5,1806.099976,1791.599976,1798.900024,77,1815.3285608571427,1836.9300008
2022-07-05,1805.400024,1805.400024,1761.800049,1761.800049,64,1806.2000034285716,1834.2833374
2022-07-06,1762.5,1768.0,1734.0,1734.900024,1729,1793.1142925714287,1830.7200032333335
2022-07-07,1745.199951,1745.199951,1737.0,1737.900024,1869,1781.2571497142856,1827.056669066667
2022-07-08,1738.099976,1749.300049,1732.099976,1740.599976,370,1770.2714319999998,1822.9066690666666
2022-07-11,1732.5,1736.699951,1730.0,1730.0,75,1758.314296142857,1819.0333373666667
2022-07-12,1734.199951,1735.5,1723.300049,1723.300049,451,1746.7714494285715,1814.8966715333333
2022-07-13,1710.0,1734.199951,1710.0,1734.199951,368,1737.5285818571429,1810.9933349333335
2022-07-14,1710.300049,1710.5,1704.5,1704.5,1289,1729.3428605714284,1806.3866699
2022-07-15,1705.400024,1709.699951,1701.099976,1702.400024,721,1724.7000034285716,1801.6900024000001
2022-07-18,1712.199951,1712.400024,1709.199951,1709.199951,264,1720.599993,1796.4466674333335
2022-07-19,1712.300049,1714.400024,1706.099976,1710.0,1684,1716.228567857143,1791.9333333
2022-07-20,1707.099976,1708.5,1699.5,1699.5,130,1711.871425,1787.2766682666665
2022-07-21,1687.0,1715.5,1679.800049,1712.699951,183,1710.3571252857143,1782.7833333
2022-07-22,1713.300049,1735.0,1713.0,1727.099976,61,1709.342843142857,1778.6233317
2022-07-25,1727.0,1732.0,1719.0,1719.0,67,1711.4142717142859,1774.2966634
2022-07-26,1718.0,1718.0,1717.699951,1717.699951,1,1713.5999755714288,1769.1699951
2022-07-27,1719.099976,1719.099976,1719.099976,1719.099976,144865,1715.014264857143,1765.5399943
2022-07-28,1732.300049,1755.0,1732.0,1750.300049,37236,1720.7714147142856,1763.5666626
2022-07-29,1754.0,1765.699951,1750.0,1762.900024,3485,1729.828561,1761.8199951
2022-08-01,1763.900024,1772.5,1756.099976,1769.0,705,1737.871425142857,1759.2633300666666
2022-08-02,1772.099976,1786.599976,1759.400024,1771.099976,1078,1744.1571394285713,1757.1133300666668
2022-08-03,1756.699951,1770.5,1753.0,1758.0,399,1749.728568,1754.5599975333337
2022-08-04,1769.400024,1792.099976,1767.699951,1788.5,285,1759.8428607142855,1753.0333292333332
2022-08-05,1791.199951,1791.400024,1764.199951,1772.900024,645,1767.5285818571429,1751.2733316666668
2022-08-08,1771.800049,1786.800049,1771.800049,1786.800049,127,1772.7428675714286,1749.9499999666668
2022-08-09,1790.0,1796.099976,1789.0,1794.0,249,1777.1857212857142,1749.0533325000001
2022-08-10,1804.400024,1804.900024,1787.800049,1795.599976,601,1780.9857178571426,1748.3233317000002
2022-08-11,1794.300049,1794.300049,1785.699951,1789.699951,1235,1783.642857142857,1747.5233317
2022-08-12,1786.300049,1800.400024,1784.300049,1798.599976,187,1789.442853714286,1747.3399983666668
2022-08-15,1799.0,1799.0,1774.699951,1781.400024,64,1788.4285714285713,1746.7566650333333
2022-08-16,1777.400024,1777.400024,1771.400024,1773.199951,308,1788.4714181428571,1747.1366617666667
2022-08-17,1769.699951,1769.699951,1760.0,1760.300049,23,1784.685703857143,1747.9833292666667
2022-08-18,1762.900024,1762.900024,1753.400024,1755.300049,321,1779.1571394285716,1748.5633301
2022-08-19,1753.699951,1754.300049,1747.5,1747.599976,49,1772.2999965714284,1748.7966634333332
2022-08-22,1740.5,1740.5,1726.5,1734.0,347,1764.3428607142857,1748.9299967666666
2022-08-23,1738.0,1748.900024,1731.900024,1746.800049,509,1756.9428711428573,1749.7133301
2022-08-24,1745.0,1751.800049,1743.599976,1747.800049,187,1752.1428747142857,1750.1666667
2022-08-25,1761.599976,1761.800049,1755.0,1757.699951,172,1749.9285889999999,1751.9399984
2022-08-26,1754.0,1755.0,1736.099976,1736.099976,202,1746.4714357142857,1753.0633301333332
2022-08-29,1732.400024,1741.199951,1732.099976,1736.599976,950,1743.799996714286,1753.9766643
2022-08-30,1736.400024,1739.0,1720.699951,1723.199951,385,1740.3142788571427,1754.4166626666668
2022-08-31,1718.300049,1720.900024,1708.5,1712.800049,2133,1737.2857144285715,1754.8599976333333
2022-09-01,1707.900024,1707.900024,1693.900024,1696.599976,683,1730.1142754285715,1754.3233317999998
2022-09-02,1703.400024,1715.699951,1703.099976,1709.800049,182,1724.685704,1753.7466675666667
2022-09-06,1709.699951,1717.400024,1699.699951,1700.400024,697,1716.5000001428573,1753.1266683666665
2022-09-07,1694.800049,1715.300049,1694.699951,1715.300049,651,1713.5285820000001,1753.0466716333333
2022-09-08,1718.199951,1718.199951,1705.300049,1708.0,1193,1709.442871142857,1752.6766724333334
2022-09-09,1719.199951,1720.0,1712.800049,1716.199951,635,1708.4428711428573,1751.5400024999997
2022-09-12,1727.400024,1728.099976,1727.400024,1728.099976,68,1710.6285750000002,1750.3800009000001
2022-09-13,1720.5,1720.5,1697.300049,1705.0,432,1711.8285784285713,1748.2466675666667
2022-09-14,1698.699951,1701.800049,1696.5,1696.5,532,1709.9285714285713,1745.7600017
2022-09-15,1685.5,1686.0,1662.300049,1665.400024,1125,1704.9285714285713,1742.673335833333
2022-09-16,1660.400024,1674.900024,1651.699951,1671.699951,464,1698.699986,1738.7800008666668
2022-09-19,1661.800049,1669.400024,1658.5,1666.199951,580,1692.7285504285715,1735.2233317666667
2022-09-20,1659.699951,1659.699951,1659.699951,1659.699951,2830,1684.6571218571428,1730.9866618333333
2022-09-21,1665.5,1680.099976,1664.599976,1664.599976,2337,1675.5856932857143,1726.6733276999998
2022-09-22,1668.300049,1670.800049,1668.300049,1670.800049,973,1670.699986,1722.5133301333333
2022-09-23,1667.0,1667.0,1645.300049,1645.300049,1224,1663.3857072857143,1717.7000000666667
2022-09-26,1623.300049,1623.300049,1623.300049,1623.300049,1205,1657.371425142857,1711.8566691666667
2022-09-27,1632.199951,1636.599976,1626.699951,1626.699951,888,1650.9428537142855,1706.7000000666665
2022-09-28,1620.400024,1660.400024,1620.400024,1660.400024,18311,1650.114292714286,1702.9400025
2022-09-29,1657.0,1662.599976,1640.0,1658.5,6028,1649.942871142857,1699.5466675333334
2022-09-30,1661.699951,1672.699951,1658.0,1662.400024,548,1649.6285922857144,1696.4500000333333
2022-10-03,1667.199951,1700.0,1661.900024,1692.900024,410,1652.7857315714284,1694.6266683
2022-10-04,1701.199951,1728.0,1696.0,1721.099976,291,1663.6142925714285,1694.1966675
2022-10-05,1724.099976,1726.599976,1703.0,1711.400024,418,1676.2000032857143,1693.0166666666667
2022-10-06,1721.0,1723.300049,1709.099976,1711.699951,133,1688.3428604285714,1691.8133300666666
2022-10-07,1710.099976,1710.099976,1693.699951,1700.5,179,1694.0714284285714,1689.9066650333334
2022-10-10,1693.400024,1693.400024,1667.0,1667.300049,195,1695.3285782857142,1687.6133341333332
2022-10-11,1661.800049,1678.699951,1661.0,1678.699951,167,1697.6571392857145,1685.6833333
2022-10-12,1668.0,1672.699951,1668.0,1670.300049,149,1694.4285714285713,1683.920003233333
2022-10-13,1675.199951,1675.300049,1641.5,1670.0,729,1687.128574857143,1682.4933349333332
2022-10-14,1665.300049,1667.0,1640.0,1641.699951,82,1677.1714215714287,1680.6633341000002
2022-10-17,1650.199951,1657.0,1646.800049,1657.0,238,1669.357142857143,1678.9033324666666
2022-10-18,1651.400024,1655.199951,1649.0,1649.0,597,1662.0,1677.1899983333335
2022-10-19,1637.5,1637.5,1627.5,1627.5,84,1656.3142787142858,1674.2633300333332
2022-10-20,1622.800049,1641.400024,1622.800049,1630.800049,477,1649.4714355714284,1671.689998333333
2022-10-21,1634.099976,1653.900024,1634.099976,1651.0,224,1646.7142857142858,1669.5166666333332
2022-10-24,1662.699951,1662.699951,1648.699951,1648.699951,29,1643.6714215714287,1666.8699991333333
2022-10-25,1648.199951,1652.800049,1637.300049,1652.800049,880,1645.2571498571428,1665.1300007666664
2022-10-26,1649.800049,1667.0,1649.800049,1664.0,89,1646.2571498571428,1664.0466674333331
2022-10-27,1660.699951,1660.699951,1660.699951,1660.699951,2298,1647.9285714285713,1663.8899983333333
2022-10-28,1661.0,1661.0,1638.699951,1639.599976,626,1649.6571394285713,1662.8199991666665
2022-10-31,1641.800049,1641.800049,1633.400024,1635.900024,522,1650.3857072857143,1661.8100015999999
2022-11-01,1630.800049,1653.699951,1630.800049,1645.0,985,1649.5285644285716,1661.3200032333334
2022-11-02,1650.800049,1664.699951,1634.0,1645.699951,612,1649.0999929999998,1660.6900024
2022-11-03,1629.199951,1629.199951,1615.099976,1627.300049,1427,1645.457135857143,1659.2400024
2022-11-04,1630.199951,1674.5,1629.0,1672.5,159,1646.6714215714287,1660.1466674333335
2022-11-07,1676.900024,1677.900024,1672.900024,1676.5,42,1648.9285714285713,1661.9199991333332
2022-11-08,1703.199951,1712.099976,1703.199951,1712.099976,23,1659.2857142857142,1664.7666666333332
2022-11-09,1707.400024,1720.199951,1706.0,1710.099976,497,1669.8857074285713,1666.4233317
2022-11-10,1708.199951,1750.300049,1708.199951,1750.300049,325,1684.9285715714286,1669.4833333333333
2022-11-11,1763.800049,1766.0,1757.599976,1766.0,257,1702.114292857143,1672.9366658666665
2022-11-14,1762.0,1773.599976,1761.599976,1773.599976,358,1723.0142824285715,1675.6266642666667
2022-11-15,1770.800049,1773.800049,1769.900024,1773.800049,57,1737.485718,1677.3833333666666
2022-11-16,1776.599976,1778.900024,1773.0,1773.0,303,1751.2714322857141,1679.4366659000002
2022-11-17,1763.0,1763.0,1756.0,1760.800049,18,1758.2285855714285,1681.0733358333334
2022-11-18,1763.300049,1763.300049,1747.599976,1751.900024,414,1764.200021,1682.7866699666668
2022-11-21,1739.0,1744.900024,1736.099976,1737.400024,544,1762.3571602857141,1685.1233358
2022-11-22,1741.699951,1741.699951,1738.300049,1738.300049,15,1758.4000244285714,1687.1100057333335
2022-11-23,1736.5,1750.900024,1736.5,1744.900024,39,1754.3000312857143,1689.5966715666666
2022-11-25,1753.0,1757.900024,1749.199951,1753.300049,216,1751.3714598571428,1692.3733398666668
2022-11-28,1741.300049,1741.300049,1740.099976,1740.099976,132767,1746.6714564285714,1695.6533407
2022-11-29,1739.5,1758.199951,1737.900024,1748.400024,19416,1744.9000242857144,1698.7000081666667
2022-11-30,1748.099976,1769.400024,1745.099976,1746.0,3339,1744.0571637142857,1701.9333415
2022-12-01,1768.699951,1803.699951,1768.699951,1801.099976,1053,1753.1571568571428,1707.7200073666668
2022-12-02,1802.0,1802.300049,1779.400024,1795.900024,1725,1761.3857247142857,1713.223339866667
2022-12-05,1795.699951,1808.0,1764.300049,1767.400024,1713,1764.6000104285715,1717.1033406666668
2022-12-06,1768.599976,1779.400024,1767.900024,1769.300049,105,1766.8857247142857,1721.1233439333334
2022-12-07,1769.300049,1790.300049,1769.300049,1785.5,422,1773.3714424285715,1725.5466756333335
2022-12-08,1782.0,1790.900024,1782.0,1788.699951,713,1779.128574857143,1729.7033406666667
2022-12-09,1794.900024,1804.300049,1791.099976,1798.099976,125,1786.5714285714287,1734.2833415
2022-12-12,1787.300049,1793.900024,1777.699951,1780.5,85,1783.628574857143,1738.980008966667
2022-12-13,1780.699951,1819.800049,1780.5,1813.900024,205,1786.2000034285716,1744.9133422999998
2022-12-14,1810.800049,1812.800049,1797.900024,1807.5,1074,1791.9285714285713,1750.3300089666666
2022-12-15,1801.0,1801.0,1774.800049,1777.199951,421,1793.057128857143,1754.7133423
2022-12-16,1777.900024,1791.400024,1777.900024,1790.0,206,1793.699986,1760.136674
2022-12-19,1791.599976,1796.300049,1785.599976,1787.699951,79,1793.5571288571427,1763.9766723666667
2022-12-20,1786.5,1821.400024,1786.5,1815.900024,51,1796.099992857143,1768.6233398333331
2022-12-21,1817.400024,1821.400024,1814.400024,1815.900024,35,1801.1571391428572,1772.0833414333333
2022-12-22,1818.099976,1818.099976,1785.0,1787.0,411,1797.3142785714285,1774.6466755666665
2022-12-23,1794.300049,1802.800049,1794.099976,1795.900024,49,1795.6571391428572,1776.1666747333334
2022-12-27,1803.400024,1826.300049,1803.400024,1814.800049,69,1801.028581714286,1777.7933430333333
2022-12-28,1803.199951,1807.900024,1803.099976,1807.900024,434,1803.5857279999998,1778.9366779666668
2022-12-29,1805.800049,1819.5,1805.800049,1819.5,277,1808.128592142857,1780.4600096666666
2022-12-30,1817.0,1822.300049,1816.800049,1819.699951,95,1808.671438857143,1782.0166747
2023-01-03,1836.199951,1839.699951,1836.199951,1839.699951,29,1812.0714284285714,1784.6466714333333
2023-01-04,1845.599976,1859.099976,1845.599976,1852.800049,25,1821.4714354285713,1788.0100056
2023-01-05,1855.199951,1855.199951,1834.800049,1834.800049,24,1827.0285818571429,1791.2566731000002
2023-01-06,1838.400024,1868.199951,1835.300049,1864.199951,26,1834.0857107142856,1795.4533365
2023-01-09,1867.0,1880.0,1867.0,1872.699951,62,1843.342843142857,1799.7133340666667
2023-01-10,1877.800049,1878.099976,1871.599976,1871.599976,101,1850.785696857143,1803.6566649666668
2023-01-11,1873.099976,1877.800049,1873.099976,1874.599976,1236,1858.6285575714287,1808.1399983000001
2023-01-12,1877.199951,1897.400024,1877.199951,1895.5,59,1866.599993142857,1813.0433308333334
2023-01-13,1899.0,1920.900024,1898.300049,1918.400024,512,1875.9714181428571,1818.7899983
2023-01-17,1920.099976,1920.099976,1905.199951,1907.199951,706,1886.314261285714,1822.3266641333332
2023-01-18,1911.099976,1911.099976,1903.099976,1904.400024,1027,1892.057128857143,1825.9433308
2023-01-19,1922.099976,1931.800049,1922.099976,1922.099976,371,1899.1142752857143,1831.0999958666666
2023-01-20,1922.099976,1928.5,1921.400024,1926.400024,1346,1906.9428535714287,1836.3366617
2023-01-23,1926.5,1927.099976,1915.0,1927.099976,218,1914.4428535714285,1841.0566609
2023-01-24,1931.800049,1936.800049,1931.800049,1933.900024,201,1919.9285712857145,1845.8966633333334
2023-01-25,1941.199951,1941.199951,1939.800049,1941.199951,7,1923.1857037142856,1850.6666625
2023-01-26,1936.599976,1937.099976,1927.099976,1929.099976,131,1926.3142787142858,1855.6199950333332
2023-01-27,1928.599976,1928.599976,1928.599976,1928.599976,150902,1929.7714147142856,1859.4433267666668
2023-01-30,1928.300049,1933.599976,1920.300049,1922.900024,27220,1929.8857072857143,1863.2899942333336
2023-01-31,1923.0,1930.400024,1900.599976,1929.5,1910,1930.328561,1868.3666625333333
2023-02-01,1927.199951,1955.0,1922.0,1927.800049,2290,1930.4285714285713,1872.9599974999999
2023-02-02,1952.300049,1959.099976,1911.300049,1916.300049,748,1927.9142892857142,1877.2466674333332
2023-02-03,1912.400024,1917.0,1861.5,1862.900024,992,1916.7285854285715,1878.8133341
2023-02-06,1865.599976,1880.0,1863.400024,1866.199951,424,1907.7428675714286,1880.4899983333335
2023-02-07,1870.0,1875.699951,1868.0,1871.699951,297,1899.6142925714287,1883.3133300333334
2023-02-08,1872.099976,1880.400024,1872.099976,1877.400024,230,1893.1142925714285,1886.0299966999999
2023-02-09,1875.300049,1884.599976,1859.800049,1866.199951,223,1884.0714284285714,1887.7433267666668
2023-02-10,1861.599976,1863.5,1852.400024,1862.800049,27,1874.7857141428572,1889.5733275999999
2023-02-13,1859.0,1861.0,1850.0,1851.900024,569,1865.5857105714288,1890.6533284
2023-02-14,1854.099976,1862.0,1846.199951,1854.0,656,1864.3142785714285,1891.7966633666665
2023-02-15,1842.0,1842.0,1828.199951,1834.199951,368,1859.74285,1891.6133300333336
2023-02-16,1838.599976,1843.699951,1827.199951,1842.0,222,1855.4999998571427,1891.2533283999999
2023-02-17,1827.400024,1842.199951,1818.400024,1840.400024,35,1850.2142855714285,1891.4399942333332
2023-02-21,1842.599976,1843.0,1833.0,1833.0,862,1845.4714354285716,1890.3999958666668
2023-02-22,1835.699951,1836.199951,1825.099976,1832.0,278,1841.0714284285714,1889.0433308333334
2023-02-23,1826.400024,1827.5,1818.0,1818.0,291,1836.228567857143,1887.2566649666667
2023-02-24,1808.800049,1808.800049,1808.800049,1808.800049,404,1829.771432,1885.0633340666668
2023-02-27,1811.599976,1817.5,1808.900024,1817.0,829,1827.314296142857,1882.4466674
2023-02-28,1808.099976,1830.0,1808.099976,1828.900024,618,1825.4428709999997,1879.4633340666664
2023-03-01,1827.099976,1841.699951,1827.099976,1837.699951,211,1825.0571462857145,1877.1466674
2023-03-02,1830.0,1836.300049,1830.0,1833.5,154,1825.1285748571427,1874.7833332666667
2023-03-03,1837.300049,1855.400024,1837.300049,1847.699951,61,1827.3714249999998,1872.3033324333335
2023-03-06,1853.300049,1853.800049,1844.199951,1847.900024,5,1831.6428570000003,1869.6866657666665
2023-03-07,1840.900024,1840.900024,1813.900024,1813.900024,450,1832.371424857143,1865.9133340333333
2023-03-08,1811.599976,1812.900024,1811.5,1812.699951,75,1831.757132142857,1861.8733316
2023-03-09,1816.400024,1829.300049,1815.599976,1829.300049,332,1831.8142785714288,1858.1433348666665
2023-03-10,1852.300049,1868.5,1852.0,1862.0,248,1835.2857141428572,1855.906669
2023-03-13,1890.800049,1913.099976,1875.099976,1911.699951,503,1846.4571357142856,1855.3433348333335
2023-03-14,1912.199951,1912.199951,1901.099976,1906.199951,107,1854.8142785714285,1854.7866657333332
2023-03-15,1903.900024,1926.599976,1898.5,1926.599976,564,1866.0571288571427,1854.6899982666666
2023-03-16,1909.900024,1931.699951,1909.900024,1919.0,394,1881.071411142857,1854.3966633000002
2023-03-17,1946.0,1985.099976,1946.0,1969.800049,82,1903.5142822857144,1856.1799966333333
2023-03-20,1988.300049,2003.900024,1968.900024,1979.199951,389,1924.9285539999998,1860.0566608666668
2023-03-21,1973.800049,1973.800049,1938.0,1938.0,47,1935.7856968571427,1862.4499958333333
2023-03-22,1946.800049,1974.0,1946.800049,1946.800049,50,1940.7999965714287,1864.9533324333331
2023-03-23,1990.5,1994.599976,1990.5,1993.800049,33,1953.3142962857144,1868.8333332666666
2023-03-24,1991.699951,1995.400024,1982.099976,1982.099976,19,1961.2428677142857,1872.6966674333335
2023-03-27,1957.199951,1957.199951,1952.400024,1952.400024,877,1966.014299714286,1875.6833332666668
2023-03-28,1972.400024,1972.400024,1972.400024,1972.400024,21,1966.3857247142857,1879.6999999333334
2023-03-29,1966.099976,1966.099976,1966.099976,1966.099976,88563,1964.514299714286,1883.4366658
2023-03-30,1965.900024,1984.400024,1954.900024,1980.300049,10119,1970.557163857143,1888.3066690666667
2023-03-31,1981.300049,1986.800049,1968.0,1969.0,957,1973.7285854285713,1892.5400024
2023-04-03,1968.099976,1991.699951,1950.0,1983.900024,737,1972.314296142857,1897.3233357333334
2023-04-04,1984.599976,2027.099976,1979.0,2022.199951,811,1978.0428640000002,1903.6300007666666
2023-04-05,2022.099976,2033.800049,2013.599976,2020.900024,525,1987.8285782857142,1909.9266682333334
2023-04-06,2022.199951,2023.300049,2005.0,2011.900024,0,1993.4714354285713,1916.3900023666667
2023-04-10,2000.0,2006.599976,1984.0,1989.099976,652,1996.7571497142856,1922.3999999333332
2023-04-11,1991.400024,2006.5,1991.400024,2004.800049,68,2000.2571497142858,1928.6600015666666
2023-04-12,2005.199951,2025.699951,2005.199951,2010.900024,172,2006.2428674285713,1934.7266682333334
2023-04-13,2015.599976,2048.600098,2015.599976,2041.300049,1043,2014.4428709999997,1941.5133381666667
2023-04-14,2041.0,2047.800049,1995.0,2002.199951,718,2011.5857281428573,1947.1366698666668
2023-04-17,2002.699951,2007.599976,1983.199951,1994.199951,554,2007.771432,1952.0200031999998
2023-04-18,1996.900024,2007.400024,1996.900024,2007.400024,72,2007.128574857143,1957.3366698666666
2023-04-19,2005.699951,2006.400024,1969.800049,1995.199951,61,2007.9999998571427,1963.3800007666666
2023-04-20,1998.0,2007.599976,1998.0,2007.599976,164,2008.3999894285714,1969.8766682666667
2023-04-21,1996.199951,1996.199951,1974.099976,1979.5,132,2003.9142717142859,1974.8833333
2023-04-24,1981.300049,1989.800049,1977.400024,1989.099976,145,1996.4571184285712,1979.1199991666665
2023-04-25,1995.699951,1999.099976,1982.300049,1994.0,306,1995.285696857143,1981.8633341333332
2023-04-26,1997.800049,1998.800049,1985.599976,1985.699951,615,1994.0714111428572,1984.5133341333335
2023-04-27,1990.599976,2002.300049,1979.900024,1989.900024,355,1991.571411142857,1986.6233357333333
2023-04-28,1986.900024,1990.099976,1977.699951,1990.099976,152,1990.8428432857145,1988.9933349333332
2023-05-01,1980.099976,2005.0,1976.900024,1983.400024,210,1987.385707285714,1989.4466674333335
2023-05-02,1994.699951,2018.0,1994.699951,2014.300049,1896,1992.357142857143,1990.6166707
2023-05-03,2017.099976,2035.099976,2015.199951,2028.599976,1349,1998.0,1993.6366698999998
2023-05-04,2045.0,2072.0,2040.0,2048.0,930,2005.7142857142858,1997.0100016
2023-05-05,2046.400024,2046.400024,2004.300049,2017.400024,59,2010.2428675714286,1997.7966674333334
2023-05-08,2022.5,2026.300049,2022.5,2026.300049,3,2015.4428711428573,1999.2700031999998
2023-05-09,2026.599976,2037.300049,2025.900024,2036.199951,241,2022.0285818571429,2002.0633341
2023-05-10,2032.300049,2044.300049,2029.5,2030.5,248,2028.757149857143,2003.9999999666666
2023-05-11,2034.099976,2038.300049,2014.0,2014.699951,90,2028.8142787142856,2005.6199991333335
2023-05-12,2014.5,2014.5,2014.5,2014.5,115,2026.7999964285716,2006.7599975
2023-05-15,2013.800049,2018.0,2013.800049,2018.0,3,2022.5142821428574,2008.3933308333333
2023-05-16,1988.400024,1988.400024,1988.400024,1988.400024,49,2018.3714249999998,2008.5433308333334
2023-05-17,1983.599976,1983.599976,1980.699951,1980.699951,13,2011.8571252857143,2007.1599975
2023-05-18,1956.5,1956.800049,1956.5,1956.5,23,2000.4714179999999,2005.0133300333332
2023-05-19,1960.0,1978.699951,1960.0,1978.699951,106,1993.0714110000001,2003.9066609333336
2023-05-22,1980.5,1980.5,1974.800049,1974.800049,8,1987.3714249999998,2003.4299967
2023-05-23,1972.400024,1972.400024,1972.400024,1972.400024,1,1981.3571427142858,2002.3499958666666
2023-05-24,1975.400024,1975.400024,1962.800049,1962.800049,189,1973.4714354285713,2000.7466633666666
2023-05-25,1943.099976,1943.099976,1943.099976,1943.099976,1,1967.0,1997.4733276
2023-05-26,1948.199951,1948.400024,1944.099976,1944.099976,166036,1961.771432142857,1995.5366617666666
2023-05-30,1942.699951,1962.599976,1931.0,1958.0,37838,1961.9857178571426,1994.3299967333335
2023-05-31,1958.199951,1973.0,1953.0,1963.900024,5959,1959.8714425714284,1992.8799967333334
2023-06-01,1963.199951,1983.0,1954.300049,1978.0,750,1960.3285784285713,1992.3066650333335
2023-06-02,1977.099976,1982.5,1947.400024,1952.400024,356,1957.4714355714284,1990.4666666333333
2023-06-05,1947.5,1961.900024,1937.800049,1958.0,713,1956.7857142857142,1989.7499999666666
2023-06-06,1960.800049,1965.5,1958.800049,1965.5,164,1959.9857177142858,1988.9633341
2023-06-07,1959.0,1968.400024,1940.699951,1942.699951,139,1959.7857141428574,1987.2533324666667
2023-06-08,1943.199951,1969.0,1943.099976,1963.599976,433,1960.5857107142856,1986.5166666333332
2023-06-09,1965.099976,1969.800049,1960.300049,1962.199951,49,1960.3428431428572,1985.5933308666667
2023-06-12,1959.699951,1963.5,1951.400024,1955.300049,212,1957.099993,1984.4333333
2023-06-13,1960.599976,1967.5,1940.300049,1944.599976,343,1955.9857004285714,1983.1399983666668
2023-06-14,1946.199951,1958.199951,1940.300049,1955.300049,202,1955.599993142857,1981.1733317
2023-06-15,1941.699951,1958.800049,1926.0,1957.800049,329,1954.5000001428573,1978.8133341333335
2023-06-16,1961.400024,1962.900024,1953.5,1958.400024,119,1956.7428677142857,1975.8266682666667
2023-06-20,1958.599976,1958.599976,1931.300049,1935.5,193,1952.7285854285713,1973.0966674666668
2023-06-21,1935.599976,1936.800049,1920.0,1933.300049,557,1948.600028,1969.9966674666668
2023-06-22,1920.0,1921.0,1912.099976,1912.699951,237,1942.5142997142855,1965.8800008
2023-06-23,1918.699951,1932.5,1918.699951,1919.099976,105,1938.8714425714286,1962.1666666666667
2023-06-26,1922.900024,1928.5,1922.5,1923.699951,71,1934.357142857143,1959.1333333333334
2023-06-27,1927.0,1929.400024,1914.0,1914.0,49,1928.0999929999998,1955.7833333333333
2023-06-28,1912.300049,1912.300049,1912.300049,1912.300049,628,1921.5142822857144,1952.2600016333333
2023-06-29,1909.900024,1909.900024,1892.5,1909.199951,289,1917.7571324285714,1949.6199992
2023-06-30,1908.599976,1921.099976,1900.599976,1921.099976,445,1916.014264857143,1947.6333333666666
2023-07-03,1917.900024,1929.5,1917.900024,1921.699951,41,1917.2999791428572,1946.4733317333335
2023-07-05,1923.5,1933.900024,1914.699951,1919.599976,193,1917.3714077142856,1944.5033325666666
2023-07-06,1909.300049,1910.199951,1903.199951,1908.699951,81,1915.2285505714285,1942.2999959666668
2023-07-07,1913.400024,1934.099976,1913.400024,1926.199951,61,1916.971400714286,1940.7599935333333
2023-07-10,1923.599976,1926.099976,1912.300049,1925.0,269,1918.7856794285713,1939.4999919
2023-07-11,1925.0,1937.0,1924.199951,1931.300049,142,1921.9428362857143,1939.1066610000003
2023-07-12,1932.300049,1958.0,1932.199951,1956.199951,132,1926.9571184285712,1939.5099935
2023-07-13,1961.099976,1961.099976,1953.0,1959.199951,121,1932.314261285714,1939.5499918666667
2023-07-14,1958.400024,1960.599976,1952.699951,1960.099976,94,1938.0999755714286,1939.4233236
2023-07-17,1954.0,1956.5,1946.599976,1952.400024,29,1944.342843142857,1938.5699910666667
2023-07-18,1968.800049,1978.400024,1963.400024,1977.199951,83,1951.6285574285716,1939.3966553
2023-07-19,1977.0,1977.5,1973.0,1977.5,35,1959.1285574285716,1940.0466553
2023-07-20,1973.699951,1973.699951,1965.599976,1968.300049,638,1964.4142717142856,1940.1399902666667
2023-07-21,1961.800049,1964.300049,1961.800049,1964.300049,50,1965.5714285714287,1940.8599935333332
2023-07-24,1965.300049,1965.5,1960.300049,1960.300049,2,1965.7285854285713,1940.7499959666668
2023-07-25,1953.0,1962.5,1953.0,1962.099976,19,1966.014299714286,1940.7466634666666
2023-07-26,1966.199951,1972.0,1966.199951,1968.900024,51,1968.3714425714284,1941.1999959666668
2023-07-27,1945.400024,1945.400024,1945.400024,1945.400024,194253,1963.8285958571428,1941.2266642333334
2023-07-28,1945.5,1962.199951,1944.199951,1960.400024,23155,1961.385742142857,1941.3966633999999
2023-07-31,1959.199951,1971.599976,1950.0,1970.5,1025,1961.7000208571428,1941.8199951
2023-08-01,1964.900024,1965.400024,1940.699951,1940.699951,688,1958.3285782857145,1941.2299926666667
2023-08-02,1948.400024,1953.599976,1933.199951,1937.400024,652,1955.057146142857,1941.2933268000002
2023-08-03,1934.199951,1936.5,1928.0,1932.0,773,1950.7571495714287,1941.2499918333335
2023-08-04,1934.900024,1945.0,1920.0,1939.599976,290,1946.5714284285716,1942.1466593333332
2023-08-07,1941.0,1941.0,1929.800049,1933.5,376,1944.871425,1942.6266601333334
2023-08-08,1931.699951,1933.199951,1923.0,1924.099976,555,1939.685703857143,1942.6399943
2023-08-09,1925.400024,1928.800049,1913.699951,1915.400024,451,1931.8142787142858,1942.6866617666667
2023-08-10,1921.099976,1927.800049,1911.400024,1914.400024,178,1928.057146285714,1942.7566609333335
2023-08-11,1913.0,1916.599976,1911.800049,1912.900024,57,1924.5571462857145,1942.8799967
2023-08-14,1909.300049,1912.599976,1903.300049,1910.599976,46,1921.5,1942.5299967
2023-08-15,1906.0,1907.699951,1895.0,1902.5,73,1916.2000034285713,1941.8899983333333
2023-08-16,1904.5,1904.5,1890.300049,1896.099976,22,1910.857142857143,1941.106665
2023-08-17,1893.699951,1902.400024,1884.0,1884.099976,245,1905.142857142857,1940.2866658333332
2023-08-18,1891.800049,1891.800049,1886.099976,1886.099976,19,1900.9571359999998,1938.95
2023-08-21,1893.599976,1893.599976,1893.300049,1893.300049,876,1897.942853857143,1937.8933349666668
2023-08-22,1894.599976,1896.800049,1892.800049,1896.400024,46,1895.585711,1936.7300008
2023-08-23,1909.599976,1918.5,1909.599976,1918.5,547,1896.7142858571428,1935.4733357666667
2023-08-24,1920.0,1920.800049,1918.199951,1918.199951,337,1898.9571360000002,1934.1066691
2023-08-25,1919.800049,1919.800049,1911.099976,1911.099976,195,1901.099993142857,1932.4733357666667
2023-08-28,1915.5,1921.5,1915.5,1917.900024,99,1905.9285714285713,1931.3233357666666
2023-08-29,1917.900024,1936.5,1916.900024,1936.5,1674,1913.128574857143,1929.9666707333333
2023-08-30,1936.0,1946.400024,1934.599976,1944.300049,396,1920.4142891428571,1928.8600056999999
2023-08-31,1944.400024,1944.400024,1938.199951,1938.199951,491,1926.3857072857143,1927.8566691
2023-09-01,1950.0,1950.0,1936.599976,1939.800049,167,1929.4285714285713,1927.0400024333333
2023-09-05,1934.400024,1934.400024,1924.699951,1926.199951,113,1930.5714285714287,1925.9033324999998
2023-09-06,1924.099976,1925.300049,1916.300049,1918.099976,24,1931.5714285714287,1924.4366658333336
2023-09-07,1917.599976,1921.5,1917.5,1917.5,41,1931.5142822857142,1922.7233317
2023-09-08,1924.0,1924.699951,1918.400024,1918.400024,105,1928.9285714285713,1921.8233317
2023-09-11,1923.0,1928.300049,1921.800049,1923.300049,50,1925.9285714285713,1920.5866658666666
2023-09-12,1920.800049,1920.800049,1911.300049,1911.300049,365,1922.0857282857141,1918.6133341666668
2023-09-13,1910.300049,1914.599976,1908.900024,1909.099976,15,1917.7000035714286,1917.5600016666665
2023-09-14,1903.0,1910.0,1903.0,1910.0,169,1915.3857248571428,1916.6466675333331
2023-09-15,1923.5,1927.300049,1923.5,1923.699951,8,1916.1857212857144,1916.3699992333334
2023-09-18,1928.199951,1931.5,1926.400024,1931.5,19,1918.1857212857144,1916.1000000333333
2023-09-19,1934.0,1934.0,1932.0,1932.0,6,1920.128575,1916.0500000333334
2023-09-20,1945.599976,1945.599976,1929.199951,1945.599976,119,1923.3142788571429,1916.7666667
2023-09-21,1924.0,1924.0,1919.199951,1919.199951,9,1924.4428362857143,1916.8933309333333
2023-09-22,1925.400024,1925.400024,1925.400024,1925.400024,1,1926.7714145714285,1917.2599975999997
2023-09-25,1916.599976,1916.599976,1916.599976,1916.599976,114,1927.714268285714,1917.3833293333334
2023-09-26,1905.0,1905.099976,1900.400024,1900.400024,161,1924.3857072857143,1917.0433309333332
2023-09-27,1871.599976,1871.599976,1871.599976,1871.599976,12251,1915.828561,1916.0133301333333
2023-09-28,1875.5,1878.199951,1856.699951,1860.400024,4654,1905.5999929999998,1914.8233317333331
2023-09-29,1864.300049,1872.300049,1846.0,1848.099976,1605,1891.6714215714285,1913.6233317333333
2023-10-02,1844.099976,1845.900024,1826.699951,1830.0,2309,1878.9285714285713,1911.7533325333332
2023-10-03,1825.0,1830.900024,1816.800049,1824.599976,310,1864.5285645714287,1909.4633301
2023-10-04,1821.800049,1828.199951,1816.400024,1818.5,357,1850.5142822857144,1906.8666626333331
2023-10-05,1826.300049,1826.300049,1815.599976,1816.599976,393,1838.5428468571429,1903.4699951666664
2023-10-06,1819.0,1831.800049,1809.400024,1830.199951,390,1832.6285575714285,1900.5366618333333
2023-10-09,1842.5,1861.5,1842.5,1849.5,232,1831.0714112857145,1898.4833293
2023-10-10,1857.0,1861.400024,1852.800049,1861.0,236,1832.9142718571431,1896.5866618333334
2023-10-11,1869.5,1874.599976,1869.099976,1872.800049,65,1839.0285645714287,1894.4633301333333
2023-10-12,1874.699951,1881.199951,1867.0,1869.300049,46,1845.4142892857142,1891.9633301333333
2023-10-13,1877.5,1930.099976,1877.5,1927.400024,43,1860.9714355714284,1891.6033325666665
2023-10-16,1910.400024,1921.099976,1910.300049,1921.099976,53,1875.900007,1890.9799968
2023-10-17,1914.300049,1925.800049,1914.300049,1922.699951,103,1889.1142927142857,1890.8633301333332
2023-10-18,1935.0,1957.900024,1935.0,1955.300049,67,1904.2285854285713,1892.1033325666665
2023-10-19,1950.099976,1977.699951,1945.699951,1968.400024,1945,1919.571446,1893.8000000333334
2023-10-20,1981.099976,1988.599976,1980.400024,1982.5,557,1935.2428675714286,1895.9366659
2023-10-23,1976.199951,1978.900024,1972.900024,1976.300049,127,1950.5285818571429,1897.7033325666666
2023-10-24,1970.300049,1975.0,1970.300049,1975.0,10,1957.3285784285713,1899.8266642666667
2023-10-25,1971.199951,1985.300049,1971.199951,1984.099976,97,1966.3285784285715,1902.3266642666667
2023-10-26,1988.199951,1988.199951,1980.400024,1987.199951,521,1975.542864142857,1904.8999959666667
2023-10-27,1988.599976,1988.599976,1988.599976,1988.599976,372,1980.2999965714287,1907.0633301333332
2023-10-30,2004.099976,2004.099976,1992.5,1996.199951,157,1984.2714147142856,1909.2199951666666
2023-10-31,1996.5,2001.0,1983.699951,1985.199951,84,1984.657122,1910.9933268666666
2023-11-01,1990.5,1990.5,1977.800049,1978.800049,41,1985.014264857143,1912.0999959666667
2023-11-02,1989.099976,1990.300049,1979.5,1985.599976,39,1986.5285471428574,1914.3133301333332
2023-11-03,1989.0,1991.5,1989.0,1991.5,12,1987.5856934285714,1916.5166626666667
2023-11-06,1981.599976,1981.599976,1977.400024,1981.599976,130,1986.785697,1918.6833293333332
2023-11-07,1966.5,1966.800049,1960.699951,1966.800049,20,1983.6714217142858,1920.8966635000002
2023-11-08,1967.800049,1967.800049,1947.699951,1951.5,43,1977.2857144285715,1923.5599976333333
2023-11-09,1951.699951,1964.199951,1945.300049,1964.199951,10,1974.2857144285715,1927.0199951999998
2023-11-10,1959.599976,1959.599976,1932.599976,1932.599976,375,1967.685704,1929.8366618666666
2023-11-13,1939.900024,1947.199951,1934.0,1945.5,191,1961.9571359999998,1933.6866618666668
2023-11-14,1965.800049,1965.800049,1961.800049,1961.800049,2,1957.7142858571426,1938.2599976333333
2023-11-15,1962.800049,1962.800049,1960.0,1960.099976,6,1954.6428572857144,1942.9799968333332
2023-11-16,1965.300049,1983.900024,1964.599976,1983.900024,39,1957.0857108571429,1948.5566651000001
2023-11-17,1982.5,1984.0,1979.800049,1981.599976,32,1961.3857074285713,1953.6033326
2023-11-20,1978.699951,1979.400024,1969.699951,1977.699951,182,1963.3142788571427,1957.8766643000001
2023-11-21,1990.699951,2005.5,1988.5,1999.300049,16,1972.8428607142855,1962.4866659333334
2023-11-22,1999.099976,1999.400024,1991.0,1991.400024,6075,1979.400007,1966.4399984333334
2023-11-24,1991.900024,2002.199951,1991.5,2002.199951,63,1985.1714215714287,1970.8699951666667
2023-11-27,2011.699951,2011.800049,2011.699951,2011.800049,228,1992.5571462857145,1973.6833293333334
2023-11-28,2040.599976,2042.699951,2039.699951,2039.699951,174665,2000.5285644285716,1977.6366618333334
2023-11-29,2041.699951,2052.100098,2036.0,2047.099976,15290,2009.8857072857143,1981.7833293333335
2023-11-30,2046.099976,2047.099976,2033.099976,2038.099976,2506,2018.5142822857144,1984.5433268999998
2023-12-01,2038.300049,2073.199951,2036.0,2071.0,614,2028.7571324285714,1987.9633261000001
2023-12-04,2075.300049,2130.199951,2021.0,2024.099976,1071,2033.4285541428574,1989.349991966667
2023-12-05,2035.099976,2037.0,2010.199951,2018.5,289,2035.7571325714287,1990.7566570000001
2023-12-06,2019.900024,2035.800049,2019.0,2030.5,417,2038.4285541428574,1992.606657
2023-12-07,2029.199951,2034.900024,2024.0,2029.900024,67,2037.0285645714284,1994.1333252666666
2023-12-08,2031.699951,2033.099976,1995.0,1998.300049,449,2030.0571464285715,1994.5033285333334
2023-12-11,2004.099976,2004.199951,1977.199951,1978.0,651,2021.4714355714289,1994.149996
2023-12-12,1984.199951,1994.199951,1977.800049,1977.800049,95,2008.157156857143,1993.5366659333333
2023-12-13,1978.5,2024.800049,1975.0,1982.300049,2252,2002.1857387142857,1993.4400025333334
2023-12-14,2024.699951,2040.099976,2024.300049,2030.199951,236,2003.8571602857141,1995.1533325999999
2023-12-15,2032.599976,2043.400024,2018.300049,2021.099976,261,2002.5142997142855,1996.3366659333333
2023-12-18,2024.300049,2032.800049,2024.0,2026.300049,100,2002.0000175714288,1997.4966675666667
2023-12-19,2025.199951,2042.699951,2025.199951,2038.400024,498,2007.7285854285713,1999.3900025
2023-12-20,2037.099976,2037.099976,2030.300049,2034.5,258,2015.800014,2001.6466675333331
2023-12-21,2035.800049,2044.5,2033.0,2039.099976,228,2024.5571464285713,2004.5666667333332
2023-12-22,2055.699951,2068.699951,2052.199951,2057.100098,202,2035.2428677142857,2007.6633383
2023-12-26,2060.0,2060.800049,2054.199951,2058.199951,64,2039.2428677142857,2011.8500041333332
2023-12-27,2067.300049,2081.899902,2064.800049,2081.899902,586,2047.9285714285713,2016.3966675333331
2023-12-28,2081.600098,2087.300049,2066.5,2073.899902,338,2054.7285504285715,2020.1333293
2023-12-29,2068.0,2068.899902,2062.100098,2062.399902,47,2058.1571044285715,2023.5433268333334
2024-01-02,2063.5,2073.699951,2057.100098,2064.399902,61,2062.428519,2026.2266561
2024-01-03,2034.199951,2044.0,2034.199951,2034.199951,54,2061.7285154285714,2027.9799886
2024-01-04,2041.599976,2044.5,2038.0,2042.300049,88,2059.614222714286,2030.1333252
2024-01-05,2044.5,2048.100098,2042.400024,2042.400024,12,2057.357090285714,2031.5699910333335
2024-01-08,2019.099976,2033.699951,2019.099976,2026.599976,10,2049.457100857143,2032.7433227666666
2024-01-09,2035.800049,2035.800049,2026.400024,2026.400024,27,2042.6714040000002,2033.5499918666667
2024-01-10,2029.0,2035.599976,2021.699951,2021.699951,538,2036.8571252857143,2033.8799886000002
2024-01-11,2025.099976,2025.099976,2014.300049,2014.300049,97,2029.7000034285713,2033.0333251999998
2024-01-12,2031.099976,2057.0,2031.099976,2046.699951,390,2031.4857177142858,2033.0199910333333
2024-01-16,2051.699951,2054.800049,2026.0,2026.0,46,2029.1571392857143,2032.6166585
2024-01-17,2026.5,2026.5,2002.599976,2002.599976,764,2023.4714181428571,2030.3366577000002
2024-01-18,2012.800049,2018.599976,2009.5,2018.599976,1474,2022.328561,2030.1533243666665
2024-01-19,2023.199951,2036.0,2019.5,2026.5,50,2022.3428432857145,2030.4199910333332
2024-01-22,2021.300049,2021.300049,2019.800049,2019.800049,12,2022.0714287142857,2030.063326
2024-01-23,2030.300049,2030.300049,2022.5,2023.699951,15,2023.4142718571427,2029.8566569
2024-01-24,2023.199951,2033.199951,2013.900024,2013.900024,253,2018.7285680000002,2030.3766560666666
2024-01-25,2012.099976,2022.400024,2012.099976,2016.900024,548,2017.4285714285713,2031.6733235333334
2024-01-26,2021.699951,2022.400024,2016.800049,2016.800049,49,2019.4571532857142,2032.9733235333333
2024-01-29,2025.199951,2025.199951,2025.199951,2025.199951,150708,2020.4000068571427,2034.4033202666667
2024-01-30,2032.5,2048.5,2028.099976,2031.5,26907,2021.1142925714285,2034.4466552333333
2024-01-31,2035.400024,2055.0,2030.0,2048.399902,2007,2025.199985857143,2035.3566527666667
2024-02-01,2040.199951,2064.5,2029.0,2053.0,947,2029.3857071428572,2036.2466511333332
2024-02-02,2054.800049,2055.899902,2027.699951,2036.099976,888,2032.5571288571427,2036.1699828666667
2024-02-05,2038.900024,2040.800049,2013.800049,2025.699951,412,2033.8142612857143,2035.8766479
2024-02-06,2025.900024,2037.300049,2025.900024,2034.5,249,2036.3428257142857,2035.7233153666666
2024-02-07,2032.800049,2039.5,2032.699951,2035.199951,71,2037.771397142857,2034.9933104666668
2024-02-08,2028.0,2036.699951,2020.300049,2032.199951,341,2037.871390142857,2034.1266438
2024-02-09,2032.0,2032.0,2020.0,2023.300049,62,2034.2856968571427,2032.1733153666669
2024-02-12,2025.5,2025.5,2011.599976,2018.199951,317,2029.314261285714,2030.3166503333332
2024-02-13,2025.099976,2025.800049,1990.0,1992.900024,198,2023.1428395714286,2027.9999877333332
2024-02-14,1990.300049,1993.5,1984.800049,1990.300049,1916,2018.0857107142856,2025.5299926333332
2024-02-15,1993.599976,2007.199951,1993.599976,2002.099976,286,2013.4571358571427,2024.4599934666667
2024-02-16,2005.0,2011.5,1996.5,2011.5,32,2010.0714285714287,2023.433325166667
2024-02-20,2015.599976,2029.0,2015.599976,2027.5,1326,2009.4000070000002,2022.9366577
2024-02-21,2028.199951,2028.199951,2022.300049,2022.300049,15,2009.2571498571428,2022.7933268000002
2024-02-22,2033.199951,2033.199951,2019.699951,2019.699951,964,2009.4714355714289,2022.5699910333335
2024-02-23,2026.0,2038.599976,2014.900024,2038.599976,22,2016.0000001428573,2023.1333252
2024-02-26,2034.099976,2035.400024,2024.800049,2028.5,143,2021.4571360000002,2023.6066569
2024-02-27,2035.900024,2035.900024,2034.0,2034.0,964,2026.0142822857144,2023.1833252
2024-02-28,2029.5,2037.0,2024.800049,2033.0,581,2029.085710857143,2023.4166585333332
2024-02-29,2034.300049,2049.800049,2034.300049,2045.699951,706,2031.685703857143,2024.8533243666668
2024-03-01,2043.099976,2086.899902,2041.800049,2086.899902,1210,2040.9142542857142,2027.1299885666667
2024-03-04,2083.600098,2119.800049,2080.699951,2117.699951,805,2054.9142542857144,2030.1699869333336
2024-03-05,2114.899902,2133.5,2111.399902,2133.5,1287,2068.4714005714286,2033.9599853
2024-03-06,2125.5,2150.300049,2125.5,2150.300049,443,2085.8714075714283,2038.1799885666667
2024-03-07,2147.0,2163.0,2147.0,2158.0,152,2103.585693285714,2042.9833211
2024-03-08,2167.300049,2194.899902,2166.300049,2178.600098,259,2124.385707285714,2048.373323566667
2024-03-11,2181.0,2184.0,2177.199951,2182.5,738,2143.9285714285716,2053.8966552666666
2024-03-12,2182.5,2182.699951,2160.399902,2160.399902,550,2154.4285714285716,2058.4033203
2024-03-13,2162.5,2175.399902,2162.5,2175.399902,20,2162.6714215714283,2063.1999837
2024-03-14,2163.0,2163.0,2162.300049,2163.0,515,2166.885707285714,2067.0199869666667
2024-03-15,2161.699951,2161.699951,2157.300049,2157.300049,100,2167.8857072857145,2070.496655266667
2024-03-18,2146.199951,2160.699951,2146.199951,2160.699951,21,2168.2714145714285,2074.649987766667
2024-03-19,2156.100098,2156.300049,2156.100098,2156.300049,12,2165.0856932857146,2079.0033243666667
2024-03-20,2157.300049,2185.899902,2150.899902,2157.899902,17,2161.5713935714284,2083.116654433333
2024-03-21,2207.0,2211.600098,2182.399902,2182.399902,63,2164.7142507142858,2088.0233194666666
2024-03-22,2179.199951,2179.600098,2157.5,2158.100098,19,2162.242850142857,2092.2199910333334
2024-03-25,2166.199951,2179.399902,2166.199951,2174.800049,79,2163.9285714285716,2097.2699910333336
2024-03-26,2182.699951,2182.699951,2175.600098,2175.600098,202373,2166.542864142857,2102.5166626
2024-03-27,2179.399902,2196.199951,2172.100098,2190.600098,31200,2170.8143137142856,2109.1066650666667
2024-03-28,2193.600098,2234.100098,2187.100098,2217.399902,2040,2179.542864142857,2116.6766601666664
2024-04-01,2235.699951,2264.199951,2230.0,2236.5,400,2190.7714495714285,2124.4899943
2024-04-02,2252.0,2279.199951,2247.600098,2261.0,435,2202.000035,2132.8066609666666
2024-04-03,2281.699951,2298.800049,2267.899902,2294.399902,285,2221.4714355714286,2141.703324366667
2024-04-04,2301.699951,2302.899902,2280.0,2288.800049,251,2237.757149857143,2150.5866577
2024-04-05,2289.199951,2328.399902,2267.399902,2325.699951,344,2259.199986,2160.7866577
2024-04-08,2325.600098,2341.800049,2319.0,2331.699951,202,2279.357107857143,2170.556656866667
2024-04-09,2337.800049,2364.699951,2337.800049,2343.5,211,2297.3714075714283,2181.056656866667
2024-04-10,2346.600098,2358.100098,2327.699951,2329.600098,377,2310.6714215714287,2190.9099934666665
2024-04-11,2341.5,2376.300049,2330.600098,2354.800049,283,2324.0714285714284,2201.6366617666667
2024-04-12,2377.300049,2429.0,2334.300049,2356.199951,584,2332.9000069999997,2211.986661766666
2024-04-15,2362.100098,2384.699951,2326.0,2365.800049,1801,2343.9000069999997,2221.2833333333333
2024-04-16,2384.0,2390.800049,2371.399902,2390.800049,41,2353.200021,2230.386669933333
2024-04-17,2384.199951,2391.399902,2369.300049,2371.699951,37,2358.914306714286,2238.3266682999997
2024-04-18,2368.399902,2384.399902,2368.399902,2382.300049,128,2364.457170857143,2246.0600016333333
2024-04-19,2379.300049,2399.800049,2377.300049,2398.399902,160,2374.285714285714,2254.0733317
2024-04-22,2383.300049,2383.300049,2326.899902,2332.199951,53,2371.057128857143,2259.1933268
2024-04-23,2327.699951,2330.800049,2294.199951,2327.699951,171,2366.9857002857143,2264.0333251666666
2024-04-24,2321.300049,2328.699951,2314.600098,2324.5,95,2361.085693285714,2269.503328433333
2024-04-25,2315.0,2329.800049,2305.0,2329.800049,1024,2352.3714075714283,2274.65
2024-04-26,2347.899902,2347.899902,2332.800049,2334.800049,717,2347.099993,2280.3766683
2024-04-29,2334.800049,2345.5,2327.899902,2345.399902,405,2341.8285434285717,2286.6466634000003
2024-04-30,2322.5,2322.5,2291.399902,2291.399902,113,2326.542829142857,2291.0033284333335
2024-05-01,2287.699951,2327.300049,2283.800049,2299.899902,42,2321.928536428571,2295.7899902000004
2024-05-02,2321.699951,2324.699951,2292.300049,2299.199951,56,2317.857107857143,2300.4999918333333
2024-05-03,2300.0,2301.0,2277.600098,2299.0,194,2314.2142507142858,2304.3866617666663
2024-05-06,2322.800049,2325.5,2314.199951,2321.600098,9,2313.042829142857,2309.836661766667
2024-05-07,2324.300049,2324.300049,2315.199951,2315.199951,25,2310.242815142857,2314.5166584999997
2024-05-08,2313.600098,2313.600098,2313.600098,2313.600098,4,2305.699986,2319.1166585
2024-05-09,2310.699951,2339.5,2310.699951,2332.100098,5,2311.5142997142857,2323.833325166667
2024-05-10,2367.300049,2367.300049,2367.300049,2367.300049,126,2321.142892142857,2328.829996733333
2024-05-13,2358.300049,2358.300049,2336.100098,2336.100098,14,2326.4143417142855,2332.15
2024-05-14,2336.0,2358.0,2336.0,2353.399902,6,2334.1857562857144,2335.229996733333
2024-05-15,2361.600098,2388.699951,2356.0,2388.699951,29,2343.7714495714285,2338.3733317
2024-05-16,2389.5,2392.199951,2380.0,2380.0,7,2353.028599428572,2341.4133300666667
2024-05-17,2380.699951,2415.800049,2380.699951,2412.199951,213,2367.1142927142855,2344.2966634
2024-05-20,2415.800049,2435.800049,2409.699951,2433.899902,40,2381.657121857143,2347.7033284333334
2024-05-21,2429.5,2429.5,2421.0,2421.699951,6,2389.4285364285715,2350.309993466667
2024-05-22,2417.5,2417.600098,2375.800049,2389.199951,180,2397.0142297142856,2352.2966552333332
2024-05-23,2371.199951,2371.199951,2335.0,2335.0,365,2394.385672285714,2351.6366535999996
2024-05-24,2342.600098,2345.399902,2332.5,2332.5,25,2386.357107857143,2350.8466552333334
2024-05-28,2336.899902,2359.699951,2336.899902,2355.199951,26,2382.8142437142856,2350.4933186333333
2024-05-29,2340.300049,2340.300049,2340.300049,2340.300049,119317,2372.5428291428575,2348.8099853
2024-05-30,2336.899902,2349.5,2320.800049,2342.899902,32587,2359.542829142857,2347.8499836666665
2024-05-31,2344.100098,2354.0,2319.0,2322.899902,941,2345.4285364285715,2345.869978766667
2024-06-03,2322.600098,2347.5,2312.0,2346.600098,781,2339.3428431428574,2344.1433186333334
2024-06-04,2347.5,2347.699951,2313.899902,2325.5,890,2337.9857002857143,2343.9199869333333
2024-06-05,2326.399902,2354.300049,2326.199951,2354.100098,295,2341.0714285714284,2344.799991833333
2024-06-06,2355.0,2375.800049,2355.0,2370.300049,179,2343.2285854285715,2346.3266601333335
2024-06-07,2379.899902,2385.100098,2285.399902,2305.199951,269,2338.214285714286,2345.5066568666666
2024-06-10,2290.600098,2309.300049,2290.5,2307.699951,69,2333.1857212857144,2344.6033202666667
2024-06-11,2300.0,2314.100098,2300.0,2307.5,871,2330.9857352857143,2343.3399902
2024-06-12,2314.899902,2338.699951,2310.300049,2336.0,132,2329.4714355714286,2344.826660133333
2024-06-13,2309.399902,2317.699951,2296.199951,2300.199951,298,2325.8571428571427,2344.836661766667
2024-06-14,2307.0,2331.399902,2305.800049,2331.399902,948,2322.614257714286,2345.909993466667
2024-06-17,2320.199951,2320.199951,2309.600098,2312.399902,110,2314.3428081428574,2346.3566568666665
2024-06-18,2311.800049,2330.399902,2311.800049,2330.399902,43,2317.942801142857,2346.6499836666667
2024-06-20,2328.899902,2354.0,2328.300049,2353.800049,183,2324.5285294285713,2347.9366536
2024-06-21,2331.199951,2331.199951,2316.399902,2316.399902,76,2325.799944,2348.0299804
2024-06-24,2323.300049,2332.899902,2322.699951,2330.0,99,2324.942801142857,2347.9599771333333
2024-06-25,2324.399902,2333.0,2316.600098,2316.600098,105,2327.285679285714,2346.2699787666666
2024-06-26,2307.899902,2314.399902,2298.0,2299.199951,986,2322.6856862857144,2345.0399738666665
2024-06-27,2296.800049,2329.0,2295.0,2324.5,1532,2324.414271714286,2344.0766438
2024-06-28,2325.399902,2338.300049,2319.0,2327.699951,92,2324.0285644285714,2342.0433104666668
2024-07-01,2323.800049,2329.699951,2321.699951,2327.600098,237,2320.285714285714,2340.2966470666665
2024-07-02,2330.699951,2334.600098,2323.0,2323.0,30,2321.2285854285715,2337.3233153666665
2024-07-03,2330.899902,2361.600098,2330.899902,2359.800049,59,2325.4857352857143,2334.8533202666663
2024-07-05,2354.899902,2388.5,2354.899902,2388.5,72,2335.757149857143,2333.7466552333335
2024-07-08,2381.699951,2383.800049,2352.800049,2355.199951,64,2343.757149857143,2332.6133219
2024-07-09,2363.100098,2363.699951,2360.100098,2360.100098,9,2348.842878142857,2333.4499918333336
2024-07-10,2366.300049,2377.0,2365.800049,2372.199951,19,2355.200021,2334.7733235333335
2024-07-11,2378.699951,2416.699951,2378.699951,2415.0,72,2367.6857212857144,2336.7666584999997
2024-07-12,2399.800049,2414.0,2391.300049,2414.0,355,2380.6857212857144,2339.2233235333333
2024-07-15,2430.0,2436.0,2422.899902,2422.899902,540,2389.6999859999996,2341.8899902
2024-07-16,2427.399902,2462.399902,2427.399902,2462.399902,93,2400.257114857143,2346.5399902
2024-07-17,2472.899902,2473.100098,2454.800049,2454.800049,10,2414.4857002857143,2350.1466552333336
2024-07-18,2466.0,2466.0,2451.800049,2451.800049,2,2427.585693285714,2354.3566568666665
2024-07-19,2418.800049,2419.199951,2395.5,2395.5,15,2430.914271714286,2355.7366536
2024-07-22,2402.100098,2402.100098,2392.0,2392.0,18,2427.6285574285716,2356.4599853000004
2024-07-23,2395.800049,2404.600098,2388.699951,2404.600098,41,2426.285714285714,2359.7733235333335
2024-07-24,2421.0,2421.0,2411.600098,2413.300049,6,2424.914306714286,2363.2933268
2024-07-25,2365.5,2365.5,2351.899902,2351.899902,31,2409.1285924285717,2364.7733235333335
2024-07-26,2368.699951,2386.899902,2368.699951,2380.0,95,2398.442871142857,2366.2399902
2024-07-29,2377.300049,2377.300049,2377.300049,2377.300049,126409,2387.800014,2368.8099934666666
2024-07-30,2380.899902,2409.300049,2373.800049,2405.0,25944,2389.1571568571426,2371.263330066666
2024-07-31,2407.100098,2447.600098,2402.800049,2426.5,1313,2394.085728285714,2375.0666666666666
2024-08-01,2446.699951,2455.100098,2430.399902,2435.0,690,2398.4285714285716,2378.5533366
2024-08-02,2444.0,2477.0,2416.0,2425.699951,550,2400.199986,2380.95
2024-08-05,2442.0,2449.800049,2367.399902,2401.699951,334,2407.314278714286,2383.7933349666664
2024-08-06,2414.5,2421.800049,2380.0,2389.100098,163,2408.614292714286,2385.763338233333
2024-08-07,2392.199951,2401.0,2384.5,2390.5,130,2410.5,2388.2266683
2024-08-08,2384.300049,2422.800049,2384.300049,2422.199951,201,2412.9571358571425,2392.3266682999997
2024-08-09,2422.300049,2432.100098,2418.5,2432.100098,611,2413.7571498571424,2395.9133382333334
2024-08-12,2432.699951,2469.800049,2432.0,2462.399902,566,2417.6714215714283,2400.4033366
2024-08-13,2461.0,2470.0,2456.5,2466.699951,510,2423.528564428572,2405.0399983666666
2024-08-14,2468.0,2472.100098,2439.399902,2439.399902,274,2428.914271714286,2408.9199951
2024-08-15,2451.800049,2467.699951,2431.199951,2453.100098,285,2438.057128857143,2412.0299967333335
2024-08-16,2453.5,2508.0,2451.399902,2498.600098,197,2453.5,2415.7
2024-08-19,2508.5,2508.5,2487.199951,2501.800049,88,2464.8714425714284,2420.5866699333337
2024-08-20,2503.5,2527.300049,2500.699951,2511.300049,187,2476.185721285714,2425.6266683
2024-08-21,2511.0,2515.399902,2503.899902,2508.399902,96,2482.757149857143,2430.1666666666665
2024-08-22,2504.100098,2504.100098,2471.100098,2478.899902,210,2484.5,2432.2966634
2024-08-23,2486.5,2508.399902,2486.5,2508.399902,94,2494.3571428571427,2435.4433268000002
2024-08-26,2509.899902,2523.100098,2509.100098,2517.699951,290,2503.585693285714,2438.6033284333334
2024-08-27,2515.199951,2523.100098,2506.899902,2516.0,100,2506.071393571429,2440.3899983666665
2024-08-28,2501.0,2501.0,2501.0,2501.0,2353,2505.957100857143,2441.9299967333336
2024-08-29,2504.100098,2525.699951,2503.899902,2525.699951,3966,2508.0142297142856,2444.3933267999996
2024-08-30,2519.5,2525.399902,2493.800049,2493.800049,208,2505.9285364285715,2447.6699951
2024-09-03,2501.600098,2501.800049,2476.300049,2489.899902,206,2507.499965,2450.9333251666667
2024-09-04,2490.899902,2493.399902,2483.5,2493.399902,470,2505.357107857143,2453.8933186333334
2024-09-05,2493.699951,2513.300049,2493.399902,2511.399902,54,2504.457100857143,2457.1633137333333
2024-09-06,2510.300049,2517.899902,2483.699951,2493.5,96,2501.242815142857,2461.8833170000003
2024-09-09,2491.300049,2504.699951,2491.300049,2501.800049,96,2501.357107857143,2465.9433186333335
2024-09-10,2512.300049,2512.300049,2512.300049,2512.300049,5,2499.4428361428572,2470.4433186333335
2024-09-11,2525.800049,2525.800049,2502.300049,2512.100098,90,2502.057128857143,2474.0133219
2024-09-12,2529.100098,2557.0,2523.399902,2551.199951,132,2510.8142787142856,2478.1699869333333
2024-09-13,2568.800049,2581.800049,2565.0,2581.300049,31,2523.3714425714284,2483.0466552333332
2024-09-16,2580.399902,2580.399902,2580.399902,2580.399902,28,2533.2285854285715,2488.2033202666667
2024-09-17,2581.199951,2581.800049,2564.300049,2564.300049,22,2543.342878142857,2493.6233235333334
2024-09-18,2570.699951,2570.699951,2549.199951,2570.699951,25,2553.1857212857144,2499.6766519666667
2024-09-19,2566.0,2588.0,2566.0,2588.0,99,2564.0,2506.2599853
2024-09-20,2590.399902,2621.800049,2590.399902,2619.899902,17,2579.3999719999997,2512.849983666667
2024-09-23,2626.5,2626.5,2626.5,2626.5,9,2590.157121857143,2519.3299804
2024-09-24,2636.800049,2662.300049,2625.5,2651.199951,35,2600.1428221428573,2525.623315366667
2024-09-25,2656.300049,2664.199951,2649.300049,2659.199951,175,2611.399972,2532.039982033333
2024-09-26,2662.300049,2669.899902,2660.800049,2669.899902,17216,2626.485665285714,2539.7233153666666
2024-09-27,2670.0,2672.100098,2641.699951,2644.300049,4228,2636.999965,2546.0966470666667
2024-09-30,2660.899902,2662.100098,2623.199951,2636.100098,973,2643.8714075714283,2550.6799804000007
2024-10-01,2631.399902,2670.899902,2631.399902,2667.300049,153,2650.6428571428573,2556.1966470666666
2024-10-02,2650.600098,2657.199951,2640.0,2647.100098,72,2653.585728285714,2560.7233153666666
2024-10-03,2642.800049,2657.100098,2640.0,2657.100098,354,2654.428606428571,2565.679988566667
2024-10-04,2656.0,2667.0,2639.0,2645.800049,114,2652.5143347142853,2571.2433268
2024-10-07,2648.699951,2657.399902,2639.0,2644.800049,284,2648.928641428571,2575.7899983666666
2024-10-08,2639.0,2639.0,2609.300049,2615.0,687,2644.742920142857,2579.0333333333333
2024-10-09,2603.0,2607.699951,2603.0,2606.0,152,2640.4429061428573,2582.0333333333333
2024-10-10,2602.5,2628.300049,2602.5,2620.600098,320,2633.7714845714286,2586.0200032666667
2024-10-11,2638.300049,2658.100098,2638.199951,2657.600098,12,2635.2714845714286,2590.416674833333
2024-10-14,2655.0,2655.300049,2647.800049,2647.800049,40,2633.942906142857,2595.5500081666664
2024-10-15,2661.399902,2661.399902,2661.399902,2661.399902,39,2636.1714565714283,2601.2666748333336
2024-10-16,2674.0,2674.0,2674.0,2674.0,6,2640.342878142857,2607.2866781
2024-10-17,2677.399902,2691.699951,2677.199951,2691.0,30,2651.200021,2613.273348033333
2024-10-18,2713.699951,2719.600098,2713.699951,2713.699951,29,2666.585728285714,2620.6133464
2024-10-21,2721.899902,2738.399902,2719.5,2723.100098,52,2681.2285854285715,2627.9900147
2024-10-22,2731.699951,2746.0,2728.600098,2744.199951,93,2693.5999930000003,2635.720011433333
2024-10-23,2742.5,2742.5,2714.199951,2714.399902,18,2703.1142577142855,2642.4633382333336
2024-10-24,2729.0,2736.100098,2729.0,2734.899902,27,2713.614257714286,2648.5866699333333
2024-10-25,2725.5,2742.399902,2725.5,2740.899902,29,2723.1713865714287,2653.9066650333334
2024-10-28,2736.100098,2742.899902,2729.5,2742.899902,56,2730.5856582857145,2659.3233317
2024-10-29,2768.399902,2768.399902,2768.399902,2768.399902,848,2738.3999370000006,2666.1266601333336
2024-10-30,2774.600098,2789.0,2774.600098,2788.5,231,2747.742780142857,2673.3866617666667
2024-10-31,2787.399902,2787.5,2733.5,2738.300049,849,2746.8999369999997,2678.3966634000003
2024-11-01,2745.5,2756.0,2734.199951,2738.600098,109,2750.357107857143,2682.3533365999997
2024-11-04,2736.5,2737.100098,2736.100098,2736.100098,16,2750.5285644285714,2686.0066731999996
2024-11-05,2743.0,2743.899902,2740.300049,2740.300049,23,2750.4428711428577,2688.976676466666
2024-11-06,2734.5,2734.5,2659.399902,2667.600098,427,2739.6857562857144,2689.2566813666667
2024-11-07,2662.5,2699.100098,2662.5,2698.399902,676,2729.6857562857144,2690.2066813666665
2024-11-08,2688.5,2694.600098,2682.899902,2687.5,1038,2715.257184857143,2691.6466797333333
2024-11-11,2671.699951,2671.699951,2611.199951,2611.199951,20,2697.100028,2690.816674833333
2024-11-12,2605.5,2605.5,2592.800049,2600.0,118,2677.300014,2688.573339866666
2024-11-13,2611.100098,2611.800049,2580.800049,2580.800049,53,2655.1142927142855,2686.3633382333333
2024-11-14,2555.100098,2576.199951,2554.199951,2568.199951,27,2630.5285644285714,2683.4
2024-11-15,2565.699951,2565.699951,2565.699951,2565.699951,20,2615.971400571429,2680.7299967333333
2024-11-18,2591.699951,2610.699951,2589.399902,2610.600098,136,2603.4285714285716,2679.5899983666664
2024-11-19,2621.899902,2627.699951,2619.300049,2627.100098,87,2594.800014,2679.9933349666667
2024-11-20,2638.5,2648.199951,2638.5,2648.199951,27,2600.085728285714,2681.4
2024-11-21,2659.300049,2672.100098,2655.699951,2672.100098,33,2610.385742285714,2683.116666666667
2024-11-22,2687.5,2710.5,2685.600098,2709.899902,41,2628.8285784285717,2684.8599934666668
2024-11-25,2689.399902,2689.399902,2616.800049,2616.800049,94,2635.7714495714285,2683.8266601333335
2024-11-26,2625.600098,2625.600098,2620.300049,2620.300049,177858,2643.5714635714285,2682.4566650333336
2024-11-27,2633.5,2657.899902,2627.199951,2639.899902,61653,2647.757149857143,2681.3199951
2024-11-29,2636.399902,2664.300049,2620.699951,2657.0,3861,2652.028564428572,2680.186661766667
2024-12-02,2649.0,2649.800049,2621.699951,2634.899902,695,2650.1285574285716,2677.5599934666666
2024-12-03,2639.0,2654.699951,2636.0,2644.699951,1062,2646.2142507142858,2674.9466552333333
2024-12-04,2639.199951,2658.300049,2637.0,2653.800049,249,2638.199986,2671.9333251666667
2024-12-05,2652.399902,2655.0,2625.699951,2626.600098,573,2639.599993,2669.0066650333333
2024-12-06,2620.199951,2643.100098,2617.5,2638.600098,571,2642.214285714286,2665.796671566667
2024-12-09,2632.100098,2677.100098,2630.800049,2664.899902,935,2645.785714285714,2663.263338233334
2024-12-10,2662.300049,2698.199951,2661.0,2697.600098,437,2651.585728285714,2661.7533447666665
2024-12-11,2701.800049,2733.800049,2693.100098,2733.800049,3387,2665.714320714286,2660.600016333333
2024-12-12,2725.100098,2725.100098,2677.399902,2687.5,2365,2671.8286134285713,2657.2333496666665
2024-12-13,2688.199951,2689.300049,2647.899902,2656.0,1125,2672.142892142857,2654.4900147
2024-12-16,2658.300049,2663.300049,2651.0,2651.399902,877,2675.6857212857144,2651.5833415
2024-12-17,2651.800049,2652.300049,2632.5,2644.399902,705,2676.5142647142857,2648.5266683
2024-12-18,2644.300049,2647.100098,2590.199951,2636.5,566,2672.4571358571434,2645.0666666666666
2024-12-19,2582.100098,2610.300049,2582.100098,2592.199951,238,2657.3999719999997,2642.5533284333333
2024-12-20,2605.300049,2631.600098,2604.899902,2628.699951,592,2642.385672285714,2640.2299967333333
2024-12-23,2620.0,2627.699951,2611.100098,2612.300049,451,2631.6428221428573,2637.7233317
2024-12-24,2613.0,2620.0,2609.5,2620.0,35,2626.499965,2638.016666666667
2024-12-26,2628.5,2638.800049,2627.899902,2638.800049,84,2624.6999859999996,2639.3100016333333
2024-12-27,2617.699951,2617.699951,2616.399902,2617.199951,642,2620.8142787142856,2640.5233317
2024-12-30,2620.699951,2626.899902,2597.0,2606.100098,794,2616.4714355714286,2641.7866699333335
2024-12-31,2608.399902,2629.199951,2604.899902,2629.199951,401,2621.7571498571424,2643.9033366
2025-01-02,2633.0,2663.100098,2633.0,2658.899902,1728,2626.0714285714284,2645.5133300666666
2025-01-03,2658.699951,2658.699951,2641.800049,2645.0,591,2630.742850142857,2646.1099934666663
2025-01-06,2645.5,2647.0,2617.300049,2638.399902,960,2633.3714075714283,2645.7833251666666
2025-01-07,2653.399902,2657.5,2653.0,2656.699951,643,2635.9285364285715,2645.2699869333333
2025-01-08,2655.5,2676.899902,2653.5,2664.5,999,2642.685686285714,2643.7566568666666
2025-01-09,2669.699951,2686.300049,2667.899902,2683.800049,1139,2653.785679285714,2645.9899902
2025-01-10,2686.100098,2720.100098,2683.699951,2708.5,403,2665.114257714286,2648.929988566667
2025-01-13,2711.100098,2711.199951,2673.5,2673.5,765,2667.1999859999996,2650.049991833333
2025-01-14,2673.600098,2688.300049,2670.800049,2677.5,794,2671.842843142857,2650.7333251666664
2025-01-15,2690.800049,2712.5,2690.800049,2712.5,930,2682.4285714285716,2653.3199951
2025-01-16,2731.699951,2749.800049,2731.699951,2746.399902,1721,2695.242850142857,2656.709993466667
2025-01-17,2736.0,2751.600098,2725.5,2744.300049,1214,2706.6428571428573,2659.7266601333336
2025-01-21,2746.0,2755.0,2724.800049,2755.0,1439,2716.8142787142856,2664.0066568666666
2025-01-22,2754.5,2768.800049,2753.5,2767.600098,2079,2725.257149857143,2668.306656866667
2025-01-23,2760.0,2765.0,2745.399902,2763.100098,2201,2738.0571638571428,2671.579996733333
2025-01-24,2759.800049,2792.0,2759.800049,2777.300049,1593,2752.3143137142856,2674.236661766666
2025-01-27,2761.100098,2762.199951,2737.5,2737.5,984,2755.885742285714,2674.3599934666663
2025-01-28,2738.0,2766.800049,2738.0,2766.800049,2307,2758.800049,2677.0033284333335
2025-01-29,2769.100098,2769.100098,2769.100098,2769.100098,125692,2762.342913142857,2680.7733317
2025-01-30,2772.5,2829.5,2770.0,2823.0,40141,2772.057198857143,2686.4933349666667
2025-01-31,2829.0,2838.0,2804.0,2812.5,3443,2778.471470571428,2692.096671566667
2025-02-03,2818.199951,2848.399902,2780.899902,2833.899902,2649,2788.585728285714,2698.6766683000005
2025-02-04,2827.600098,2853.300049,2816.100098,2853.300049,2187,2799.442871142857,2707.3800049
2025-02-05,2850.0,2880.5,2848.0,2871.600098,4519,2818.6000280000003,2715.4766764666665
2025-02-06,2865.199951,2871.699951,2836.300049,2856.0,3116,2831.342878142857,2723.6000081666666
2025-02-07,2859.899902,2889.5,2857.800049,2867.300049,1822,2845.371442571429,2731.8433431333333
2025-02-10,2864.199951,2916.100098,2863.800049,2914.300049,2237,2858.414306714286,2741.0266764666667
2025-02-11,2925.5,2945.399902,2890.0,2912.5,2554,2872.700021,2750.8700114333333
2025-02-12,2902.0,2912.300049,2868.600098,2909.0,2504,2883.428606428571,2760.966674833333
2025-02-13,2911.300049,2937.699951,2910.600098,2925.899902,4670,2893.800014,2770.8566732000004
2025-02-14,2937.300049,2944.399902,2874.800049,2883.600098,1992,2895.5142997142857,2778.346679733333
2025-02-18,2879.199951,2936.399902,2873.800049,2931.600098,4010,2906.3143137142856,2787.9000163333335
2025-02-19,2938.699951,2946.0,2917.100098,2919.399902,2630,2913.7571498571424,2797.266683
2025-02-20,2949.100098,2955.800049,2924.199951,2940.0,656,2917.4285714285716,2806.7100179666663
2025-02-21,2938.800049,2940.0,2917.300049,2937.600098,570,2921.014299714286,2815.8133545666665
2025-02-24,2933.100098,2957.899902,2933.100098,2947.899902,415,2926.5714285714284,2824.6166829999997
2025-02-25,2938.699951,2943.199951,2890.0,2904.5,1854,2923.5142997142857,2831.150016333333
2025-02-26,2913.5,2917.0,2913.0,2916.800049,2050,2928.257149857143,2839.260017966667
2025-02-27,2918.5,2922.800049,2870.399902,2883.199951,3215,2921.3428431428574,2846.1166829999997
2025-02-28,2877.100098,2877.100098,2834.100098,2836.800049,990,2909.5428641428575,2850.260017966667
2025-03-03,2872.699951,2891.800049,2863.399902,2890.199951,423,2902.4285714285716,2855.053352933333
2025-03-04,2886.100098,2927.899902,2886.100098,2909.600098,885,2898.4285714285716,2860.5633545666665
2025-03-05,2916.699951,2922.0,2893.0,2915.300049,551,2893.7714495714285,2865.906689533333
2025-03-06,2904.0,2918.600098,2903.800049,2916.600098,870,2895.500035,2870.8733561999998
2025-03-07,2900.899902,2927.300049,2900.5,2904.699951,531,2893.7714495714285,2875.5933513
2025-03-10,2910.100098,2915.100098,2880.199951,2891.0,55,2894.8857422857145,2879.383349666667
2025-03-11,2884.399902,2916.699951,2880.399902,2912.899902,197,2905.7571498571424,2885.230013066667
2025-03-12,2912.0,2939.100098,2910.0,2939.100098,213,2912.742885142857,2890.973348033333
2025-03-13,2937.100098,2988.0,2935.199951,2984.300049,2366,2923.414306714286,2898.1466797333333
2025-03-14,2994.399902,3004.800049,2986.0,2994.5,1800,2934.7285854285715,2903.8633464
2025-03-17,2991.0,3001.5,2989.0,3000.0,214,2946.6428571428573,2910.1133464
2025-03-18,3006.399902,3039.199951,3004.399902,3035.100098,428,2965.2714495714285,2916.8200196000003
2025-03-19,3035.199951,3050.899902,3030.899902,3035.899902,175,2985.971435571428,2922.9066813666664
2025-03-20,3047.300049,3047.300049,3034.399902,3040.0,185,3004.1285924285717,2928.5200114333334
2025-03-21,3034.5,3037.5,3000.899902,3018.199951,151,3015.4285714285716,2933.926676466667
2025-03-24,3024.300049,3024.300049,3006.0,3013.100098,137,3019.5428641428575,2938.7866781
2025-03-25,3026.399902,3028.800049,3023.699951,3023.699951,74,3023.714285714286,2942.4333415
2025-03-26,3033.199951,3033.199951,3019.5,3020.899902,83,3026.699986,2946.046671566667
2025-03-27,3025.5,3065.0,3025.5,3060.199951,124359,3030.2856792857137,2951.0866699333337
2025-03-28,3069.699951,3094.899902,3066.800049,3086.5,31206,3037.5142647142857,2956.4400065333334
2025-03-31,3091.0,3132.5,3086.0,3122.800049,3438,3049.3428431428574,2964.4133382333334
2025-04-01,3129.699951,3149.5,3104.0,3118.899902,1721,3063.7285504285715,2970.6566650333334
2025-04-02,3120.699951,3168.600098,3117.399902,3139.899902,5946,3081.8428081428574,2978.0066650333333
2025-04-03,3150.0,3166.899902,3052.0,3097.0,5516,3092.314243714286,2983.239998366667
2025-04-04,3110.5,3127.699951,3011.0,3012.0,3247,3091.0428291428575,2985.7199951
2025-04-07,3016.399902,3050.800049,2949.699951,2951.300049,4424,3075.485700285714,2985.8333333333335
2025-04-08,2994.0,3014.5,2968.399902,2968.399902,3213,3058.6142577142855,2987.963330066667
2025-04-09,2965.800049,3090.399902,2965.800049,3056.5,2175,3049.1428221428573,2992.6199951
2025-04-10,3073.899902,3167.0,3072.100098,3155.199951,3456,3054.3285434285713,3001.686661766667
2025-04-11,3182.100098,3235.0,3182.100098,3222.199951,862,3066.085693285714,3014.5333251666666
2025-04-14,3215.5,3228.800049,3194.5,3204.800049,263,3081.485700285714,3025.0199951000004
2025-04-15,3216.0,3218.699951,3214.0,3218.699951,390,3111.0142647142857,3035.323323533333
2025-04-16,3238.300049,3334.899902,3238.300049,3326.600098,1874,3164.6285574285716,3049.0333251666666
2025-04-17,3345.0,3345.0,3287.800049,3308.699951,824,3213.242850142857,3062.1033202666667
2025-04-21,3342.199951,3418.5,3342.199951,3406.199951,78,3263.199986,3078.8199869333334
2025-04-22,3422.199951,3485.600098,3361.699951,3400.800049,785,3298.285714285714,3095.8133219
2025-04-23,3321.199951,3370.300049,3256.199951,3276.300049,331,3306.0142997142857,3107.9266601333334
2025-04-24,3305.399902,3353.899902,3304.899902,3332.0,560,3324.1857212857144,3121.0233235333335
2025-04-25,3355.5,3355.5,3266.100098,3282.399902,162,3333.285714285714,3130.9599853000004
2025-04-28,3284.5,3332.5,3284.5,3332.5,1300,3334.1285574285716,3142.226651966667
2025-04-29,3340.0,3340.0,3299.899902,3318.800049,1278,3335.5714285714284,3152.8533202666667
2025-04-30,3318.699951,3318.699951,3268.0,3305.0,207,3321.1142927142855,3161.8499836666665
2025-05-01,3272.899902,3275.0,3198.600098,3210.0,2131,3293.8571428571427,3167.653320266667
2025-05-02,3239.899902,3257.0,3225.0,3231.899902,1349,3287.5142647142857,3174.049983666667
2025-05-05,3242.699951,3315.699951,3239.699951,3311.300049,244,3284.557128857143,3183.8199869333334
2025-05-06,3365.5,3430.899902,3356.800049,3411.399902,2357,3302.985700285714,3197.0966470666667
2025-05-07,3418.699951,3418.699951,3364.699951,3381.399902,1080,3309.971400571428,3209.0199787666666
2025-05-08,3390.0,3390.0,3288.699951,3296.600098,200,3306.799979,3218.2099852999995
2025-05-09,3299.0,3335.5,3299.0,3335.399902,216,3311.1428221428573,3227.383317
2025-05-12,3300.699951,3300.699951,3205.0,3220.0,886,3312.571393571429,3231.8333169999996
2025-05-13,3232.0,3251.399902,3223.5,3240.300049,2424,3313.7714145714285,3235.7499836666666
2025-05-14,3233.0,3233.0,3171.699951,3181.399902,3518,3295.2142507142858,3237.8333169999996
2025-05-15,3151.0,3228.100098,3125.0,3220.699951,652,3267.971400571428,3240.526651966667
2025-05-16,3227.699951,3228.100098,3173.899902,3182.0,199,3239.4857002857143,3243.3599853
2025-05-19,3234.399902,3241.0,3228.300049,3228.899902,266,3229.814243714286,3250.589982033334
2025-05-20,3219.0,3293.199951,3207.5,3280.300049,356,3221.9428361428572,3261.5566487000006
2025-05-21,3293.399902,3317.5,3290.199951,3309.300049,979,3234.699986,3272.9199869333333
2025-05-22,3327.300049,3328.0,3282.699951,3292.300049,1210,3242.1285574285716,3280.779988566667
2025-05-23,3328.0,3363.600098,3323.5,3363.600098,47,3268.1571568571426,3287.726660133333
2025-05-27,3332.5,3341.0,3296.300049,3299.100098,189,3279.3571778571427,3290.2899983666666
2025-05-28,3293.600098,3293.600098,3293.600098,3293.600098,127758,3295.300049,3293.25
2025-05-29,3283.699951,3328.800049,3242.399902,3317.100098,24370,3307.900077,3296.5300048999998
2025-05-30,3315.100098,3318.0,3270.899902,3288.899902,2213,3309.1286274285712,3295.2733317
2025-06-02,3296.899902,3380.800049,3296.899902,3370.600098,976,3317.8857772857145,3297.3366699333333
2025-06-03,3385.100098,3390.0,3331.300049,3350.199951,6410,3326.1571918571426,3295.4700032666665
2025-06-04,3355.0,3380.0,3344.0,3373.5,207,3327.5714635714285,3294.5600016333333
2025-06-05,3371.5,3400.0,3343.699951,3350.699951,731,3334.942871142857,3297.0399983666666
2025-06-06,3364.300049,3364.300049,3306.0,3322.699951,81,3339.0999930000003,3296.7299967333333
2025-06-09,3315.600098,3334.600098,3290.0,3332.100098,1887,3341.242850142857,3298.386669933333
2025-06-10,3302.0,3344.300049,3302.0,3320.899902,65,3345.814278714286,3298.0
2025-06-11,3328.0,3356.0,3321.300049,3321.300049,2106,3338.771414571428,3298.0833333333335
2025-06-12,3363.0,3395.899902,3353.399902,3380.899902,1818,3343.157121857143,3300.613330066667
2025-06-13,3407.300049,3444.0,3407.300049,3431.199951,499,3351.399972,3307.986661766666
2025-06-16,3442.0,3442.0,3385.399902,3396.399902,480,3357.9285364285715,3313.4699951
2025-06-17,3398.300049,3398.300049,3376.100098,3386.600098,1477,3367.0571288571423,3315.979996733333
2025-06-18,3385.300049,3391.899902,3365.100098,3389.800049,0,3375.299979,3315.2600016333336
2025-06-20,3350.0,3372.899902,3341.0,3368.100098,709,3382.0428641428566,3314.8166748333333
2025-06-23,3365.899902,3387.899902,3350.0,3377.699951,30,3390.0999930000003,3317.520003266667
2025-06-24,3358.0,3358.0,3301.0,3317.399902,538,3381.028564428572,3316.9200032666663
2025-06-25,3321.600098,3331.199951,3310.600098,3327.100098,373,3366.1571568571426,3320.4900065333336
2025-06-26,3332.399902,3333.5,3332.399902,3333.5,2058,3357.1714565714287,3323.596671566667
2025-06-27,3318.699951,3318.699951,3253.800049,3273.699951,284,3341.0428641428575,3326.673339866667
2025-06-30,3265.899902,3306.899902,3262.0,3294.399902,1242,3327.414271714286,3329.1300048999997
2025-07-01,3310.100098,3354.100098,3310.100098,3336.699951,371,3322.9285364285715,3334.286669933333
2025-07-02,3329.0,3357.5,3329.0,3348.0,39,3318.685686285714,3338.2566731999996
2025-07-03,3362.0,3362.0,3322.300049,3331.600098,0,3320.714285714286,3339.966674833333
2025-07-04,3342.0,3342.0,3332.5,3332.5,0,3321.485700285714,3340.740006533333
2025-07-07,3305.5,3333.300049,3299.199951,3332.199951,254,3321.299979,3342.0700032666664
2025-07-08,3330.399902,3334.5,3287.600098,3307.0,909,3326.057128857143,3340.1833333333334
2025-07-09,3289.399902,3314.0,3282.0,3311.600098,114,3328.5142997142857,3340.6
2025-07-10,3323.600098,3330.5,3311.600098,3317.399902,209,3325.757149857143,3341.3933267999996
2025-07-11,3330.5,3370.0,3330.5,3356.0,776,3326.900007,3342.6899902
2025-07-14,3367.0,3375.5,3350.0,3351.5,583,3329.7428501428576,3344.7766601333333
2025-07-15,3341.0,3341.0,3329.800049,3329.800049,210,3329.3571428571427,3343.4166585
2025-07-16,3341.199951,3352.899902,3329.5,3352.5,10,3332.2571498571424,3343.4933268
2025-07-17,3313.800049,3340.800049,3313.800049,3340.100098,667,3336.9857352857143,3342.3799967333334
2025-07-18,3338.199951,3353.0,3338.199951,3353.0,602,3342.900007,3342.4566650333336
2025-07-21,3350.300049,3411.699951,3350.300049,3401.899902,53,3354.971435571428,3345.0966633999997
2025-07-22,3411.0,3441.0,3395.600098,3439.199951,39,3366.8571428571427,3348.6666585
2025-07-23,3430.300049,3433.899902,3388.100098,3394.100098,63,3372.942871142857,3351.1066650333332
2025-07-24,3367.0,3371.0,3367.0,3371.0,1175,3378.8285784285713,3352.7633300666666
2025-07-25,3344.0,3345.0,3326.5,3334.0,67,3376.185721285714,3351.2
2025-07-28,3326.600098,3326.800049,3309.100098,3309.100098,533,3371.7571498571424,3347.1300049
2025-07-29,3323.399902,3323.399902,3323.399902,3323.399902,113144,3367.5285644285714,3344.6966715666667
2025-07-30,3325.800049,3331.800049,3263.899902,3295.800049,19252,3352.3714425714284,3341.670003266667
2025-07-31,3272.899902,3312.0,3272.899902,3293.199951,3704,3331.5142997142857,3338.45
2025-08-01,3286.199951,3360.600098,3281.0,3347.699951,3420,3324.8857072857145,3337.7699951
2025-08-04,3367.600098,3386.5,3347.399902,3374.399902,351,3325.3714075714283,3337.6599934666665
2025-08-05,3378.5,3387.199951,3351.199951,3381.899902,915,3332.2142507142858,3339.809993466667
2025-08-06,3380.699951,3383.300049,3361.300049,3380.0,1492,3342.3428081428574,3341.573323533333
2025-08-07,3384.899902,3422.899902,3384.899902,3400.300049,5464,3353.3285434285717,3343.799991833333
2025-08-08,3438.800049,3477.0,3402.5,3439.100098,7657,3373.799979,3349.3133300666664
2025-08-11,3383.899902,3383.899902,3349.199951,3353.100098,1488,3382.3571428571427,3351.270003266667
2025-08-12,3356.199951,3356.199951,3330.100098,3348.899902,1611,3382.5285644285714,3351.6766683
2025-08-13,3358.800049,3363.399902,3358.699951,3358.699951,1011,3380.285714285714,3352.0333333333333
2025-08-14,3346.800049,3356.0,3328.899902,3335.199951,592,3373.614292714286,3352.1533284333336
2025-08-15,3346.800049,3346.800049,3335.899902,3336.0,1185,3367.3285784285717,3352.2699951000004
2025-08-18,3333.5,3347.800049,3331.699951,3331.699951,646,3357.5285644285714,3352.2533284333335
2025-08-19,3330.199951,3343.5,3313.399902,3313.399902,1655,3339.571393571429,3352.4666585000004
2025-08-20,3310.600098,3343.5,3310.100098,3343.399902,1213,3338.1856512857144,3353.5266519666666
2025-08-21,3349.399902,3349.399902,3326.5,3336.899902,142,3336.4713655714286,3354.1766519666667
2025-08-22,3349.399902,3377.699951,3349.399902,3374.399902,1240,3338.7142157142857,3354.7899820333337
2025-08-25,3366.0,3378.0,3366.0,3373.800049,1044,3344.2285154285714,3355.5333170000004
2025-08-26,3378.899902,3396.5,3371.100098,3388.600098,905,3351.742815142857,3357.4933186333337
2025-08-27,3397.0,3404.600098,3382.0,3404.600098,3222,3362.157121857143,3359.2299885666666
2025-08-28,3409.0,3434.600098,3400.0,3431.800049,1035,3379.0714285714284,3362.2866536
2025-08-29,3432.5,3475.600098,3426.600098,3473.699951,0,3397.6857212857144,3366.3099853
2025-09-02,3485.699951,3559.199951,3485.699951,3549.399902,658,3428.0428641428575,3371.226651966667
2025-09-03,3554.800049,3593.699951,3553.199951,3593.199951,72,3459.300014,3376.3599853
2025-09-04,3549.899902,3573.600098,3549.899902,3565.800049,237,3486.7285854285715,3382.0833169999996
2025-09-05,3567.800049,3613.199951,3567.800049,3613.199951,925,3518.8142787142856,3390.1566487
2025-09-08,3594.5,3641.0,3590.0,3638.100098,97,3552.1714215714287,3400.293318633333
2025-09-09,3647.100098,3670.399902,3627.800049,3643.300049,535,3582.385707285714,3411.433317
2025-09-10,3625.0,3655.399902,3620.800049,3643.600098,136,3606.6571568571426,3422.1066568666665
2025-09-11,3632.899902,3636.899902,3618.399902,3636.899902,307,3619.1571568571426,3433.4766519666664
2025-09-12,3655.5,3656.800049,3643.0,3649.399902,1300,3627.1857212857144,3445.3499836666665
2025-09-15,3640.0,3686.399902,3635.100098,3682.199951,210,3643.8142787142856,3456.499983666667
2025-09-16,3681.399902,3698.600098,3681.399902,3688.899902,373,3654.6285574285716,3466.983317
2025-09-17,3669.0,3685.199951,3661.600098,3681.800049,183,3660.8714075714292,3476.9799885666666
2025-09-18,3654.600098,3667.399902,3637.0,3643.699951,80,3660.9285364285715,3485.7699869333333
2025-09-19,3659.0,3685.899902,3658.199951,3671.5,211,3664.914236714286,3494.8099853000003
2025-09-22,3688.199951,3748.199951,3688.0,3740.699951,410,3679.742815142857,3504.863313733333
2025-09-23,3747.0,3786.0,3740.0,3780.600098,627,3698.4857002857143,3519.113313733333
2025-09-24,3769.800049,3772.5,3732.100098,3732.100098,588,3705.614292714286,3531.8866536
2025-09-25,3742.800049,3756.0,3724.699951,3736.899902,1899,3712.4714355714286,3544.4933186333337
2025-09-26,3775.300049,3775.300049,3775.300049,3775.300049,19308,3725.8285784285713,3559.1633219
2025-09-29,3754.800049,3827.600098,3754.800049,3820.899902,8860,3751.1428571428573,3575.3266519666668
2025-09-30,3827.5,3865.5,3793.399902,3840.800049,1611,3775.3285784285717,3592.2966552333332
2025-10-01,3863.5,3891.899902,3853.300049,3867.5,1778,3793.4428711428577,3610.7666584999997
2025-10-02,3856.199951,3888.600098,3823.699951,3839.699951,3418,3801.885707285714,3627.309993466667
2025-10-03,3855.199951,3886.800049,3853.699951,3880.800049,392,3823.1285574285716,3645.4399983666667
2025-10-06,3931.300049,3960.0,3926.800049,3948.5,1267,3853.3571428571427,3664.5766682999997
2025-10-07,3959.399902,3981.5,3940.0,3976.600098,2903,3882.114292714286,3684.6700032666663
2025-10-08,3987.199951,4049.199951,3987.199951,4043.300049,2179,3913.885742285714,3706.4933349666667
2025-10-09,4011.199951,4046.199951,3940.0,3946.300049,3130,3928.9571708571425,3724.55
2025-10-10,3957.0,4012.0,3945.5,3975.899902,1697,3944.442871142857,3742.6866617666665
2025-10-13,4016.0,4111.0,4016.0,4108.600098,1697,3982.8571778571427,3763.85
2025-10-14,4131.700195,4160.100098,4085.800049,4138.700195,2424,4019.7000558571426,3783.4933431000004
2025-10-15,4145.0,4210.600098,4145.0,4176.899902,3287,4052.3286132857143,3802.950008133333
2025-10-16,4198.799805,4307.0,4196.600098,4280.200195,4705,4095.7000557142856,3826.763346333333
2025-10-17,4354.700195,4358.0,4182.200195,4189.899902,4060,4116.642891857143,3845.986678033333
2025-10-20,4244.100098,4356.600098,4214.600098,4336.399902,1750,4172.371442285715,3869.263338166667
2025-10-21,4332.700195,4332.700195,4087.699951,4087.699951,2943,4188.342877857142,3884.0766682333337
2025-10-22,4109.700195,4148.5,4006.0,4044.399902,1237,4179.171421285714,3897.4366616999996
2025-10-23,4078.399902,4136.799805,4070.699951,4125.5,354,4177.285679142858,3913.7233316333336
2025-10-24,4117.5,4120.600098,4074.899902,4118.399902,123,4168.9285362857145,3929.356664966667
2025-10-27,4060.0,4078.600098,3971.300049,4001.899902,220,4129.171351571429,3940.01333
2025-10-28,3929.699951,3966.199951,3923.600098,3966.199951,219,4097.214215714286,3949.256664966667
2025-10-29,3983.699951,3983.699951,3983.699951,3983.699951,1344,4046.8285084285712,3959.3199950333333
2025-10-30,3960.0,4027.199951,3913.699951,4001.300049,935,4034.4856652857147,3971.2399983
2025-10-31,4034.5,4034.5,3976.600098,3982.199951,559,4025.599958,3981.596663333333
2025-11-03,3976.199951,4020.0,3959.0,4000.300049,0,4007.7142507142858,3990.2499999333336
2025-11-04,3994.199951,3995.399902,3927.399902,3947.699951,657,3983.3285434285713,3995.8199950333333
2025-11-05,3929.899902,3983.5,3929.899902,3980.300049,559,3980.242850142857,4004.0933267333335
2025-11-06,4004.0,4007.5,3979.899902,3979.899902,650,3982.199986,4012.193326733333
2025-11-07,3980.800049,3999.399902,3980.800049,3999.399902,245,3984.4428361428572,4019.663321833333
2025-11-10,4060.0,4111.799805,4060.0,4111.799805,189,4000.228515571428,4029.3599852666666
2025-11-11,4140.100098,4140.100098,4106.799805,4106.799805,569,4018.028494714286,4038.2266438
2025-11-12,4115.600098,4204.399902,4102.899902,4204.399902,396,4047.185616571428,4049.456640533333
2025-11-13,4228.700195,4228.700195,4163.700195,4186.899902,167,4081.357038142857,4061.0299722333334
2025-11-14,4197.700195,4197.899902,4047.0,4087.600098,483,4096.685616571428,4067.9233071999997
2025-11-17,4070.0,4099.5,4019.399902,4068.300049,1552,4109.314208999999,4071.9166421666664
2025-11-18,4037.399902,4063.399902,4035.600098,4061.300049,1375,4118.157087142858,4074.739973866667
2025-11-19,4086.100098,4122.700195,4072.0,4077.699951,486,4113.285679428572,4075.8866372666666
2025-11-20,4045.0,4090.399902,4040.199951,4056.5,202,4106.099993,4079.5599689666665
2025-11-21,4031.800049,4085.199951,4031.800049,4076.699951,171,4087.8571428571427,4082.9199706
2025-11-24,4060.5,4091.899902,4060.5,4091.899902,591,4074.285714285714,4082.3632974
2025-11-25,4139.200195,4139.200195,4139.200195,4139.200195,132704,4081.6571567142855,4082.3799640666666
2025-11-26,4128.600098,4171.0,4127.5,4165.200195,25088,4095.500034714286,4081.9899738333334
2025-11-28,4163.399902,4223.899902,4140.0,4218.299805,3615,4117.9285712857145,4079.9266275
2025-12-01,4218.5,4262.100098,4214.899902,4239.299805,913,4141.014264714286,4081.5732909333333
2025-12-02,4230.5,4230.5,4167.0,4186.600098,366,4159.599993000001,4076.5799641333333
2025-12-03,4215.700195,4234.100098,4195.700195,4199.299805,1897,4177.114257857143,4080.2999592666665
2025-12-04,4211.0,4211.799805,4175.0,4211.799805,616,4194.242815428572,4085.8799560333337
2025-12-05,4204.100098,4255.700195,4194.5,4212.899902,533,4204.771345,4088.7932861000004
2025-12-08,4205.5,4215.799805,4175.5,4187.200195,318,4207.914202142857,4091.0866292
2025-12-09,4190.700195,4219.700195,4177.700195,4206.700195,660,4206.257114999999,4097.913305633333
2025-12-10,4209.0,4234.5,4183.600098,4196.399902,692,4200.128557428571,4105.586637333333
2025-12-11,4224.0,4286.899902,4214.299805,4285.5,528,4214.257114857143,4115.646638966667
2025-12-12,4276.399902,4355.0,4260.0,4300.100098,1531,4228.6571567142855,4125.6066406
2025-12-15,4308.299805,4349.200195,4292.899902,4306.700195,854,4242.214355285714,4136.4233154
2025-12-16,4270.5,4321.399902,4270.5,4304.5,1796,4255.300083571428,4146.563313766666
2025-12-17,4308.5,4351.399902,4308.5,4347.5,2169,4278.2000557142865,4159.889982066667
2025-12-18,4331.0,4348.100098,4328.200195,4339.5,705,4297.171456428571,4171.863313766667
2025-12-19,4350.100098,4361.399902,4350.100098,4361.399902,1065,4320.742885000001,4184.579980433334
2025-12-22,4371.100098,4447.600098,4371.100098,4444.600098,449,4343.471470428572,4199.419986966666
2025-12-23,4503.299805,4503.799805,4450.399902,4482.799805,694,4369.571428571428,4211.786653633333
2025-12-24,4500.700195,4503.399902,4468.399902,4480.600098,500,4394.414271857143,4224.246663399999
2025-12-26,4512.0,4556.299805,4502.0,4529.100098,263,4426.500000142857,4235.070003266667
2025-12-29,4371.5,4379.0,4325.100098,4325.100098,2044,4423.300014142857,4239.676676466666
2025-12-30,4346.399902,4403.600098,4338.0,4370.100098,1837,4427.671456714285,4249.093343133333
2025-12-31,4333.5,4363.799805,4285.0,4325.600098,785,4422.557199,4257.6700114333335
2026-01-02,4350.600098,4350.600098,4314.399902,4314.399902,589,4403.957171,4266.1066732
2026-01-05,4386.700195,4443.5,4384.799805,4436.899902,618,4397.400042,4278.0800049
2026-01-06,4449.700195,4482.200195,4449.0,4482.200195,459,4397.628627285714,4292.2700114
2026-01-07,4450.0,4450.0,4449.299805,4449.299805,972,4386.228585428571,4304.690006533334
2026-01-08,4460.200195,4461.299805,4418.0,4449.700195,2423,4404.028599285714,4316.616682966666
2026-01-09,4473.0,4490.299805,4473.0,4490.299805,237,4421.1999860000005,4328.3200033
2026-01-12,4579.100098,4620.0,4577.799805,4604.299805,156,4461.014229857143,4342.956656966667
2026-01-13,4578.600098,4617.100098,4578.600098,4589.200195,239,4500.271414571429,4355.3200033
2026-01-14,4610.299805,4635.0,4608.200195,4626.299805,1313,4527.328543571429,4368.2200033
2026-01-15,4612.899902,4616.299805,4612.899902,4616.299805,4358,4546.485630714285,4382.543326866667
2026-01-16,4608.0,4608.0,4588.399902,4588.399902,352,4566.357073142857,4395.5133301000005
2026-01-20,4662.200195,4764.0,4661.799805,4759.600098,175,4610.628487857143,4413.773339866666
2026-01-21,4863.5,4872.299805,4771.5,4831.799805,1706,4659.414202142857,4434.403336633333
2026-01-22,4791.899902,4908.799805,4791.899902,4908.799805,1175,4702.914202142857,4458.456656966667
2026-01-23,4949.600098,4976.200195,4936.0,4976.200195,169,4758.199916428572,4484.106656966667
2026-01-26,5081.5,5095.600098,5052.200195,5079.700195,180,4822.971400714286,4513.550000066666
2026-01-27,5079.899902,5079.899902,5079.899902,5079.899902,34,4889.199986,4540.0299968
2026-01-28,5301.600098,5301.600098,5301.600098,5301.600098,112054,4991.085728285715,4573.413330133333
2026-01-29,5415.700195,5586.200195,5097.5,5318.399902,23709,5070.914271714285,4607.136653699999
2026-01-30,5376.399902,5440.5,4700.0,4713.899902,8374,5054.071428428571,4620.783317099999
2026-02-02,4807.700195,4855.799805,4400.0,4622.5,3588,5013.171456285715,4629.949983766666
2026-02-03,4680.0,4984.600098,4674.299805,4903.700195,1213,5002.814313428571,4648.756656933333
2026-02-04,4923.299805,5082.200195,4897.899902,4920.399902,3886,4980.057128714287,4667.389990266666
2026-02-05,5008.700195,5012.299805,4786.0,4861.399902,793,4948.842843,4681.283317066666
2026-02-06,4762.0,4958.5,4655.0,4951.200195,1386,4898.785714,4696.8966634
2026-02-09,5017.399902,5065.700195,4979.100098,5050.899902,170,4860.571428285714,4715.906656866667
2026-02-10,5013.5,5029.0,5002.700195,5003.799805,281,4901.985700142856,4731.729980433333
2026-02-11,5049.899902,5111.299805,5041.299805,5071.600098,2681,4966.142857,4756.613313766667
2026-02-12,5060.399902,5078.100098,4892.0,4923.700195,484,4968.999999857143,4775.066650333333
2026-02-13,4953.0,5043.899902,4946.200195,5022.0,232,4983.514299571429,4798.2799804
2026-02-17,5020.0,5020.0,4847.799805,4882.899902,540,4986.585728142857,4817.2299804
2026-02-18,4872.200195,4987.0,4869.5,4986.5,544,4991.628557428571,4835.549983666668
2026-02-19,5014.700195,5014.700195,4975.899902,4975.899902,37,4980.914271714285,4852.006640566667
2026-02-20,5039.5,5072.700195,5039.5,5059.299805,134,4988.8428431428565,4872.339973900001
2026-02-23,5120.299805,5211.600098,5120.299805,5204.700195,779,5007.857142714286,4897.506640566667
2026-02-24,5158.799805,5159.0,5112.700195,5155.799805,88,5041.014229857143,4919.689973900001
2026-02-25,5166.0,5206.399902,5166.0,5206.399902,1772,5067.357073,4939.759977133333
2026-02-26,5177.200195,5199.200195,5143.899902,5176.5,1520,5109.2999441428565,4959.336637300001
2026-02-27,5186.700195,5280.0,5176.700195,5230.5,354,5144.157087,4979.4766438
2026-03-02,5346.600098,5405.0,5266.299805,5294.399902,354,5189.6570870000005,5002.079980366668
2026-03-03,5335.700195,5394.200195,5334.899902,5377.299805,21189,5235.085658428571,5028.3766438
